,Марка,YearMonth,Страховая сумма,Количество дней от события до урегулирования,Оценка убытка
0,Жигули,202404,374512.2391397534,43.0,98674
1,Лада Самара,202501,624627.1102577953,13.0,160331
2,Киа,202403,2152280.355384106,17.0,129704
3,Лада Самара,202302,607198.381329094,43.0,145104
4,Лада Самара,202402,623613.5104991611,120.0,147797
5,Жигули,202311,323436.9272841292,14.0,102445
6,Мерседес-Бенц,202406,7746583.457412392,11.0,177918
7,Лада Самара,202406,431008.5342822783,5.0,135721
8,Жигули,202303,470966.0862935977,91.0,127854
9,Мерседес-Бенц,202303,7505879.87035754,8.0,231697
10,Киа,202409,1538261.9698115578,105.0,160941
11,Жигули,202409,635287.3262216905,4.0,106379
12,Лада Самара,202411,560867.4133436187,21.0,135483
13,Лада Самара,202310,387900.58604023396,50.0,126673
14,Киа,202408,2672621.9105648897,25.0,123880
15,Лада Самара,202402,376296.49082437926,15.0,144333
16,Мерседес-Бенц,202309,7326622.624595996,52.0,221856
17,Lada,202303,773621.7796955596,54.0,134953
18,Жигули,202311,447081.8571287621,8.0,142978
19,Lada,202305,866165.9316234693,5.0,117646
20,Lada,202401,1077517.0373327776,14.0,149919
21,Киа,202307,1985021.5429684462,14.0,139977
22,Лада Самара,202304,507426.61354817176,49.0,143197
23,Lada,202301,859466.1116013516,7.0,147561
24,Лада Самара,202309,449087.49780463876,22.0,124161
25,Lada,202412,660513.2292565122,23.0,127684
26,Киа,202310,1952156.4202968276,32.0,157979
27,Lada,202310,1125281.536876538,4.0,120116
28,Жигули,202303,337458.69818607025,25.0,130008
29,Lada,202309,868289.7010389981,50.0,138291
30,Мерседес-Бенц,202408,5480669.906507168,37.0,215341
31,Киа,202401,2226653.206313933,21.0,140735
32,Лада Самара,202307,299371.51279101876,4.0,121407
33,Лада Самара,202407,379693.5313032114,20.0,117111
34,Lada,202410,842322.7503535884,18.0,139414
35,Киа,202308,1352466.6696400756,4.0,130769
36,Лада Самара,202312,690236.7938549346,26.0,131661
37,Мерседес-Бенц,202306,6453711.512794081,12.0,221933
38,Киа,202401,2498482.2835205584,15.0,182281
39,Жигули,202305,446853.7244965033,31.0,126972
40,Лада Самара,202412,455059.11263979843,2.0,131873
41,Mercedes,202304,9124189.888932206,4.0,196259
42,Lada,202501,723343.5332055903,40.0,130347
43,Мерседес-Бенц,202309,3797448.5553812953,14.0,196167
44,Lada,202306,767522.4212187834,2.0,136653
45,Mercedes,202412,7539473.485429323,-100.0,221380
46,Лада Самара,202401,280453.1635625624,37.0,166374
47,Киа,202406,2079596.1295945267,40.0,160494
48,Киа,202501,1748567.5913434015,19.0,162659
49,Киа,202406,2757330.361899608,20.0,159720
50,Киа,202404,2667469.7074104794,15.0,137030
51,Lada,202401,551112.6617821272,17.0,127572
52,Лада Самара,202401,240931.00241943146,42.0,128855
53,Lada,202311,844894.2884505517,3.0,149034
54,Киа,202412,2106051.5603298773,23.0,167780
55,Жигули,202305,333586.0906051456,9.0,124464
56,Киа,202407,1501463.9339186694,39.0,155688
57,Lada,202308,701347.3310461108,14.0,144419
58,Киа,202407,2503555.8667172072,14.0,130092
59,Киа,202407,1307684.2797935256,0.0,142528
60,Мерседес-Бенц,202409,7666305.604112165,8.0,176310
61,Жигули,202311,309236.198649844,7.0,117102
62,Лада Самара,202501,721528.706626414,29.0,149071
63,Мерседес-Бенц,202312,4398676.907023444,29.0,187995
64,Мерседес-Бенц,202303,6555426.426004307,10.0,233980
65,Lada,202311,1674547.6363989827,29.0,147823
66,Киа,202312,1827613.6493845375,49.0,153518
67,Lada,202412,832617.9629475371,28.0,136209
68,Жигули,202404,490692.2034957546,15.0,110497
69,Киа,202312,2600162.730549971,31.0,135971
70,Лада Самара,202307,553684.6204361552,10.0,122674
71,Мерседес-Бенц,202301,8098365.244966081,13.0,194707
72,Киа,202306,1413474.8406587834,71.0,158455
73,Киа,202402,2281168.0168258273,36.0,138978
74,Киа,202312,2952469.832925425,15.0,145581
75,Lada,202311,806294.4420007693,21.0,147128
76,Мерседес-Бенц,202410,6273035.943018114,9.0,178495
77,Жигули,202402,395053.15960673674,14.0,106377
78,Lada,202301,770319.0134330998,9.0,131773
79,Киа,202404,2001783.4086701055,2.0,147739
80,Lada,202405,672754.1952472196,15.0,135034
81,Мерседес-Бенц,202310,5742956.083857829,1.0,223541
82,Лада Самара,202405,596084.3566928103,35.0,124743
83,Киа,202411,2983538.05954531,7.0,132129
84,Лада Самара,202411,362801.486397511,15.0,110450
85,Киа,202408,1298561.1408147146,10.0,145396
86,Киа,202406,2129902.655944297,3.0,152837
87,Киа,202310,1322037.6621479704,79.0,159215
88,Lada,202301,757686.9483022512,14.0,132579
89,Жигули,202311,479164.80673190794,4.0,115122
90,Жигули,202404,325607.00094477105,14.0,123350
91,Жигули,202406,429604.9863070394,16.0,124328
92,Lada,202302,629328.6838758698,11.0,121739
93,Мерседес-Бенц,202302,7796764.955834195,63.0,222521
94,Киа,202407,1889437.6291862652,12.0,159743
95,Киа,202409,2720486.50920542,42.0,130801
96,Lada,202405,1158879.2507677523,36.0,130608
97,Жигули,202411,331877.70316586253,13.0,108522
98,Жигули,202405,260223.34859636752,3.0,116328
99,Жигули,202306,365208.95462140266,34.0,114566
100,Мерседес-Бенц,202402,4247432.428284623,13.0,208464
101,Лада Самара,202309,382114.2644615291,45.0,121190
102,Лада Самара,202309,423239.96480601747,-100.0,142001
103,Жигули,202303,359046.0449396198,6.0,151363
104,Жигули,202309,251519.24807783953,21.0,125158
105,Киа,202403,2723429.3506647665,1.0,165037
106,Киа,202407,2112513.7807988627,6.0,146091
107,Жигули,202401,492936.2634986616,59.0,111399
108,Lada,202407,1123342.9076082578,25.0,131494
109,Киа,202311,2638537.777118811,8.0,158365
110,Лада Самара,202307,704995.3587177264,,135958
111,Жигули,202307,326634.1726272711,65.0,118922
112,Киа,202404,1846412.1164622817,12.0,161654
113,Мерседес-Бенц,202501,7198017.098195227,14.0,203983
114,Lada,202305,677115.8041437963,5.0,113107
115,Киа,202409,2070153.3678695885,17.0,160273
116,Жигули,202312,421338.31507833,3.0,121436
117,Мерседес-Бенц,202302,7671735.764873159,2.0,224036
118,Киа,202301,2087380.1800098063,23.0,157530
119,Киа,202406,970142.9445556568,60.0,142994
120,Жигули,202406,477966.6589338128,1.0,120623
121,Киа,202410,2836114.6516335225,1.0,143510
122,Жигули,202401,330696.7447083488,14.0,123421
123,Лада Самара,202311,491249.2658865054,7.0,147925
124,Киа,202407,2945207.349648192,2.0,141221
125,Лада Самара,202407,556720.0445230422,8.0,129822
126,Киа,202406,2609432.935161857,14.0,119066
127,Киа,202311,2332848.373494017,-100.0,178331
128,Lada,202308,1473574.3517807764,17.0,136154
129,Мерседес-Бенц,202403,6046377.532645435,12.0,193056
130,Жигули,202411,204710.0992583923,16.0,132780
131,Киа,202305,1955638.483745366,43.0,173473
132,Мерседес-Бенц,202411,5767038.162526918,6.0,174408
133,Лада Самара,202306,474914.9173275864,19.0,127278
134,Lada,202310,756412.7460605212,9.0,137967
135,Lada,202309,882704.3222597414,0.0,113344
136,Mercedes,202301,7529235.16245081,16.0,215293
137,Жигули,202303,596519.907400842,7.0,106289
138,Мерседес-Бенц,202409,4162862.359712533,1.0,197740
139,Lada,202309,849430.7211286178,26.0,123386
140,Мерседес-Бенц,202408,4096640.495792425,4.0,257346
141,Жигули,202312,342066.7077882569,6.0,142276
142,Жигули,202405,301026.1631686454,27.0,109314
143,Mercedes,202501,6596719.617266509,5.0,187814
144,Жигули,202409,397249.9074463196,8.0,103989
145,Жигули,202402,317274.60399501433,26.0,116267
146,Лада Самара,202409,421832.1671300149,5.0,134652
147,Мерседес-Бенц,202412,4693875.546695803,60.0,182410
148,Мерседес-Бенц,202409,6967848.074387193,3.0,195684
149,Лада Самара,202501,451200.0960492363,6.0,129680
150,Лада Самара,202310,445984.9764933929,6.0,117557
151,Лада Самара,202501,251923.19023633702,3.0,150048
152,Киа,202309,3611842.97623841,1.0,150443
153,Lada,202408,610578.586069999,25.0,142017
154,Лада Самара,202403,326190.53989948187,4.0,167729
155,Жигули,202412,591787.5520883738,14.0,109269
156,Лада Самара,202405,362933.69344636385,20.0,147679
157,Mercedes,202310,9808115.870879699,-100.0,272262
158,Лада Самара,202307,475071.1043323713,21.0,157254
159,Киа,202308,1462430.4856645744,4.0,157550
160,Mercedes,202307,6810215.054202202,21.0,191894
161,Киа,202407,1667489.1366342201,12.0,155345
162,Жигули,202410,590207.2809467718,36.0,116422
163,Мерседес-Бенц,202406,5077054.90458526,62.0,213530
164,Киа,202409,1646693.845366292,37.0,168675
165,Мерседес-Бенц,202411,6346615.466840636,38.0,215505
166,Lada,202405,814665.3215994328,26.0,121601
167,Lada,202407,1074637.888111047,51.0,119708
168,Жигули,202303,470920.2125152382,9.0,111825
169,Киа,202308,1995264.602161548,17.0,149632
170,Мерседес-Бенц,202403,5891504.556663932,77.0,240300
171,Lada,202407,1091816.133924472,132.0,142508
172,Жигули,202408,534869.3529574829,0.0,112698
173,Жигули,202305,406083.4875493361,51.0,120762
174,Мерседес-Бенц,202307,6254256.687305051,,204541
175,Мерседес-Бенц,202412,6499174.761275704,49.0,227271
176,Киа,202301,2423887.4157481724,26.0,136975
177,Lada,202312,863877.7407392424,71.0,154325
178,Лада Самара,202309,845260.0623090471,23.0,146572
179,Лада Самара,202306,458526.5345523328,5.0,129042
180,Lada,202305,482590.27435750957,38.0,178805
181,Киа,202401,1763236.4342469221,17.0,167271
182,Лада Самара,202401,382928.37463646306,0.0,123353
183,Киа,202412,1469190.9086829629,34.0,163966
184,Лада Самара,202401,313657.44996961317,38.0,131377
185,Жигули,202402,395489.9762950218,11.0,112368
186,Мерседес-Бенц,202501,4194726.560088043,0.0,182863
187,Жигули,202411,322229.14870068926,1.0,116472
188,Киа,202311,1781850.048465223,48.0,128958
189,Мерседес-Бенц,202408,4735857.998139977,9.0,177344
190,Lada,202303,835969.908876134,28.0,141884
191,Киа,202312,1945824.5793637075,32.0,146381
192,Киа,202308,1648112.454258056,51.0,186062
193,Киа,202401,3142471.2378757005,60.0,164571
194,Жигули,202304,462313.3699576895,8.0,126174
195,Лада Самара,202304,382578.437556364,15.0,140890
196,Мерседес-Бенц,202301,6957431.452340411,31.0,204279
197,Киа,202407,3266986.279751242,41.0,164953
198,Мерседес-Бенц,202312,4270207.530746875,10.0,203108
199,Киа,202304,2047557.6576871397,9.0,155059
200,Лада Самара,202309,343972.47164138476,9.0,130269
201,Lada,202306,764622.738579967,31.0,153580
202,Мерседес-Бенц,202309,8469023.741076177,33.0,192751
203,Киа,202403,2093196.5505604493,22.0,123153
204,Lada,202303,1284144.0346226178,13.0,129232
205,Мерседес-Бенц,202501,5812915.679812411,12.0,239151
206,Жигули,202301,360952.957292467,112.0,134817
207,Мерседес-Бенц,202303,5044904.0378016075,21.0,232346
208,Lada,202408,873063.5735514484,29.0,138341
209,Мерседес-Бенц,202304,6919720.931725583,40.0,211461
210,Киа,202412,1290183.7738945128,47.0,143111
211,Жигули,202310,485408.8114682309,26.0,115852
212,Жигули,202303,209243.81616338599,11.0,120688
213,Lada,202302,766448.4708920617,30.0,136632
214,Лада Самара,202409,302337.22807683266,19.0,133046
215,Жигули,202409,325639.6534869378,36.0,126293
216,Жигули,202310,385291.5429742191,36.0,117614
217,Жигули,202306,475360.25822742516,29.0,127760
218,Жигули,202304,466965.440773464,19.0,139238
219,Киа,202410,1507420.1292115604,40.0,186270
220,Жигули,202301,385582.8735993363,3.0,110744
221,Жигули,202311,502762.6479116388,74.0,140050
222,Lada,202310,922600.2000173188,34.0,148062
223,Мерседес-Бенц,202306,6942572.3408791,-100.0,230069
224,Lada,202412,760957.7966298821,11.0,164697
225,Киа,202310,2036028.259628813,1.0,168833
226,Жигули,202303,181997.52872178474,48.0,108070
227,Жигули,202312,328546.4682829196,44.0,123840
228,Киа,202309,1877446.1959172832,11.0,138759
229,Лада Самара,202312,315805.65620319726,48.0,139328
230,Мерседес-Бенц,202412,3570848.3268679385,53.0,255591
231,Мерседес-Бенц,202402,7016275.075248407,20.0,222322
232,Лада Самара,202410,607657.0201194088,6.0,134843
233,Жигули,202406,372509.732331604,41.0,114102
234,Киа,202310,1873648.8099476148,0.0,136823
235,Лада Самара,202404,371038.1468589207,16.0,150485
236,Мерседес-Бенц,202412,9048551.412055794,5.0,187994
237,Киа,202307,2242688.332972535,5.0,173511
238,Жигули,202311,352399.33248948434,21.0,132452
239,Lada,202501,1435342.0642046696,38.0,122589
240,Жигули,202305,456178.0823556387,13.0,140832
241,Киа,202309,2841514.3413913227,2.0,128866
242,Mercedes,202305,5356338.210072314,28.0,194977
243,Лада Самара,202301,545862.10862363,20.0,144317
244,Мерседес-Бенц,202406,5115994.967454677,5.0,223060
245,Мерседес-Бенц,202304,5844004.163066484,36.0,201840
246,Жигули,202312,455613.3463273099,42.0,114176
247,Киа,202306,2636408.382780013,21.0,149021
248,Киа,202501,2566276.4834443177,13.0,155874
249,Лада Самара,202405,232271.59161408263,62.0,137345
250,Жигули,202404,291797.45167776354,16.0,113041
251,Mercedes,202303,5185131.802030499,1.0,192979
252,Lada,202407,1062421.459027633,50.0,132573
253,Жигули,202310,354939.41677182633,20.0,110333
254,Киа,202407,1515761.8617752458,5.0,154959
255,Жигули,202403,400108.4786208296,8.0,135292
256,Киа,202306,2718850.0377241564,5.0,140695
257,Lada,202311,587909.2289913631,14.0,147870
258,Киа,202309,1669526.0898209794,26.0,177858
259,Киа,202304,1749434.9522980992,57.0,142487
260,Лада Самара,202501,416426.2931666137,0.0,130303
261,Жигули,202310,415784.3908001128,47.0,123434
262,Lada,202312,955334.9994868902,6.0,119589
263,Киа,202312,1992040.4807316638,52.0,153007
264,Мерседес-Бенц,202402,5685637.250688039,14.0,196717
265,Лада Самара,202308,435948.6042642214,12.0,126979
266,Жигули,202303,506305.50172613235,2.0,115465
267,Лада Самара,202402,580995.2226166839,59.0,129984
268,Киа,202312,2710650.1377752107,0.0,161688
269,Мерседес-Бенц,202401,5208893.916310753,1.0,160546
270,Киа,202304,1497810.7648843955,32.0,138373
271,Lada,202307,1036438.743311987,23.0,135243
272,Lada,202311,787943.2063339647,30.0,125375
273,Lada,202311,1264227.0636907432,33.0,146886
274,Мерседес-Бенц,202302,3745583.8699697047,9.0,209423
275,Лада Самара,202308,393172.9253512773,10.0,131776
276,Жигули,202310,600471.3444143042,41.0,124562
277,Мерседес-Бенц,202304,6507537.719587762,20.0,205736
278,Жигули,202410,284912.62254934,0.0,102175
279,Лада Самара,202405,219730.00990831834,1.0,136666
280,Жигули,202501,394826.0297900854,7.0,106786
281,Mercedes,202301,7515774.631651019,7.0,228047
282,Lada,202406,1323087.6584405235,6.0,137441
283,Lada,202412,596517.2813725208,70.0,131151
284,Lada,202404,1062905.0342930001,1.0,123358
285,Жигули,202405,259081.13962180345,24.0,115268
286,Киа,202405,2384752.863037556,25.0,128899
287,Киа,202312,1526264.421546172,9.0,179071
288,Киа,202309,2370471.729966163,39.0,163902
289,Киа,202407,1294686.1990863227,34.0,154467
290,Лада Самара,202403,526958.4257580893,16.0,125713
291,Жигули,202411,439238.4542908844,3.0,117627
292,Lada,202304,990553.7912150004,9.0,128604
293,Киа,202408,1851698.9664389805,52.0,180168
294,Жигули,202306,360370.0936935742,1.0,96809
295,Жигули,202401,439450.43088655657,29.0,106261
296,Жигули,202412,436443.7377180579,42.0,104777
297,Лада Самара,202310,661630.5678875258,4.0,143200
298,Мерседес-Бенц,202312,6802634.800127117,-100.0,189798
299,Жигули,202406,563074.582773373,8.0,127232
300,Жигули,202407,530750.5841094635,7.0,120311
301,Мерседес-Бенц,202501,5432851.161214687,4.0,223032
302,Жигули,202402,262549.1362072236,47.0,134233
303,Киа,202409,1929762.4558935007,18.0,153852
304,Мерседес-Бенц,202302,3285895.5486744363,13.0,223707
305,Лада Самара,202305,371172.1081833698,76.0,122150
306,Lada,202402,881826.9730518626,6.0,107273
307,Жигули,202406,420495.8162769576,1.0,121817
308,Мерседес-Бенц,202410,5319275.856573121,15.0,204469
309,Лада Самара,202301,533734.5023646163,-100.0,125439
310,Lada,202411,1235901.8681139,15.0,132725
311,Lada,202401,1056711.411649914,5.0,111675
312,Lada,202501,1105094.3486267412,5.0,124659
313,Жигули,202404,374249.6387109334,7.0,138169
314,Мерседес-Бенц,202309,8320628.794690069,26.0,225822
315,Жигули,202302,443705.89523363626,69.0,135045
316,Лада Самара,202309,372330.765700972,12.0,129344
317,Жигули,202302,525154.8633756754,0.0,121312
318,Жигули,202311,255064.34498172533,47.0,142149
319,Лада Самара,202301,451551.62532543286,51.0,150689
320,Жигули,202308,166925.9449441971,16.0,130079
321,Киа,202304,2611545.502367128,16.0,118997
322,Лада Самара,202501,369509.65439380525,11.0,142534
323,Lada,202404,468634.7636695721,10.0,130566
324,Жигули,202403,296541.11162006547,12.0,109530
325,Жигули,202501,544386.8113052638,12.0,129654
326,Киа,202405,986421.9244612631,48.0,152892
327,Жигули,202302,222543.04269923607,8.0,125550
328,Жигули,202310,476256.34515644424,35.0,115567
329,Лада Самара,202306,346997.51234657655,19.0,117011
330,Киа,202309,1845070.9769869824,24.0,184659
331,Киа,202403,1716282.9015864253,58.0,136651
332,Киа,202302,1728915.6481967843,83.0,144830
333,Киа,202402,2076204.3494633785,1.0,158394
334,Lada,202407,1348095.26161486,1.0,150155
335,Лада Самара,202408,478248.782390893,105.0,140505
336,Киа,202410,2547058.75016629,115.0,169142
337,Жигули,202304,425577.928915161,18.0,128351
338,Лада Самара,202408,219462.48741836095,35.0,122915
339,Лада Самара,202405,377768.6668869735,51.0,121425
340,Лада Самара,202302,494535.0857996338,48.0,150829
341,Lada,202305,855639.5473289783,18.0,144561
342,Лада Самара,202302,294237.42310075747,20.0,177196
343,Жигули,202312,237999.31695948704,53.0,112926
344,Lada,202401,690171.4623663998,54.0,137346
345,Киа,202304,1884350.4000320619,41.0,154231
346,Лада Самара,202307,438741.6399880892,28.0,117833
347,Lada,202304,571527.7214550225,35.0,129009
348,Жигули,202301,206152.0162928904,7.0,125756
349,Лада Самара,202310,408094.81344999693,4.0,138633
350,Жигули,202311,404453.21354901063,1.0,109577
351,Киа,202501,1631065.6817616909,74.0,150880
352,Мерседес-Бенц,202408,5737063.9249436455,1.0,240483
353,Киа,202403,2973718.0969299786,17.0,151143
354,Lada,202501,653155.4501702054,126.0,129393
355,Лада Самара,202411,557705.391020642,27.0,167225
356,Лада Самара,202303,352683.2386851939,67.0,140871
357,Киа,202308,1462913.5937753578,27.0,139055
358,Lada,202409,692933.048255855,97.0,153024
359,Киа,202308,2637474.1441182224,21.0,136824
360,Киа,202408,1743152.3374993936,1.0,132356
361,Лада Самара,202303,545775.8525668021,34.0,129223
362,Лада Самара,202405,397978.561566866,25.0,123806
363,Жигули,202307,257137.42984301466,9.0,111262
364,Лада Самара,202406,336536.66383231146,182.0,123119
365,Жигули,202305,378364.7605963316,14.0,122650
366,Жигули,202306,305001.73544461804,6.0,105778
367,Lada,202406,761838.1239858395,45.0,119619
368,Лада Самара,202304,247479.83152073977,27.0,140969
369,Киа,202401,2003284.1293180024,95.0,150464
370,Киа,202309,2029973.325350267,6.0,149097
371,Жигули,202304,258812.66297154254,25.0,118669
372,Киа,202312,2331373.141172019,18.0,189084
373,Мерседес-Бенц,202407,7205772.22386215,108.0,211015
374,Киа,202410,2982918.3078148183,4.0,146051
375,Lada,202402,891774.2300150979,21.0,141204
376,Жигули,202408,442620.2150951406,5.0,123819
377,Киа,202501,2552573.6951334327,11.0,165930
378,Мерседес-Бенц,202404,6598357.129433527,41.0,212134
379,Мерседес-Бенц,202408,6422055.756919818,8.0,213175
380,Лада Самара,202404,281810.165535663,16.0,144703
381,Жигули,202307,249651.77892429198,19.0,135209
382,Киа,202412,2666895.677798414,108.0,147649
383,Киа,202310,3464561.0573982624,9.0,129977
384,Мерседес-Бенц,202406,5206957.184465955,1.0,167383
385,Жигули,202411,451844.55531146814,49.0,129775
386,Lada,202301,904653.9537851656,28.0,139377
387,Киа,202312,2027371.7715398022,14.0,132107
388,Киа,202307,2565505.3468166315,18.0,151618
389,Киа,202308,3390645.9864427946,20.0,145752
390,Жигули,202305,326870.0432547722,19.0,112479
391,Lada,202501,987565.341945458,31.0,113754
392,Киа,202409,2319837.918706476,9.0,144455
393,Киа,202404,2290408.9200055455,4.0,153808
394,Лада Самара,202402,564916.4741588641,31.0,162711
395,Лада Самара,202303,323361.3659581243,67.0,119026
396,Лада Самара,202310,324026.52784005104,53.0,130110
397,Киа,202408,2040481.8959944292,26.0,178669
398,Мерседес-Бенц,202404,4804130.508018417,44.0,229459
399,Mercedes,202405,5695390.240974861,32.0,248910
400,Киа,202305,1916457.885572274,14.0,150722
401,Жигули,202302,371641.60726108105,8.0,130819
402,Lada,202407,1091133.5958985146,12.0,124831
403,Lada,202401,685914.0692856234,26.0,123527
404,Лада Самара,202406,324671.86052546464,4.0,112260
405,Мерседес-Бенц,202411,6627839.903431307,11.0,204178
406,Лада Самара,202411,315350.79548679845,3.0,139817
407,Жигули,202409,543935.6016473295,23.0,127322
408,Киа,202412,2893101.728734472,18.0,180236
409,Мерседес-Бенц,202311,3813425.8464986784,37.0,192027
410,Жигули,202409,547498.9327272797,11.0,135534
411,Киа,202303,1537766.950753983,0.0,142752
412,Киа,202405,2242407.0123348394,2.0,162769
413,Жигули,202401,284322.92056164995,61.0,122461
414,Lada,202403,1309172.9037493693,15.0,135703
415,Lada,202301,838774.9966700036,5.0,136827
416,Мерседес-Бенц,202308,6219073.805617606,17.0,206917
417,Киа,202411,1911159.1094696985,8.0,172808
418,Lada,202403,994172.6127464741,4.0,107360
419,Lada,202301,842915.4333507853,19.0,127110
420,Лада Самара,202405,543007.4689247311,3.0,123742
421,Мерседес-Бенц,202306,6725169.046353404,7.0,224405
422,Киа,202404,2207941.665327539,77.0,146435
423,Жигули,202405,467129.6101364139,13.0,120978
424,Lada,202410,1043385.3998384811,50.0,132564
425,Lada,202301,1330792.9795669946,23.0,146427
426,Жигули,202311,321484.5198743391,30.0,120770
427,Мерседес-Бенц,202412,7440351.198015067,22.0,225969
428,Lada,202406,883111.2035028469,12.0,149034
429,Lada,202403,1065242.4299151849,10.0,164095
430,Киа,202311,1927504.7221030993,9.0,163430
431,Лада Самара,202401,315582.56755266094,78.0,143176
432,Мерседес-Бенц,202310,6726676.20078929,57.0,251087
433,Киа,202404,1878849.1286244113,2.0,164060
434,Lada,202501,675643.3823246302,117.0,139235
435,Лада Самара,202501,399046.2762405082,5.0,128454
436,Лада Самара,202304,483430.99354162294,1.0,146063
437,Киа,202403,3329212.6666424284,28.0,147022
438,Мерседес-Бенц,202404,5656685.005139712,18.0,215125
439,Лада Самара,202305,424101.30813268153,35.0,116124
440,Лада Самара,202301,406674.5937530349,11.0,131470
441,Жигули,202412,353388.05707670335,0.0,131222
442,Lada,202412,828910.1996112885,10.0,121354
443,Киа,202404,2300702.4398599393,12.0,162713
444,Мерседес-Бенц,202410,5473315.202363778,10.0,164702
445,Лада Самара,202308,544906.7518678324,52.0,155086
446,Лада Самара,202302,456981.1161954413,22.0,124866
447,Лада Самара,202406,385415.62712763814,10.0,129112
448,Мерседес-Бенц,202310,6450959.371479265,46.0,240377
449,Киа,202401,2946334.0489792065,22.0,146561
450,Мерседес-Бенц,202303,7887514.422607448,-100.0,228854
451,Lada,202307,1004491.1105042953,-100.0,144300
452,Киа,202305,3222351.3063606923,36.0,173225
453,Жигули,202411,565661.7130335211,18.0,134906
454,Мерседес-Бенц,202409,4929723.734409792,5.0,200232
455,Мерседес-Бенц,202401,6177853.0165113155,24.0,233082
456,Киа,202409,3246556.9800613285,0.0,145494
457,Жигули,202409,335147.3153694993,34.0,125486
458,Мерседес-Бенц,202305,6861625.486719885,60.0,248633
459,Mercedes,202407,5474959.113419084,134.0,240673
460,Жигули,202307,285632.17974065186,6.0,118109
461,Lada,202304,768231.5338175363,20.0,160385
462,Мерседес-Бенц,202307,5241885.402101722,33.0,208446
463,Жигули,202306,491354.76807593915,39.0,110451
464,Lada,202309,1230919.908490183,1.0,111690
465,Lada,202304,744145.0660778944,44.0,135234
466,Lada,202308,479069.17970449576,15.0,128315
467,Киа,202403,3087732.2632005136,27.0,169324
468,Киа,202305,1466174.7832189102,15.0,142404
469,Мерседес-Бенц,202410,6608592.077364716,74.0,184428
470,Киа,202307,3331040.3972202246,23.0,152546
471,Мерседес-Бенц,202312,3939565.2033938477,15.0,174818
472,Лада Самара,202402,519237.0559206519,19.0,135840
473,Lada,202309,831662.8543816899,12.0,135402
474,Мерседес-Бенц,202308,6046613.797300351,23.0,199932
475,Лада Самара,202405,408212.7012076758,13.0,118070
476,Жигули,202306,285031.8524770848,3.0,110609
477,Lada,202406,1068747.849649666,46.0,134959
478,Лада Самара,202303,431741.6895370457,115.0,120933
479,Жигули,202406,279534.0679515169,1.0,120753
480,Киа,202405,3806023.3905716944,0.0,149821
481,Mercedes,202301,5356912.042782629,82.0,233522
482,Киа,202309,1715270.3918769308,23.0,140191
483,Лада Самара,202308,447558.4158263586,8.0,130144
484,Мерседес-Бенц,202306,3198061.3685464184,15.0,237399
485,Жигули,202304,284266.4617588695,0.0,120166
486,Лада Самара,202403,474004.10275872744,70.0,134636
487,Мерседес-Бенц,202406,5480753.6318295505,49.0,223441
488,Мерседес-Бенц,202405,2166233.735250738,12.0,163274
489,Киа,202401,1829723.0453957338,33.0,195654
490,Мерседес-Бенц,202304,5237949.003983252,25.0,183264
491,Lada,202306,942676.195151889,63.0,141478
492,Lada,202311,1000683.2006650174,14.0,123691
493,Lada,202308,958901.495726232,2.0,118040
494,Киа,202309,2695470.1544432994,0.0,157143
495,Лада Самара,202301,430260.5489094947,25.0,133596
496,Жигули,202312,292923.3847137596,45.0,124774
497,Киа,202306,1475428.3534547735,52.0,157286
498,Киа,202303,2493005.043321173,36.0,162202
499,Жигули,202309,250644.7962018457,8.0,126472
500,Жигули,202306,441533.2186971335,13.0,132535
501,Жигули,202305,259762.1367577842,35.0,101639
502,Жигули,202303,344073.8636820588,12.0,111920
503,Жигули,202412,432251.98256389087,7.0,110012
504,Мерседес-Бенц,202309,4692437.290063514,18.0,228709
505,Мерседес-Бенц,202401,8463887.313116584,25.0,224259
506,Жигули,202304,253948.15613759705,93.0,131778
507,Lada,202305,911442.6197138893,2.0,119952
508,Мерседес-Бенц,202402,5728728.246839931,59.0,185355
509,Киа,202403,2347163.9567315327,59.0,129924
510,Киа,202412,2056998.717516429,3.0,152703
511,Киа,202405,3897982.205492206,13.0,130131
512,Lada,202306,1171450.046822508,36.0,147798
513,Жигули,202308,410931.58197009517,3.0,110946
514,Лада Самара,202306,626374.5788024645,0.0,119930
515,Лада Самара,202303,488640.15880351193,21.0,131210
516,Лада Самара,202407,458892.937230563,15.0,118667
517,Лада Самара,202408,324513.1827358693,36.0,148269
518,Киа,202403,3111091.433540608,48.0,137108
519,Жигули,202310,217304.33681850627,34.0,118702
520,Жигули,202411,465457.7436235456,-100.0,133991
521,Лада Самара,202405,512956.81088883657,12.0,110698
522,Мерседес-Бенц,202307,6912931.30492908,13.0,179773
523,Лада Самара,202410,261858.0535155745,38.0,128367
524,Киа,202407,2052847.3972519631,28.0,151189
525,Киа,202407,2062258.425094902,2.0,154956
526,Киа,202308,1933103.8883512972,19.0,153017
527,Жигули,202305,219557.56816550734,11.0,125919
528,Мерседес-Бенц,202308,5528120.114314296,24.0,214427
529,Лада Самара,202402,331722.4423148776,48.0,143417
530,Киа,202403,2396068.917139516,3.0,128876
531,Жигули,202501,434627.82777480833,5.0,113783
532,Мерседес-Бенц,202309,5795794.937856985,50.0,205461
533,Lada,202309,788227.0136880629,16.0,137792
534,Киа,202308,1570868.9611080682,88.0,148817
535,Lada,202305,678028.8590305831,5.0,129745
536,Жигули,202307,438257.3000917965,2.0,112386
537,Мерседес-Бенц,202411,4438274.016529353,1.0,196625
538,Мерседес-Бенц,202405,7989254.267951985,12.0,258399
539,Lada,202307,998625.580779202,52.0,138397
540,Жигули,202312,374907.536451781,0.0,101618
541,Киа,202408,2454677.476245886,12.0,165928
542,Lada,202408,757479.9331866029,65.0,115060
543,Лада Самара,202312,593104.743622843,19.0,138962
544,Жигули,202311,218703.74123804522,25.0,121836
545,Lada,202409,905251.8802205408,12.0,158321
546,Киа,202303,1442201.5600081526,33.0,155496
547,Lada,202308,1022660.7574493001,8.0,156215
548,Lada,202411,868858.9641163244,8.0,134541
549,Киа,202304,2492523.948327013,21.0,158003
550,Киа,202412,1429404.0766516924,9.0,140516
551,Lada,202407,1243580.7726984771,74.0,132949
552,Киа,202406,1520847.2914616002,3.0,156436
553,Киа,202308,1818120.0842758028,35.0,171832
554,Lada,202407,1093221.266966806,9.0,113066
555,Жигули,202312,414308.6385389006,14.0,149549
556,Лада Самара,202401,459007.1468589663,35.0,142148
557,Lada,202308,957831.1834117995,97.0,133616
558,Lada,202306,469459.3719927091,14.0,140944
559,Лада Самара,202307,284881.95279050973,4.0,124446
560,Lada,202407,649599.2824170719,,145392
561,Жигули,202501,303559.30158946995,1.0,124795
562,Киа,202401,2073657.9661068597,23.0,153693
563,Lada,202411,553472.3001235899,3.0,120309
564,Lada,202405,472071.7369534736,43.0,136544
565,Киа,202309,1390977.866283368,86.0,156153
566,Киа,202410,2757248.63536453,11.0,164966
567,Лада Самара,202311,245932.13306457901,11.0,125952
568,Киа,202501,1630894.5529364108,35.0,146826
569,Мерседес-Бенц,202302,5488359.028512202,66.0,237693
570,Лада Самара,202308,396359.5884362306,76.0,162073
571,Lada,202407,1002669.465262738,74.0,138621
572,Lada,202411,725714.4838136391,,152812
573,Лада Самара,202501,376900.7152487245,13.0,134006
574,Lada,202310,811305.2802918187,20.0,120818
575,Жигули,202402,378415.39429924294,-100.0,112964
576,Lada,202404,913105.0209627856,16.0,126437
577,Lada,202410,648844.7707985082,14.0,129922
578,Лада Самара,202302,382197.8329400603,17.0,129845
579,Lada,202308,840462.9314124951,19.0,167862
580,Жигули,202310,451985.0778969306,7.0,112309
581,Киа,202501,1511744.6580482179,19.0,136403
582,Жигули,202312,527306.5282488398,47.0,139319
583,Киа,202401,1879290.7344731998,12.0,128249
584,Мерседес-Бенц,202312,5278811.743300036,0.0,197811
585,Лада Самара,202306,284790.9592904833,30.0,134688
586,Лада Самара,202308,397119.86879180226,38.0,130984
587,Лада Самара,202411,262050.22561984748,4.0,120754
588,Лада Самара,202308,517024.8051078828,,118866
589,Киа,202405,3240414.6954116807,7.0,159588
590,Киа,202404,2381688.498270246,4.0,165851
591,Жигули,202303,473364.53455493494,5.0,112382
592,Жигули,202311,465558.2193262729,3.0,116898
593,Lada,202306,960815.2956698813,3.0,118288
594,Киа,202407,2502253.8174077654,27.0,153608
595,Lada,202408,875860.2355114924,77.0,130052
596,Лада Самара,202308,478704.59092958434,40.0,138951
597,Mercedes,202405,6437191.822341555,23.0,226430
598,Киа,202311,2860785.711403421,41.0,135081
599,Мерседес-Бенц,202403,5764143.860939682,6.0,205535
600,Мерседес-Бенц,202408,8850000.771455767,19.0,206049
601,Жигули,202309,361171.9881945103,31.0,115228
602,Lada,202307,786853.4572743429,12.0,146783
603,Киа,202404,2766812.2053008783,44.0,151656
604,Киа,202405,2127348.782661382,34.0,158582
605,Мерседес-Бенц,202501,5092986.551550671,18.0,245948
606,Киа,202310,1724895.0763501879,11.0,181299
607,Жигули,202304,361908.27469822054,7.0,106128
608,Lada,202312,768351.0258225328,32.0,146736
609,Жигули,202305,478767.5275437524,43.0,121028
610,Жигули,202311,437444.56133734615,59.0,127643
611,Киа,202404,2340984.9777599936,34.0,171412
612,Мерседес-Бенц,202403,10158379.921787914,0.0,208246
613,Киа,202409,2880317.131385633,31.0,150987
614,Мерседес-Бенц,202312,9216290.973005222,41.0,231702
615,Жигули,202408,313273.9562581425,38.0,116874
616,Лада Самара,202309,597438.2826033847,32.0,139441
617,Лада Самара,202303,500479.4922865725,55.0,146764
618,Лада Самара,202307,359026.67939033883,-100.0,135782
619,Мерседес-Бенц,202303,4437226.007184579,1.0,166519
620,Киа,202401,2266029.1392790517,17.0,139523
621,Мерседес-Бенц,202309,5906940.715955337,6.0,188410
622,Lada,202303,546031.7199287422,5.0,129830
623,Киа,202304,1947924.4122290213,17.0,162142
624,Мерседес-Бенц,202312,3778831.9871676327,32.0,211732
625,Lada,202403,741166.087232461,42.0,149259
626,Киа,202403,2456116.434320267,3.0,176891
627,Киа,202311,2848775.719800295,43.0,153569
628,Киа,202403,2820108.6125162374,9.0,154154
629,Лада Самара,202307,326886.92761424347,0.0,142987
630,Киа,202307,1518188.8407107769,11.0,135847
631,Киа,202412,1503092.0002416663,20.0,158336
632,Жигули,202305,381855.19607917056,40.0,123146
633,Киа,202403,3723456.3246310996,97.0,133707
634,Lada,202302,663245.4213771682,7.0,147363
635,Lada,202409,1120312.6154895115,11.0,153761
636,Киа,202311,1739239.839815475,4.0,162447
637,Лада Самара,202410,285137.37813694746,17.0,124499
638,Лада Самара,202301,254668.7634710786,,168159
639,Киа,202308,1959284.1692357133,4.0,163808
640,Мерседес-Бенц,202308,5543311.845239812,108.0,225440
641,Лада Самара,202311,517584.23960444966,141.0,151335
642,Lada,202312,1627621.7134065179,2.0,140337
643,Киа,202301,2381426.342725227,22.0,147947
644,Мерседес-Бенц,202401,8461157.479874294,38.0,218885
645,Жигули,202302,406339.41499826347,4.0,127558
646,Lada,202402,853910.176783205,89.0,139287
647,Киа,202405,4373280.687174405,-100.0,138182
648,Киа,202410,1396430.6421066504,1.0,147535
649,Киа,202404,2267315.56367028,5.0,164068
650,Мерседес-Бенц,202301,6544326.1799538275,102.0,210264
651,Жигули,202408,344539.4509611588,7.0,134365
652,Киа,202405,2702242.8458480467,29.0,148287
653,Киа,202410,1876018.0184382051,7.0,148909
654,Lada,202406,567746.7876353067,47.0,114895
655,Lada,202301,740098.5672964033,18.0,141375
656,Мерседес-Бенц,202407,7985754.914630426,24.0,169315
657,Lada,202501,861785.8788792192,8.0,135279
658,Жигули,202302,254022.1780660953,6.0,123668
659,Мерседес-Бенц,202412,5308111.688492913,38.0,208580
660,Мерседес-Бенц,202301,7778565.283206071,28.0,182574
661,Лада Самара,202311,315986.8899567752,22.0,146359
662,Мерседес-Бенц,202405,4225610.118367758,39.0,243219
663,Киа,202407,2000898.8627252623,32.0,186962
664,Лада Самара,202310,500302.1460372725,12.0,134589
665,Мерседес-Бенц,202310,6905219.7140405085,79.0,205208
666,Жигули,202401,302795.7733203956,62.0,108914
667,Мерседес-Бенц,202407,9135648.335875235,22.0,218109
668,Мерседес-Бенц,202304,5262171.334680513,124.0,244949
669,Лада Самара,202305,410409.7435996825,39.0,134219
670,Lada,202410,444642.97448140185,18.0,147231
671,Lada,202405,938772.6204355466,10.0,103188
672,Жигули,202311,363676.05882430874,5.0,108632
673,Лада Самара,202408,541301.3063377468,34.0,143939
674,Lada,202303,820081.5510781959,64.0,118135
675,Lada,202410,889775.1575041106,54.0,126890
676,Киа,202308,2492958.900052542,19.0,141431
677,Лада Самара,202311,343034.23283214757,2.0,137598
678,Киа,202411,1666083.4506439979,3.0,149444
679,Киа,202409,2444358.418352517,19.0,143583
680,Киа,202409,2348514.772190456,6.0,141841
681,Mercedes,202308,5336830.121561184,51.0,207668
682,Лада Самара,202307,449853.9647228223,20.0,135707
683,Жигули,202501,406729.4515623762,0.0,119534
684,Киа,202303,2133785.004751685,2.0,159095
685,Lada,202308,913736.3460940955,1.0,154477
686,Лада Самара,202405,502857.11637659156,14.0,142412
687,Мерседес-Бенц,202303,7614104.1383719,8.0,184804
688,Lada,202310,874271.1970098794,23.0,143783
689,Киа,202407,2244784.483480437,27.0,132187
690,Lada,202405,687396.7232792871,57.0,134954
691,Лада Самара,202303,555888.7621078087,17.0,136457
692,Мерседес-Бенц,202407,6419890.663599139,15.0,222913
693,Жигули,202406,356324.53108254814,9.0,129877
694,Lada,202308,778080.6866426251,6.0,131032
695,Киа,202501,2540079.4125345065,61.0,153747
696,Лада Самара,202412,663789.6243513301,78.0,150748
697,Киа,202301,2622436.9309796826,19.0,135597
698,Lada,202307,699740.6532186937,1.0,145781
699,Мерседес-Бенц,202408,4716571.724599201,3.0,210666
700,Жигули,202402,333385.442847376,21.0,101158
701,Lada,202306,776640.7562213191,41.0,141106
702,Жигули,202405,381364.4317488404,36.0,137068
703,Lada,202403,971801.2203976072,52.0,168210
704,Лада Самара,202308,582228.047043146,7.0,126943
705,Lada,202402,1443470.3242273717,58.0,145922
706,Жигули,202403,308083.77651696646,15.0,128707
707,Лада Самара,202412,834730.0335173265,97.0,146461
708,Мерседес-Бенц,202303,6503602.0584278805,42.0,204890
709,Жигули,202308,229413.57382625825,41.0,121883
710,Lada,202501,872714.6199664526,9.0,130200
711,Мерседес-Бенц,202401,6213314.0538878795,58.0,214929
712,Жигули,202407,258129.09456799735,21.0,128682
713,Mercedes,202410,4794299.674710026,18.0,209802
714,Жигули,202309,513702.9431843203,26.0,128754
715,Жигули,202307,317694.4822878781,13.0,126706
716,Киа,202307,2836386.5142030264,18.0,152986
717,Лада Самара,202404,729773.0733458663,1.0,121724
718,Жигули,202304,303803.956511992,,106837
719,Lada,202408,1559456.158352895,3.0,113587
720,Lada,202402,873290.2610738062,5.0,117585
721,Жигули,202411,333771.97475133225,1.0,102241
722,Лада Самара,202309,600786.0183314466,46.0,145481
723,Мерседес-Бенц,202408,4092760.1441494077,7.0,157634
724,Lada,202308,913949.9921352016,20.0,137929
725,Киа,202309,1890723.2498162943,6.0,131270
726,Жигули,202409,422532.21389675734,14.0,130455
727,Киа,202311,2687581.2916906844,33.0,180025
728,Киа,202305,2738222.190617217,78.0,159775
729,Лада Самара,202304,514229.96696045244,27.0,148132
730,Lada,202403,713150.1149332131,45.0,143960
731,Жигули,202306,335172.5422293177,9.0,104906
732,Киа,202409,2442898.971924844,2.0,158619
733,Lada,202401,991230.0961974214,13.0,142205
734,Лада Самара,202311,714164.8040571453,1.0,136207
735,Киа,202402,1557766.243301313,11.0,151679
736,Мерседес-Бенц,202406,8864376.577392047,17.0,196020
737,Киа,202411,1728416.2023222044,44.0,156776
738,Киа,202404,2077711.4043557276,9.0,167477
739,Lada,202402,1139668.6393432184,34.0,126949
740,Лада Самара,202305,355984.5856175941,144.0,135490
741,Мерседес-Бенц,202409,6798111.581149314,9.0,198382
742,Mercedes,202312,7020192.259642743,2.0,225251
743,Киа,202309,3908822.7108665584,9.0,162865
744,Киа,202405,2393665.283567518,16.0,154024
745,Киа,202403,2947135.6271141255,41.0,177132
746,Лада Самара,202305,740017.2740066536,,128591
747,Киа,202501,2872407.157159808,29.0,163221
748,Киа,202403,1472721.0582716307,2.0,140458
749,Lada,202407,846059.226930128,24.0,123080
750,Lada,202402,859239.0023002975,15.0,156798
751,Мерседес-Бенц,202309,7422449.039435473,3.0,197511
752,Лада Самара,202407,236520.2817599821,,122320
753,Lada,202412,491457.0801762859,25.0,129439
754,Киа,202312,3248602.849012808,4.0,162895
755,Жигули,202302,327894.8267106394,25.0,138061
756,Киа,202404,1710602.2712489557,17.0,174380
757,Лада Самара,202308,404929.6657758297,,130032
758,Мерседес-Бенц,202410,4741835.452544233,10.0,201302
759,Lada,202409,871799.1508211812,63.0,140520
760,Киа,202407,2117411.138097416,,134486
761,Киа,202407,2102376.0512312185,47.0,156844
762,Киа,202402,1252338.6736942322,9.0,146768
763,Жигули,202304,467114.8100200708,16.0,143973
764,Мерседес-Бенц,202301,7605533.262463241,15.0,197956
765,Lada,202310,844819.6641419663,5.0,132973
766,Мерседес-Бенц,202401,6255801.557295705,33.0,247340
767,Жигули,202412,380693.5812264597,52.0,114993
768,Киа,202501,3380130.20041854,11.0,153975
769,Лада Самара,202403,368599.5656201485,39.0,145470
770,Lada,202404,864311.6102478361,16.0,129042
771,Лада Самара,202410,786624.1467235723,9.0,146650
772,Lada,202407,816549.0935860181,13.0,132028
773,Мерседес-Бенц,202305,3811036.699243588,84.0,207920
774,Киа,202305,2119041.6536120274,18.0,126732
775,Лада Самара,202310,639498.6199471777,28.0,138266
776,Киа,202307,2800922.996668481,56.0,142296
777,Киа,202410,2053844.7176756994,34.0,139355
778,Lada,202303,1068088.8243424455,26.0,147830
779,Жигули,202409,589409.0371446689,3.0,124759
780,Киа,202312,992122.32396789,1.0,129457
781,Жигули,202309,240091.28827922264,48.0,107431
782,Lada,202501,716536.5531100468,,109928
783,Лада Самара,202402,383089.2421308607,57.0,154144
784,Lada,202411,714479.7889927449,10.0,98624
785,Лада Самара,202309,527109.1932758563,1.0,133883
786,Lada,202406,1253920.0856569791,20.0,119509
787,Жигули,202404,512809.1245506672,9.0,133918
788,Мерседес-Бенц,202407,7524535.892177949,3.0,221222
789,Лада Самара,202410,444043.9640471591,20.0,124711
790,Жигули,202410,528396.0161867848,69.0,116890
791,Lada,202408,858962.2265497927,1.0,128628
792,Жигули,202311,478700.7590983418,1.0,110022
793,Киа,202411,1936240.2854459353,2.0,161044
794,Мерседес-Бенц,202310,5148333.658167133,11.0,205260
795,Киа,202304,1269026.8080723714,15.0,165207
796,Жигули,202410,407684.7216724486,20.0,119624
797,Lada,202307,938487.0963885534,48.0,158812
798,Мерседес-Бенц,202406,4407496.4877694,8.0,174642
799,Мерседес-Бенц,202307,3874677.4914594516,131.0,200766
800,Жигули,202309,341206.18835927366,16.0,129922
801,Lada,202306,874237.0891388005,16.0,124980
802,Жигули,202401,387341.3852856519,62.0,109942
803,Киа,202412,2136352.201723609,53.0,128822
804,Лада Самара,202305,506498.511975902,,139971
805,Киа,202305,1979783.4251841933,14.0,165398
806,Киа,202405,2458982.847244382,27.0,147026
807,Жигули,202406,306059.29161562386,55.0,130469
808,Лада Самара,202407,441479.454043563,12.0,162570
809,Mercedes,202403,6210388.5978422025,4.0,245339
810,Мерседес-Бенц,202310,5582890.600626814,65.0,226935
811,Киа,202402,2251213.9399344157,13.0,144322
812,Киа,202305,1392148.7653784459,42.0,146241
813,Lada,202408,830939.1426929774,2.0,136242
814,Lada,202312,451038.38284422917,33.0,135400
815,Мерседес-Бенц,202309,4406442.235012424,11.0,214373
816,Лада Самара,202301,415532.4938513922,10.0,102809
817,Лада Самара,202409,435438.6105888245,0.0,118636
818,Lada,202407,787391.2107740367,28.0,152145
819,Киа,202302,1587605.1091539268,53.0,126730
820,Мерседес-Бенц,202311,4823936.659419452,20.0,191022
821,Лада Самара,202305,555149.6430736341,5.0,129618
822,Lada,202402,794387.96266451,3.0,110178
823,Киа,202402,3434444.0374078886,0.0,150509
824,Лада Самара,202410,506747.5841870704,5.0,137955
825,Lada,202409,1133835.6498334429,3.0,108795
826,Лада Самара,202410,337801.0781567278,4.0,127392
827,Жигули,202409,393593.6863417807,5.0,116698
828,Киа,202412,1587659.3833266366,20.0,161159
829,Lada,202309,805154.8922919717,29.0,146732
830,Жигули,202304,291411.2306910316,21.0,131970
831,Мерседес-Бенц,202412,6705802.088406557,2.0,222461
832,Лада Самара,202312,397629.68111690826,3.0,134083
833,Лада Самара,202304,361730.377722436,102.0,159222
834,Киа,202310,2272873.1131473556,62.0,162678
835,Киа,202302,1911686.280620178,20.0,150730
836,Лада Самара,202410,708849.7829890864,1.0,154501
837,Лада Самара,202501,358560.6796217149,37.0,125797
838,Lada,202412,587605.0430627369,7.0,134949
839,Лада Самара,202405,436515.6016953131,48.0,139165
840,Lada,202308,813433.4418625528,76.0,145067
841,Жигули,202308,355761.667852573,179.0,118857
842,Лада Самара,202407,336243.51586146705,6.0,124467
843,Мерседес-Бенц,202308,5455131.978697486,4.0,226515
844,Lada,202301,836583.0128911885,9.0,119888
845,Lada,202402,1162063.0554821012,21.0,154083
846,Киа,202411,2832731.7404548023,47.0,152106
847,Lada,202309,662829.9796803399,,140454
848,Lada,202401,1324691.4566242816,72.0,131535
849,Жигули,202401,456929.8490321223,40.0,120519
850,Киа,202403,2918925.0938163423,2.0,162736
851,Жигули,202409,480420.46435711655,0.0,108913
852,Киа,202307,1705143.172726826,6.0,124749
853,Киа,202308,2267349.847819384,8.0,150580
854,Лада Самара,202307,514570.9556953414,124.0,127811
855,Мерседес-Бенц,202411,2713687.2442146777,29.0,187658
856,Мерседес-Бенц,202409,7852961.886207964,5.0,190423
857,Жигули,202303,327127.7768424884,37.0,152016
858,Киа,202406,1273131.6695120293,71.0,149998
859,Жигули,202412,330298.13249957556,4.0,113499
860,Lada,202310,1220633.4794259206,42.0,149603
861,Мерседес-Бенц,202311,4912401.665363168,2.0,210755
862,Lada,202308,847498.8200799333,20.0,152564
863,Лада Самара,202406,332430.43306559726,45.0,157013
864,Лада Самара,202412,493513.0793591022,2.0,167169
865,Киа,202306,1658300.6999910178,14.0,139760
866,Lada,202403,1144854.2562478625,14.0,149632
867,Киа,202412,1460389.8265015054,41.0,141681
868,Киа,202309,2121364.932298546,13.0,147924
869,Киа,202411,1682968.5413307024,36.0,160430
870,Lada,202409,1159957.2396263932,86.0,139397
871,Мерседес-Бенц,202501,5536649.459486166,3.0,208400
872,Киа,202409,2122405.108267032,4.0,145607
873,Жигули,202409,392063.30604758847,6.0,109718
874,Lada,202302,1144612.5411435638,15.0,146735
875,Жигули,202309,325612.97728060186,-100.0,104708
876,Киа,202403,2700031.9306432856,45.0,176909
877,Жигули,202303,391373.24774362816,61.0,122859
878,Lada,202308,1103367.650513378,11.0,149717
879,Киа,202307,2468241.2002450377,45.0,185930
880,Лада Самара,202410,502127.89667001093,26.0,138313
881,Лада Самара,202306,460088.1515360337,99.0,123644
882,Мерседес-Бенц,202305,4541948.168514963,6.0,228530
883,Мерседес-Бенц,202410,4947143.228904464,,200090
884,Лада Самара,202309,389518.83424643584,19.0,119715
885,Жигули,202302,504670.685687136,67.0,136228
886,Жигули,202406,275268.5177707498,30.0,129873
887,Мерседес-Бенц,202309,6269998.4276482165,4.0,205853
888,Мерседес-Бенц,202408,7507979.540545113,25.0,191407
889,Лада Самара,202301,327062.24147830857,52.0,153920
890,Жигули,202411,372430.57973152364,20.0,135450
891,Киа,202312,2375776.5981135215,7.0,149237
892,Lada,202402,1036466.413042067,54.0,161596
893,Мерседес-Бенц,202403,5569839.56296657,21.0,227889
894,Жигули,202308,412319.8750866389,15.0,113513
895,Lada,202501,515650.44961508113,3.0,125624
896,Киа,202301,2529057.8015180365,12.0,156301
897,Мерседес-Бенц,202310,6723147.550528424,75.0,206384
898,Мерседес-Бенц,202408,4458663.001821539,3.0,205475
899,Мерседес-Бенц,202311,5561739.204253805,38.0,187972
900,Лада Самара,202401,340456.7572933643,3.0,122377
901,Киа,202309,1041219.2836975348,33.0,152432
902,Mercedes,202302,3793415.017491452,3.0,227185
903,Киа,202403,1441781.0864395315,50.0,155726
904,Жигули,202308,363006.5260841414,35.0,107895
905,Киа,202408,1732105.0946417265,6.0,151251
906,Жигули,202303,297671.22456548316,0.0,125341
907,Киа,202401,2471239.7567882636,9.0,144254
908,Мерседес-Бенц,202410,5366934.280091172,57.0,194670
909,Мерседес-Бенц,202412,10144679.427742885,16.0,198328
910,Lada,202304,1049112.0434405236,24.0,132105
911,Лада Самара,202311,309755.3466949029,7.0,149303
912,Лада Самара,202311,410286.63370470185,99.0,120773
913,Lada,202309,673223.0276121262,15.0,122200
914,Киа,202306,2224093.598494137,7.0,121303
915,Лада Самара,202410,591527.8891285025,34.0,153228
916,Мерседес-Бенц,202310,7581736.919077916,9.0,211408
917,Жигули,202307,308036.9518210466,20.0,107500
918,Мерседес-Бенц,202309,3825830.0728600505,3.0,196034
919,Жигули,202301,399224.44420314446,2.0,123490
920,Киа,202301,2375093.3925957372,11.0,159744
921,Мерседес-Бенц,202402,8856250.014457064,29.0,230564
922,Киа,202411,2238138.2946358253,17.0,128676
923,Lada,202410,1293843.2139907684,7.0,149638
924,Жигули,202401,355874.41110791743,49.0,103859
925,Киа,202409,3481636.367415907,95.0,170522
926,Киа,202410,3587128.066512153,32.0,166858
927,Киа,202405,2345252.520028367,7.0,190059
928,Лада Самара,202304,544715.264914185,3.0,126565
929,Киа,202406,2310313.622511474,33.0,141620
930,Lada,202401,1017553.174468727,54.0,141649
931,Лада Самара,202403,466625.5537404725,59.0,138890
932,Lada,202402,630608.060243725,5.0,165940
933,Мерседес-Бенц,202306,4454255.564483,3.0,174307
934,Жигули,202404,317955.9055581421,3.0,110331
935,Lada,202311,991788.4847219734,24.0,122682
936,Жигули,202304,462004.9240856497,12.0,126833
937,Киа,202501,2491993.6197277256,29.0,145537
938,Жигули,202303,528693.4541142484,48.0,129024
939,Лада Самара,202305,496890.93683434033,7.0,142164
940,Киа,202406,1323018.179073632,27.0,159899
941,Киа,202401,3812084.2171538197,73.0,153583
942,Киа,202403,1813004.4233645075,35.0,163351
943,Мерседес-Бенц,202308,6023036.116389074,11.0,208952
944,Киа,202305,3027184.8461899846,-100.0,147731
945,Киа,202408,2217010.9931168784,37.0,145206
946,Мерседес-Бенц,202301,7384142.036348309,10.0,199911
947,Лада Самара,202411,644409.5563411787,1.0,150430
948,Жигули,202305,510555.35882035975,71.0,124342
949,Лада Самара,202402,466280.3568398559,61.0,138083
950,Lada,202309,603488.7370629127,33.0,135078
951,Мерседес-Бенц,202311,5769246.427324605,16.0,186254
952,Мерседес-Бенц,202309,5723498.332732667,-100.0,175838
953,Лада Самара,202402,615223.756512481,20.0,140277
954,Мерседес-Бенц,202409,6200812.594660507,72.0,191494
955,Жигули,202501,435952.0207790995,57.0,129300
956,Мерседес-Бенц,202307,3106756.8533816044,80.0,208194
957,Жигули,202301,506126.9851080834,14.0,135072
958,Мерседес-Бенц,202410,7801473.20747851,5.0,220228
959,Мерседес-Бенц,202501,4895299.008062586,4.0,215064
960,Киа,202305,2661515.205452195,17.0,138496
961,Киа,202301,1797596.470597196,67.0,124181
962,Киа,202303,2556676.4442319768,110.0,175071
963,Лада Самара,202411,546504.9977796767,0.0,127134
964,Lada,202404,1004075.4192141355,22.0,134717
965,Лада Самара,202304,629260.7379575981,29.0,132822
966,Лада Самара,202305,463394.8155827602,57.0,144121
967,Жигули,202308,308232.3610130004,15.0,136587
968,Lada,202403,953393.6330812603,9.0,127392
969,Жигули,202309,316700.2185560018,18.0,103337
970,Lada,202411,973536.738384946,15.0,161983
971,Lada,202409,319146.94867681066,23.0,140095
972,Киа,202301,1933740.4496059737,14.0,157624
973,Киа,202410,2361982.250678291,129.0,119070
974,Lada,202407,777763.2360645495,16.0,139113
975,Мерседес-Бенц,202412,5857618.526572787,13.0,168633
976,Киа,202408,1855957.42966683,1.0,140590
977,Лада Самара,202303,459284.54088100645,64.0,146556
978,Лада Самара,202309,432255.3456850624,6.0,137145
979,Киа,202311,1782939.4747986812,21.0,162423
980,Жигули,202501,268970.7171354231,84.0,116833
981,Киа,202411,1709061.7611151345,24.0,138264
982,Lada,202308,807077.3468970922,56.0,132618
983,Lada,202304,527168.4789244107,8.0,133279
984,Lada,202412,1066706.8881252387,2.0,124377
985,Киа,202409,3297315.414845402,9.0,149121
986,Lada,202310,1291950.0100477578,3.0,133058
987,Киа,202407,2077306.2224125268,13.0,154686
988,Киа,202402,2978225.3473088075,40.0,190065
989,Lada,202501,1007192.0491668849,1.0,118247
990,Lada,202409,699211.897376129,-100.0,147116
991,Lada,202309,549394.3841941118,1.0,129898
992,Жигули,202306,299599.07511647634,-100.0,145629
993,Мерседес-Бенц,202406,5284617.517986801,3.0,184391
994,Киа,202312,2267121.6975221992,35.0,149155
995,Киа,202303,2358900.1732478035,3.0,142457
996,Жигули,202406,264512.0473677725,0.0,92272
997,Киа,202406,2395560.9410669524,0.0,141502
998,Киа,202307,2206274.553843789,,151637
999,Жигули,202305,379486.30032409047,59.0,115788
1000,Лада Самара,202312,433528.17249698384,12.0,108816
1001,Лада Самара,202501,204483.62148810542,18.0,146237
1002,Мерседес-Бенц,202301,7214512.850338531,68.0,248981
1003,Киа,202406,3213672.197539565,8.0,170409
1004,Lada,202401,1071043.579693714,28.0,137160
1005,Lada,202304,1579554.0573381975,18.0,134655
1006,Жигули,202404,420454.06334287196,4.0,135084
1007,Жигули,202307,392267.06198816805,107.0,140158
1008,Киа,202412,2049982.9863823897,139.0,157415
1009,Жигули,202306,539541.622860983,5.0,121037
1010,Мерседес-Бенц,202311,4751903.033599071,2.0,212989
1011,Киа,202407,3060657.068746433,2.0,150031
1012,Киа,202404,1748761.64920417,15.0,172373
1013,Мерседес-Бенц,202310,6269791.322536627,57.0,221298
1014,Лада Самара,202308,484788.3391644513,48.0,146442
1015,Lada,202407,717650.4711553882,7.0,143029
1016,Мерседес-Бенц,202408,6247913.264500114,32.0,206031
1017,Лада Самара,202410,501980.4080098952,18.0,161670
1018,Лада Самара,202304,337096.17634387355,16.0,133131
1019,Мерседес-Бенц,202407,4685124.945545347,55.0,204768
1020,Жигули,202311,642588.8058211759,10.0,118514
1021,Lada,202403,1064976.0586783339,12.0,161886
1022,Киа,202311,2637808.1890206044,12.0,127656
1023,Мерседес-Бенц,202306,5206286.899192426,11.0,192743
1024,Lada,202309,962476.5581034165,3.0,142341
1025,Lada,202401,898205.2732650794,11.0,139813
1026,Лада Самара,202310,328424.5567554315,21.0,138061
1027,Жигули,202312,727107.6712798603,66.0,129928
1028,Киа,202405,2456581.789392032,14.0,169568
1029,Лада Самара,202312,477900.5447896694,9.0,136904
1030,Киа,202401,2471238.8693290283,5.0,151880
1031,Киа,202301,1691603.1239994147,46.0,174404
1032,Лада Самара,202407,823033.7883803935,6.0,136889
1033,Лада Самара,202301,381103.35002233984,42.0,146262
1034,Lada,202309,780537.2644985404,11.0,104028
1035,Киа,202406,2484466.9632013645,19.0,145278
1036,Киа,202412,1905614.6562422821,15.0,140753
1037,Киа,202406,2158583.407556754,15.0,140432
1038,Киа,202501,2345341.7008874663,-100.0,145887
1039,Lada,202412,939395.5941961904,22.0,131140
1040,Мерседес-Бенц,202402,5703327.862202511,37.0,227323
1041,Жигули,202501,295544.71636472247,16.0,112544
1042,Жигули,202404,469578.09795351524,5.0,131948
1043,Lada,202412,1224798.247450477,17.0,147028
1044,Киа,202410,1736670.4277348893,31.0,136796
1045,Лада Самара,202501,577471.156922,11.0,116275
1046,Лада Самара,202409,357665.2747351832,17.0,130550
1047,Жигули,202408,431128.38354207383,76.0,139001
1048,Киа,202301,2384079.1287268805,0.0,145902
1049,Киа,202409,2707463.280442016,31.0,183110
1050,Жигули,202405,268029.45486420713,-100.0,106984
1051,Лада Самара,202405,470276.6474886598,11.0,118100
1052,Киа,202312,1994825.0972900498,2.0,130941
1053,Киа,202407,2747576.0567562403,3.0,158849
1054,Мерседес-Бенц,202303,6832191.880101581,3.0,215811
1055,Мерседес-Бенц,202411,6446633.098353189,31.0,218573
1056,Киа,202408,1819154.0881896687,92.0,158184
1057,Лада Самара,202410,501744.0375872394,12.0,155799
1058,Жигули,202401,311907.7906691118,10.0,120313
1059,Lada,202405,613924.0963805636,23.0,152108
1060,Мерседес-Бенц,202412,5078336.36405682,28.0,260130
1061,Лада Самара,202409,377634.7347237959,21.0,126267
1062,Киа,202412,1996123.2142393372,46.0,145953
1063,Lada,202305,899299.1088235812,18.0,112158
1064,Мерседес-Бенц,202412,6063324.848832474,51.0,223786
1065,Лада Самара,202309,470414.30050152895,137.0,133327
1066,Мерседес-Бенц,202405,6044083.098915771,17.0,204726
1067,Жигули,202402,309695.63650171395,59.0,150636
1068,Киа,202305,2613413.3269210625,16.0,161250
1069,Лада Самара,202410,359709.2052105356,23.0,124022
1070,Mercedes,202403,6208639.2997254655,105.0,223744
1071,Киа,202404,2809521.5890412293,20.0,141453
1072,Lada,202307,809506.3531537805,12.0,140338
1073,Киа,202407,1658970.8848055261,7.0,151990
1074,Киа,202401,1602392.2049635742,21.0,172538
1075,Mercedes,202407,4831987.448655146,46.0,238398
1076,Lada,202304,665157.3869364014,21.0,132427
1077,Киа,202406,2865675.38025957,20.0,156530
1078,Лада Самара,202408,413223.35470479034,11.0,120585
1079,Лада Самара,202307,708713.3284576467,3.0,126679
1080,Лада Самара,202404,420935.08355671994,20.0,136337
1081,Лада Самара,202312,265502.14550591673,34.0,157957
1082,Мерседес-Бенц,202307,6160108.493865434,31.0,226944
1083,Жигули,202405,360257.9394880179,31.0,125719
1084,Жигули,202411,458571.988595629,19.0,128516
1085,Лада Самара,202405,408353.92389406805,23.0,151933
1086,Киа,202409,2070586.2345363055,52.0,152260
1087,Жигули,202403,435147.94403115194,13.0,133544
1088,Киа,202412,1877495.9927291682,30.0,146215
1089,Киа,202408,1987338.6972503273,141.0,159587
1090,Жигули,202312,457393.0869914094,34.0,137197
1091,Киа,202404,1476409.5461013643,32.0,168119
1092,Киа,202312,2065890.8976303795,36.0,128091
1093,Lada,202501,343022.2271148916,4.0,135054
1094,Lada,202308,1271678.0522077298,16.0,146572
1095,Киа,202402,2130998.357528972,10.0,143627
1096,Lada,202301,730121.5165006804,65.0,151503
1097,Киа,202308,2654167.956986301,2.0,132764
1098,Лада Самара,202302,455024.4738771354,13.0,123178
1099,Киа,202306,1684367.1144623768,56.0,115567
1100,Киа,202308,2722073.7063599704,14.0,145897
1101,Киа,202301,2506676.296783856,20.0,122493
1102,Жигули,202310,465407.4137990697,16.0,137384
1103,Жигули,202410,354165.3612565933,7.0,146121
1104,Лада Самара,202301,495649.9415757571,13.0,122528
1105,Киа,202401,3420194.0423844284,0.0,139334
1106,Лада Самара,202406,620883.6116157612,9.0,135507
1107,Киа,202401,2547998.285517015,8.0,137795
1108,Жигули,202401,266603.27130733576,5.0,124264
1109,Жигули,202301,425295.6084202321,5.0,117824
1110,Лада Самара,202309,565792.9988583064,15.0,117731
1111,Лада Самара,202407,555811.7364004677,9.0,139492
1112,Lada,202402,923421.4957599684,45.0,144519
1113,Киа,202301,2571739.707749647,7.0,121979
1114,Мерседес-Бенц,202306,4365446.169285922,61.0,208170
1115,Киа,202304,2325111.110613594,12.0,144423
1116,Lada,202302,579275.2017965276,66.0,140897
1117,Киа,202309,2803689.845386986,6.0,170862
1118,Lada,202311,1081765.819525303,6.0,150614
1119,Киа,202311,2614016.2698594546,15.0,167715
1120,Лада Самара,202301,472399.29352457466,52.0,138466
1121,Киа,202311,3070918.180071492,20.0,148128
1122,Лада Самара,202312,414098.1477716745,31.0,110404
1123,Киа,202304,2030446.5599461824,1.0,157162
1124,Лада Самара,202307,523673.0205085263,12.0,147902
1125,Жигули,202312,268125.88132798387,8.0,101623
1126,Жигули,202404,400076.6085051632,20.0,127716
1127,Мерседес-Бенц,202301,5556366.1050893795,6.0,225247
1128,Киа,202301,2268791.770201158,2.0,134420
1129,Жигули,202411,430725.60830187256,152.0,134864
1130,Киа,202410,1951706.6978938095,24.0,135135
1131,Киа,202309,3735951.817042362,18.0,145318
1132,Лада Самара,202404,490378.4031994694,14.0,119663
1133,Lada,202310,889070.7798196713,0.0,137476
1134,Киа,202301,3291481.8510545706,0.0,153868
1135,Киа,202410,2325269.8692723634,28.0,144355
1136,Киа,202407,1706597.0049945528,11.0,132459
1137,Киа,202302,2377929.570183441,-100.0,196487
1138,Жигули,202309,290502.51025110914,17.0,122298
1139,Жигули,202311,329177.0817420689,-100.0,120076
1140,Lada,202411,785405.0893253926,56.0,126811
1141,Лада Самара,202402,283596.7313701358,41.0,122844
1142,Жигули,202403,397934.1531248132,46.0,129875
1143,Лада Самара,202310,383898.36147201114,11.0,138584
1144,Киа,202412,2447519.9219789044,13.0,143311
1145,Лада Самара,202401,291650.11572913174,11.0,145011
1146,Мерседес-Бенц,202402,5995921.502184875,57.0,204579
1147,Lada,202306,734023.7383393442,29.0,145192
1148,Lada,202310,870121.0129115421,16.0,140958
1149,Жигули,202304,274248.48384039593,2.0,115812
1150,Киа,202406,3327921.09944387,33.0,164973
1151,Жигули,202407,412660.94909181277,17.0,135966
1152,Мерседес-Бенц,202301,6139309.040755836,43.0,230790
1153,Киа,202410,2259459.9547587633,0.0,122205
1154,Lada,202401,723633.9356153414,16.0,150916
1155,Мерседес-Бенц,202304,4498083.337815155,29.0,217524
1156,Киа,202403,2617745.3091929685,26.0,161971
1157,Lada,202304,618964.1414388891,9.0,108551
1158,Жигули,202411,539005.9617733783,9.0,104645
1159,Лада Самара,202306,656906.0192939483,4.0,129369
1160,Mercedes,202501,5549757.918140742,2.0,184368
1161,Киа,202409,2648081.0937574385,16.0,179844
1162,Lada,202412,884466.2369105447,12.0,123976
1163,Лада Самара,202306,433675.28148218495,2.0,116038
1164,Мерседес-Бенц,202412,6613430.329673181,17.0,198266
1165,Lada,202407,1268986.0557679266,13.0,132714
1166,Киа,202404,1753287.068737419,21.0,155262
1167,Мерседес-Бенц,202306,7138864.792711861,11.0,163771
1168,Lada,202307,954037.4249419257,-100.0,119048
1169,Киа,202406,2037860.6320896994,38.0,143986
1170,Лада Самара,202405,360722.1947477542,78.0,144491
1171,Лада Самара,202309,391281.5015022128,17.0,131230
1172,Lada,202409,646766.9848896483,23.0,138029
1173,Киа,202311,1689119.7880809323,107.0,171866
1174,Киа,202302,1130687.7766931488,10.0,148070
1175,Лада Самара,202408,596700.5919090937,12.0,141094
1176,Киа,202306,1630708.9636984805,16.0,149371
1177,Lada,202306,826877.8884408579,4.0,151655
1178,Lada,202302,1097066.8338609592,58.0,147378
1179,Киа,202406,1440165.4164133575,18.0,114297
1180,Киа,202405,1439657.2382343276,28.0,157514
1181,Киа,202408,1814999.5280446175,6.0,180764
1182,Lada,202306,868388.3799098013,39.0,154704
1183,Лада Самара,202410,393359.61805367284,23.0,128664
1184,Киа,202306,4300224.390765999,154.0,168309
1185,Киа,202307,2069000.303585983,17.0,138410
1186,Mercedes,202403,6285249.304779518,-100.0,226822
1187,Киа,202403,1945760.185080757,16.0,140574
1188,Лада Самара,202310,388860.5178848672,17.0,136364
1189,Жигули,202405,319549.15296348644,10.0,148518
1190,Жигули,202302,605354.2559073061,6.0,102060
1191,Лада Самара,202409,587792.2131265099,1.0,139268
1192,Lada,202306,486754.86842342943,6.0,123845
1193,Мерседес-Бенц,202407,8150755.107246895,-100.0,192165
1194,Жигули,202307,332280.99949197,44.0,128306
1195,Киа,202411,2544691.205461874,140.0,155212
1196,Киа,202312,1398752.8395666804,12.0,155153
1197,Мерседес-Бенц,202407,4476932.99566903,27.0,205764
1198,Жигули,202501,617885.6226547486,10.0,119610
1199,Жигули,202412,408476.4210506534,3.0,120003
1200,Киа,202412,1162078.0255693148,80.0,151350
1201,Мерседес-Бенц,202410,11439458.319486286,7.0,200416
1202,Киа,202310,1936785.4615245163,21.0,152353
1203,Лада Самара,202408,466788.5447505851,30.0,129036
1204,Лада Самара,202311,458460.732937842,58.0,158328
1205,Жигули,202305,483627.10089399625,1.0,99595
1206,Lada,202312,729567.9684980811,2.0,113785
1207,Киа,202409,1933263.1883424453,57.0,179367
1208,Киа,202412,3442848.055939153,2.0,158249
1209,Мерседес-Бенц,202309,6209310.30261441,43.0,183962
1210,Lada,202411,746842.7768583343,62.0,147499
1211,Жигули,202310,348817.8632360226,12.0,112533
1212,Жигули,202301,412438.3786261892,2.0,123101
1213,Мерседес-Бенц,202312,4997279.227270774,77.0,208648
1214,Киа,202412,3138129.617948215,30.0,160307
1215,Киа,202312,1855807.4604137335,35.0,154696
1216,Лада Самара,202304,419062.60760469356,39.0,124893
1217,Lada,202309,815130.2053694755,5.0,126662
1218,Мерседес-Бенц,202312,5605383.525565022,6.0,205020
1219,Лада Самара,202412,348283.6687480338,151.0,119291
1220,Lada,202412,976724.9455578626,13.0,127331
1221,Lada,202407,873684.2141630673,5.0,130501
1222,Мерседес-Бенц,202303,6234828.498679696,27.0,207900
1223,Мерседес-Бенц,202303,8935302.184617097,43.0,196547
1224,Киа,202309,1435519.4651819644,44.0,164128
1225,Мерседес-Бенц,202402,4972395.850442248,8.0,174776
1226,Lada,202412,1104728.894753345,40.0,137520
1227,Жигули,202405,359702.54378281423,3.0,125991
1228,Лада Самара,202411,443555.64344302315,9.0,181001
1229,Лада Самара,202403,374886.56941031636,26.0,118259
1230,Киа,202403,1798936.8268280926,0.0,115673
1231,Жигули,202312,308372.378912331,12.0,133356
1232,Lada,202302,950604.4722141221,0.0,132516
1233,Мерседес-Бенц,202309,10565598.6598372,3.0,209659
1234,Lada,202312,1225552.585072535,2.0,108336
1235,Мерседес-Бенц,202311,5551064.033404758,38.0,203159
1236,Киа,202411,1251026.7234754995,39.0,155687
1237,Жигули,202311,501478.2514363577,2.0,103210
1238,Жигули,202406,396963.39481089375,25.0,105623
1239,Жигули,202409,644891.3098927131,38.0,115535
1240,Мерседес-Бенц,202501,6722150.732688122,50.0,192082
1241,Киа,202409,2074189.4481872253,8.0,159608
1242,Lada,202405,794401.154238906,24.0,129237
1243,Жигули,202312,266536.08293884934,9.0,108608
1244,Жигули,202407,367566.49830756756,35.0,151693
1245,Киа,202303,2760007.133554139,6.0,158530
1246,Жигули,202308,227322.1589926681,1.0,121118
1247,Лада Самара,202409,670725.4140272989,3.0,119798
1248,Lada,202405,594471.9132806723,31.0,122177
1249,Мерседес-Бенц,202403,4929505.6176741365,20.0,199789
1250,Мерседес-Бенц,202405,6541279.464394141,55.0,238433
1251,Киа,202406,1448942.8145778396,14.0,134048
1252,Лада Самара,202307,410032.75853127695,12.0,110499
1253,Лада Самара,202407,447870.5850564451,20.0,114476
1254,Lada,202309,960101.3744644951,24.0,113114
1255,Мерседес-Бенц,202409,5291988.562664331,41.0,193626
1256,Лада Самара,202409,311244.60001560627,1.0,145275
1257,Lada,202402,1265806.0758270123,34.0,112895
1258,Лада Самара,202309,489070.6650018626,8.0,132298
1259,Киа,202406,2371991.6813900205,0.0,132142
1260,Киа,202407,1903954.2205936157,21.0,148598
1261,Киа,202411,2612884.193592131,17.0,142342
1262,Жигули,202406,260587.68664287092,12.0,96855
1263,Киа,202411,3394634.5657791086,3.0,141040
1264,Киа,202310,1875404.9860737605,10.0,164738
1265,Киа,202307,2696360.886837782,2.0,149617
1266,Мерседес-Бенц,202411,8001216.031827985,15.0,200796
1267,Жигули,202303,393766.12158975494,,126900
1268,Lada,202312,946124.1583843991,12.0,132247
1269,Lada,202309,876028.1872310047,46.0,127333
1270,Киа,202303,2865485.6282531978,29.0,140558
1271,Мерседес-Бенц,202304,5093306.763036406,4.0,196707
1272,Киа,202311,2576899.4424864226,34.0,175855
1273,Жигули,202302,384466.0237418005,86.0,111374
1274,Lada,202406,1276401.3965691885,29.0,123478
1275,Мерседес-Бенц,202403,8402589.674562085,10.0,225235
1276,Киа,202304,1897510.9726617087,17.0,153788
1277,Киа,202409,2854368.284789523,32.0,177157
1278,Киа,202409,2457034.9195004674,6.0,172903
1279,Жигули,202407,378202.9362527185,19.0,132481
1280,Мерседес-Бенц,202406,7646948.1756183915,8.0,221644
1281,Мерседес-Бенц,202303,7241217.085910435,76.0,211677
1282,Лада Самара,202403,384300.17399232433,54.0,113590
1283,Жигули,202411,278347.5947706862,50.0,112502
1284,Лада Самара,202412,336247.3433535762,21.0,124686
1285,Киа,202409,1821380.6427556493,10.0,166841
1286,Киа,202411,2066070.3387701756,62.0,182818
1287,Жигули,202301,176628.62221215066,10.0,120047
1288,Киа,202304,2383681.2079938566,31.0,156146
1289,Лада Самара,202307,440983.57365840895,3.0,123736
1290,Киа,202306,1469604.9735908918,27.0,147615
1291,Lada,202404,803341.1887570791,7.0,128259
1292,Киа,202406,3450028.4416622096,42.0,182708
1293,Мерседес-Бенц,202309,5302989.014293466,108.0,245664
1294,Мерседес-Бенц,202307,3904765.705838665,17.0,179698
1295,Киа,202408,2647326.3269711453,11.0,152552
1296,Жигули,202311,200594.2343420476,17.0,117690
1297,Жигули,202405,431176.2455763335,2.0,81503
1298,Лада Самара,202406,485887.20879001915,3.0,150025
1299,Жигули,202501,411611.79993357486,11.0,155123
1300,Лада Самара,202404,339086.4795730352,47.0,150115
1301,Лада Самара,202312,427864.26508917246,0.0,121228
1302,Lada,202312,711518.7021556286,4.0,150874
1303,Киа,202308,1727879.380620377,28.0,159148
1304,Жигули,202306,641587.6961277016,44.0,150834
1305,Мерседес-Бенц,202406,7257263.6405881,8.0,211980
1306,Киа,202308,2365371.8822831158,6.0,149295
1307,Мерседес-Бенц,202401,5731545.296065063,31.0,206572
1308,Киа,202302,2604763.3453033995,,148317
1309,Киа,202401,2219412.554136061,64.0,162234
1310,Киа,202303,2633574.701607087,10.0,174848
1311,Жигули,202402,546062.7573479222,23.0,109963
1312,Жигули,202412,421278.70408578095,11.0,131763
1313,Киа,202311,1727227.0122897327,0.0,191445
1314,Мерседес-Бенц,202312,7940187.748863825,59.0,190003
1315,Лада Самара,202407,414119.07964112895,49.0,149509
1316,Lada,202309,938139.6089206038,5.0,132144
1317,Киа,202309,2006176.6113460448,23.0,131499
1318,Лада Самара,202412,301420.87722363044,1.0,108339
1319,Киа,202404,2733420.5226924983,67.0,165288
1320,Киа,202412,3018537.4244363373,26.0,134316
1321,Лада Самара,202401,456253.2254887725,18.0,146846
1322,Мерседес-Бенц,202411,7663033.572117152,13.0,208156
1323,Жигули,202409,318889.9793897897,1.0,140990
1324,Киа,202302,2251228.9792239354,5.0,135877
1325,Мерседес-Бенц,202310,4839953.826982799,2.0,180322
1326,Lada,202409,982260.4343498608,19.0,152819
1327,Жигули,202401,412306.896691325,,119707
1328,Мерседес-Бенц,202307,6072009.380333746,10.0,224342
1329,Lada,202303,931240.5670249229,1.0,148321
1330,Жигули,202410,203499.93128052985,14.0,140836
1331,Киа,202403,1869511.292271111,16.0,132945
1332,Киа,202412,1717812.4258022094,21.0,146598
1333,Мерседес-Бенц,202412,6743497.403385288,11.0,172629
1334,Мерседес-Бенц,202302,6104450.974017754,7.0,231998
1335,Киа,202311,1209272.64275395,21.0,148672
1336,Жигули,202311,289540.2397961694,16.0,95619
1337,Жигули,202402,164360.3163553932,11.0,134897
1338,Lada,202312,1356245.2202485986,-100.0,151726
1339,Жигули,202412,295173.0249292646,3.0,107256
1340,Жигули,202401,436026.4605195021,1.0,114696
1341,Жигули,202406,353542.40943250194,35.0,130589
1342,Жигули,202409,260647.7920571725,1.0,129632
1343,Киа,202410,1860835.7697369312,2.0,137671
1344,Лада Самара,202310,495642.2729543055,24.0,149769
1345,Жигули,202306,333664.8701475763,9.0,117732
1346,Киа,202401,2633278.2927019643,1.0,151433
1347,Мерседес-Бенц,202311,4489902.226615472,74.0,215586
1348,Жигули,202303,372885.10144125205,28.0,102033
1349,Lada,202409,978122.1061491523,38.0,127588
1350,Lada,202303,725586.4840995694,10.0,119064
1351,Lada,202302,860227.2731299277,10.0,124188
1352,Мерседес-Бенц,202408,4888469.270944907,7.0,209906
1353,Lada,202411,935353.524951295,15.0,125358
1354,Мерседес-Бенц,202308,4659563.884027239,17.0,212615
1355,Lada,202312,806223.0538384331,85.0,123371
1356,Жигули,202303,145882.95772069026,2.0,113102
1357,Лада Самара,202307,432920.2033036236,2.0,151446
1358,Мерседес-Бенц,202410,5858991.727743301,7.0,187838
1359,Киа,202501,2277724.7665829915,2.0,158567
1360,Киа,202302,1436274.4992409304,34.0,131134
1361,Лада Самара,202308,540595.2441435052,11.0,145903
1362,Lada,202412,887403.5468788284,7.0,122748
1363,Lada,202501,840719.1928098776,0.0,117955
1364,Жигули,202412,253047.54590313305,12.0,133928
1365,Мерседес-Бенц,202410,6955551.8619162785,14.0,162199
1366,Lada,202302,1108557.485603667,50.0,135068
1367,Жигули,202303,692518.3437753308,66.0,136467
1368,Мерседес-Бенц,202406,3433996.9994101864,26.0,171667
1369,Мерседес-Бенц,202501,8596987.885526966,6.0,200972
1370,Лада Самара,202404,453279.45468669187,20.0,119423
1371,Лада Самара,202309,591675.8249559492,71.0,127969
1372,Киа,202306,2415287.1657260093,57.0,154997
1373,Мерседес-Бенц,202306,6798941.726107377,105.0,220894
1374,Lada,202306,1254043.8913501909,17.0,142693
1375,Киа,202302,2732934.809133167,10.0,169687
1376,Киа,202307,2846235.675376195,0.0,138362
1377,Жигули,202303,359432.8322281548,10.0,113620
1378,Мерседес-Бенц,202305,3047019.1432404066,18.0,213487
1379,Лада Самара,202407,436939.2416021166,13.0,149769
1380,Лада Самара,202401,355723.1804778082,70.0,127160
1381,Жигули,202311,457842.20894106536,6.0,123587
1382,Киа,202408,2258760.1219448196,32.0,159330
1383,Киа,202403,2135162.5484775766,76.0,154126
1384,Жигули,202408,340176.50439997314,1.0,120859
1385,Лада Самара,202309,506515.5423894223,17.0,144577
1386,Лада Самара,202301,416233.69675459486,119.0,140702
1387,Жигули,202411,382283.761275768,20.0,121718
1388,Мерседес-Бенц,202310,5846407.544770157,38.0,205493
1389,Киа,202407,2082659.3651071405,21.0,167913
1390,Киа,202302,1259513.0804109308,54.0,157979
1391,Lada,202501,845434.5959367388,30.0,152780
1392,Мерседес-Бенц,202312,4600625.481569553,23.0,208861
1393,Жигули,202410,364232.9859321786,0.0,121261
1394,Мерседес-Бенц,202408,6130964.855262262,15.0,217672
1395,Lada,202303,772017.4692506032,26.0,128442
1396,Мерседес-Бенц,202410,2979308.728107025,16.0,160500
1397,Лада Самара,202409,381849.9742402659,7.0,112816
1398,Киа,202312,1899499.4521506191,14.0,163873
1399,Жигули,202501,346234.65864114184,7.0,127057
1400,Lada,202409,602271.0902385174,25.0,135778
1401,Жигули,202404,389135.48072935024,11.0,124092
1402,Мерседес-Бенц,202403,6288666.138702916,37.0,194786
1403,Мерседес-Бенц,202402,5523568.950973273,60.0,194295
1404,Киа,202403,2680449.3880293583,-100.0,147099
1405,Мерседес-Бенц,202409,5830865.129662643,32.0,225083
1406,Киа,202411,2021777.379903268,18.0,167828
1407,Киа,202401,2100979.637844514,25.0,156952
1408,Киа,202408,2769516.2767625973,23.0,153682
1409,Жигули,202304,424123.4784770354,6.0,119508
1410,Lada,202408,706497.4454289108,32.0,131077
1411,Жигули,202409,283717.4134771962,64.0,100997
1412,Жигули,202301,350122.0478619499,29.0,133491
1413,Киа,202412,2705929.7677789195,51.0,164465
1414,Лада Самара,202311,517867.19781020505,24.0,139519
1415,Lada,202301,918342.8219106868,32.0,145432
1416,Lada,202306,740602.5493672619,22.0,161994
1417,Лада Самара,202311,491067.6302402175,28.0,128866
1418,Киа,202402,1352563.6415497584,25.0,156014
1419,Лада Самара,202310,372987.8131640487,33.0,119683
1420,Киа,202306,2530974.827105648,33.0,181641
1421,Жигули,202307,241271.19778302818,76.0,124064
1422,Лада Самара,202302,582793.7777773812,8.0,109374
1423,Киа,202402,2910383.001399404,29.0,147064
1424,Жигули,202310,371282.11574968725,6.0,136619
1425,Киа,202301,2588437.168483043,-100.0,166123
1426,Киа,202404,1908379.9180784356,17.0,178239
1427,Лада Самара,202411,327041.4917371697,28.0,133602
1428,Жигули,202407,529930.0447877147,55.0,134370
1429,Жигули,202408,487297.7937118495,2.0,122803
1430,Жигули,202405,447480.5982966153,71.0,128178
1431,Lada,202401,525734.68762309,47.0,123769
1432,Lada,202304,846173.4295311884,44.0,100847
1433,Жигули,202305,564607.8667995059,19.0,121665
1434,Lada,202407,998215.5619635107,,110811
1435,Lada,202501,858830.1743168179,9.0,142810
1436,Киа,202312,2109932.4479810833,0.0,135478
1437,Жигули,202401,364712.0663801982,24.0,112338
1438,Киа,202407,1063570.7879880096,1.0,132145
1439,Лада Самара,202407,465026.01937612984,27.0,136558
1440,Жигули,202403,208889.5585624856,68.0,135123
1441,Жигули,202411,421693.2148753183,15.0,118097
1442,Мерседес-Бенц,202406,3708181.825750679,41.0,192198
1443,Мерседес-Бенц,202310,6093674.526980925,5.0,188373
1444,Мерседес-Бенц,202309,5353777.360699391,10.0,240634
1445,Lada,202308,623245.3463673769,49.0,136116
1446,Киа,202403,1031621.9392367381,15.0,114017
1447,Lada,202312,741217.9393103737,17.0,130191
1448,Жигули,202410,365033.1830328235,82.0,107160
1449,Lada,202312,986081.6687092229,10.0,126799
1450,Киа,202411,2618533.1216708156,3.0,131458
1451,Киа,202310,2192539.2557153166,8.0,181267
1452,Киа,202403,1599705.349327057,143.0,159050
1453,Киа,202404,3020601.277927394,30.0,169954
1454,Киа,202304,2202784.2826372907,3.0,178375
1455,Жигули,202303,326693.25082751515,2.0,121314
1456,Жигули,202405,371245.5463801747,2.0,152263
1457,Киа,202304,2847001.3984887158,5.0,127992
1458,Мерседес-Бенц,202501,8484970.73930683,17.0,238326
1459,Lada,202411,796780.6141932968,5.0,135929
1460,Киа,202501,3512410.210678342,23.0,166416
1461,Киа,202308,2792815.3458590787,34.0,150671
1462,Лада Самара,202308,352662.71760039596,78.0,145825
1463,Lada,202305,966027.4384788906,3.0,138234
1464,Мерседес-Бенц,202405,4839520.386234936,27.0,204948
1465,Lada,202412,976911.3836802467,23.0,138235
1466,Lada,202407,943799.4090690301,10.0,160717
1467,Мерседес-Бенц,202310,5367237.796362725,70.0,194472
1468,Киа,202306,3205155.7597190696,5.0,174247
1469,Lada,202406,884018.0141982964,1.0,120736
1470,Киа,202401,4239778.324108363,22.0,163271
1471,Киа,202306,1843243.3878803735,8.0,148724
1472,Мерседес-Бенц,202305,6622478.599383032,29.0,221234
1473,Мерседес-Бенц,202312,7168524.942669812,3.0,207867
1474,Lada,202308,682168.4734809019,1.0,136721
1475,Киа,202306,1888387.000675767,11.0,160097
1476,Жигули,202307,345046.7742905285,29.0,124718
1477,Киа,202311,2277460.141604056,4.0,168089
1478,Лада Самара,202309,399915.70913037204,14.0,141462
1479,Lada,202407,1093593.156960299,44.0,163702
1480,Киа,202307,1684288.4337223738,36.0,148824
1481,Киа,202306,2059177.4476603875,42.0,141902
1482,Жигули,202307,376083.78281925415,6.0,125662
1483,Мерседес-Бенц,202408,4355620.526669481,39.0,179884
1484,Киа,202405,2451884.4926186358,2.0,163763
1485,Lada,202302,964477.9350664464,17.0,131067
1486,Lada,202308,953981.0713407423,0.0,139035
1487,Мерседес-Бенц,202501,6815631.779959394,13.0,213487
1488,Lada,202402,870561.0970892123,1.0,129554
1489,Киа,202401,2521663.8953034077,2.0,151743
1490,Мерседес-Бенц,202309,6360801.927223824,9.0,177415
1491,Жигули,202407,249562.00119507895,84.0,118307
1492,Мерседес-Бенц,202301,4270533.334744424,78.0,226368
1493,Киа,202302,3127942.5646346733,21.0,133266
1494,Жигули,202312,177649.1610842282,91.0,130376
1495,Мерседес-Бенц,202308,5929277.61309474,4.0,220409
1496,Лада Самара,202312,475304.72486529103,18.0,126468
1497,Жигули,202301,408083.37287620874,10.0,138166
1498,Жигули,202405,388897.04934225115,7.0,130494
1499,Киа,202401,3572125.272273867,10.0,173344
1500,Lada,202304,1008240.0675334943,8.0,139530
1501,Киа,202408,1964519.6965254701,4.0,142142
1502,Lada,202306,1260444.4904873865,89.0,155686
1503,Жигули,202311,369142.79729239387,101.0,124081
1504,Киа,202410,2444407.7978490535,57.0,168557
1505,Lada,202307,931888.8105185452,5.0,127595
1506,Лада Самара,202409,616869.3831569114,14.0,127688
1507,Киа,202306,2206745.426782827,21.0,140814
1508,Lada,202303,855736.0827722255,31.0,157293
1509,Жигули,202305,442256.0778513338,5.0,127974
1510,Мерседес-Бенц,202308,7556667.066354214,14.0,177849
1511,Лада Самара,202304,612599.0229832185,-100.0,129741
1512,Жигули,202311,425035.2218594803,11.0,123912
1513,Мерседес-Бенц,202402,7603201.611849744,25.0,241650
1514,Мерседес-Бенц,202310,7766559.368760575,33.0,202540
1515,Киа,202312,2146708.8668878935,22.0,168644
1516,Lada,202411,855415.3359503864,28.0,161603
1517,Киа,202301,1843740.7652873108,3.0,130193
1518,Лада Самара,202409,341088.0255076081,0.0,126347
1519,Lada,202303,688138.0732185937,6.0,125075
1520,Лада Самара,202303,333950.6346548994,1.0,149095
1521,Мерседес-Бенц,202312,6499447.127985115,22.0,219287
1522,Лада Самара,202406,242677.7860999989,24.0,128722
1523,Лада Самара,202410,566079.9770326358,64.0,124270
1524,Мерседес-Бенц,202403,5497941.60186816,6.0,190966
1525,Лада Самара,202304,408531.23695542803,24.0,122963
1526,Lada,202309,850390.7316789865,18.0,128336
1527,Lada,202301,1018193.0656882648,34.0,128661
1528,Лада Самара,202305,522356.98296113004,19.0,142634
1529,Lada,202301,574000.6750788204,53.0,126356
1530,Киа,202301,2572447.800336036,9.0,158102
1531,Мерседес-Бенц,202304,5444372.188505838,9.0,191021
1532,Лада Самара,202411,360288.8672552554,7.0,118135
1533,Мерседес-Бенц,202407,3700927.194918585,66.0,203172
1534,Киа,202310,1423768.8466566044,0.0,132171
1535,Жигули,202306,301301.5411434185,26.0,108755
1536,Мерседес-Бенц,202309,5574124.465179225,3.0,189175
1537,Киа,202308,1624372.3085104723,4.0,173195
1538,Киа,202410,3141821.0345824547,25.0,146367
1539,Киа,202309,1405128.287625789,42.0,156636
1540,Mercedes,202407,5185297.4741020985,6.0,209704
1541,Киа,202407,2737240.1534206886,40.0,165538
1542,Лада Самара,202308,494964.0303627551,32.0,119100
1543,Лада Самара,202307,303750.76893930335,1.0,144388
1544,Жигули,202308,492725.79460489406,13.0,133264
1545,Лада Самара,202408,523858.54128852085,3.0,130135
1546,Лада Самара,202301,397268.97971634404,85.0,160822
1547,Лада Самара,202301,301551.0282476879,13.0,144907
1548,Киа,202412,1364498.492180874,45.0,192510
1549,Лада Самара,202407,369911.17789118405,4.0,142413
1550,Лада Самара,202406,344415.55364516494,15.0,120255
1551,Жигули,202405,523150.21359315724,7.0,113179
1552,Мерседес-Бенц,202406,5645321.523227409,,225994
1553,Киа,202304,2626034.5286438013,7.0,129066
1554,Киа,202410,2137597.69678941,5.0,147803
1555,Жигули,202312,304936.03145594103,1.0,86351
1556,Lada,202310,981876.1364252372,101.0,151947
1557,Киа,202407,1654620.1291584885,15.0,148968
1558,Лада Самара,202401,627822.7084190926,69.0,131445
1559,Киа,202310,1720077.3038118086,15.0,149473
1560,Киа,202408,3308199.632367504,27.0,142248
1561,Киа,202309,3158604.5453934637,6.0,134191
1562,Жигули,202402,463279.1195113879,105.0,124831
1563,Лада Самара,202307,489903.6699372987,3.0,126258
1564,Лада Самара,202405,521251.6856008266,7.0,120791
1565,Мерседес-Бенц,202301,5566991.326283291,36.0,251449
1566,Киа,202306,2360274.3909064652,0.0,140080
1567,Лада Самара,202308,494751.626097995,10.0,128353
1568,Лада Самара,202311,404970.1037992955,48.0,135609
1569,Lada,202307,874780.4518243115,8.0,133055
1570,Киа,202303,2502073.657933307,0.0,138607
1571,Киа,202407,1876222.8482899633,6.0,129192
1572,Lada,202403,1067526.2023282195,115.0,158233
1573,Лада Самара,202408,405922.85851521004,80.0,126031
1574,Жигули,202405,404850.5108281639,30.0,143634
1575,Lada,202409,794445.117740308,26.0,121087
1576,Лада Самара,202306,610280.9883089376,-100.0,142144
1577,Lada,202310,618824.9273601702,3.0,146311
1578,Lada,202405,535881.3641617498,60.0,137861
1579,Лада Самара,202304,551596.5506755023,7.0,111662
1580,Мерседес-Бенц,202402,7809670.991810025,19.0,209357
1581,Lada,202303,1038605.4223551792,36.0,156195
1582,Киа,202412,2092476.2275077037,0.0,123110
1583,Киа,202310,2004230.854451751,12.0,144823
1584,Киа,202501,2052306.7876441986,72.0,139912
1585,Жигули,202309,470329.4569167466,12.0,128083
1586,Киа,202301,2595654.41139248,15.0,178222
1587,Lada,202410,658756.2247896806,117.0,137863
1588,Жигули,202311,422650.0874180278,34.0,114125
1589,Киа,202403,1503385.093495914,56.0,184417
1590,Lada,202306,715998.0083065319,40.0,139810
1591,Мерседес-Бенц,202302,3583498.8862471804,16.0,204433
1592,Киа,202404,2888068.5791576477,17.0,148583
1593,Лада Самара,202401,322389.43775917654,35.0,121164
1594,Киа,202301,1403578.8959278201,34.0,162658
1595,Киа,202311,1738623.8203209534,4.0,161960
1596,Мерседес-Бенц,202407,9302965.401896998,13.0,201078
1597,Жигули,202312,328522.6791652719,2.0,126361
1598,Лада Самара,202405,365197.683210285,13.0,108466
1599,Киа,202501,2719776.6206360697,97.0,150330
1600,Мерседес-Бенц,202301,5900113.155621922,1.0,185929
1601,Киа,202406,2577320.428065528,24.0,155070
1602,Киа,202405,1722423.2359738185,15.0,134814
1603,Мерседес-Бенц,202304,4951662.895611825,19.0,174012
1604,Киа,202304,2931847.81921742,17.0,147386
1605,Лада Самара,202311,594781.4185396801,93.0,136425
1606,Киа,202407,2874027.012459661,10.0,169926
1607,Жигули,202302,391371.7369834539,14.0,128096
1608,Киа,202301,2202220.8030671477,11.0,161487
1609,Лада Самара,202404,390623.0097209268,22.0,111339
1610,Жигули,202404,387494.56515685085,20.0,135976
1611,Киа,202304,2359203.111845604,56.0,169087
1612,Киа,202406,2646138.5526938667,2.0,154269
1613,Жигули,202403,389358.56504978874,22.0,93598
1614,Жигули,202301,274882.13149467926,46.0,123926
1615,Мерседес-Бенц,202310,5464000.664426973,0.0,181434
1616,Жигули,202308,211752.90705376194,1.0,111877
1617,Жигули,202302,529436.0314286086,4.0,110832
1618,Киа,202501,1125251.8996423925,20.0,155995
1619,Лада Самара,202312,581063.5435391126,13.0,119441
1620,Lada,202307,919965.4513517247,16.0,137011
1621,Lada,202305,977332.02994572,13.0,154057
1622,Киа,202310,2416641.977894473,-100.0,145145
1623,Жигули,202311,337605.97772768006,1.0,111933
1624,Киа,202311,1425748.992260043,1.0,127381
1625,Mercedes,202411,3860529.3089648327,43.0,248605
1626,Киа,202306,2419161.485796617,32.0,138855
1627,Жигули,202307,443412.54432399623,28.0,114642
1628,Lada,202401,817284.6853148807,65.0,148175
1629,Киа,202305,891820.3981718346,12.0,155852
1630,Лада Самара,202411,413440.7219274581,29.0,114696
1631,Мерседес-Бенц,202301,5092421.978885966,9.0,215586
1632,Киа,202308,1121782.1025919782,56.0,148289
1633,Мерседес-Бенц,202406,5340941.5149093075,21.0,204356
1634,Мерседес-Бенц,202409,9531290.1252729,16.0,239546
1635,Мерседес-Бенц,202409,8799421.038795274,58.0,228559
1636,Лада Самара,202407,448677.83882261044,23.0,152704
1637,Жигули,202307,546966.8305665534,1.0,106421
1638,Киа,202308,2025977.1806474095,8.0,173451
1639,Мерседес-Бенц,202304,6905723.655164317,8.0,188997
1640,Киа,202501,1464595.8363223078,40.0,141555
1641,Жигули,202411,422685.4011005909,28.0,121366
1642,Жигули,202412,411434.1402664233,58.0,130329
1643,Киа,202401,1383220.3595444316,39.0,172315
1644,Киа,202310,2605238.3981158016,34.0,151987
1645,Киа,202401,2029412.4612571872,10.0,178826
1646,Жигули,202311,256018.6400240466,37.0,150362
1647,Lada,202403,689482.9626435386,34.0,121239
1648,Мерседес-Бенц,202303,5138834.786444798,0.0,220260
1649,Лада Самара,202405,335337.9141993392,22.0,136461
1650,Мерседес-Бенц,202309,7554545.691809143,26.0,230070
1651,Жигули,202301,356267.4737514938,61.0,110814
1652,Жигули,202302,332042.0314855469,65.0,139509
1653,Жигули,202409,331115.2794698212,87.0,117110
1654,Киа,202407,2259296.9025737075,14.0,168654
1655,Киа,202308,2310131.2176420856,65.0,152871
1656,Киа,202401,2987708.8717842805,15.0,149587
1657,Лада Самара,202301,581737.3362848185,13.0,134613
1658,Киа,202309,1914549.1578184594,15.0,162555
1659,Мерседес-Бенц,202501,5511667.113254581,20.0,206469
1660,Жигули,202312,389025.81331352703,17.0,129292
1661,Жигули,202401,359863.55415660073,105.0,124029
1662,Жигули,202407,398032.00820741366,0.0,100766
1663,Мерседес-Бенц,202406,4594634.821602639,25.0,213438
1664,Киа,202402,2127527.3703216636,74.0,160154
1665,Lada,202412,975980.6935152598,13.0,117452
1666,Лада Самара,202305,396137.26130436664,12.0,129687
1667,Мерседес-Бенц,202305,6496224.974638474,13.0,220887
1668,Мерседес-Бенц,202303,6064892.286814474,28.0,210275
1669,Lada,202305,836510.7419081026,25.0,141949
1670,Лада Самара,202405,517886.65682513505,4.0,126949
1671,Мерседес-Бенц,202408,5873740.789405337,64.0,195754
1672,Жигули,202401,428699.6182553441,12.0,125364
1673,Lada,202302,650365.5420125206,5.0,98197
1674,Lada,202405,1278485.6261701954,19.0,143222
1675,Жигули,202405,304424.1820242763,58.0,136463
1676,Lada,202501,949125.1306606451,15.0,145581
1677,Lada,202312,608811.0507075464,1.0,129741
1678,Lada,202403,905727.1599030755,22.0,152097
1679,Жигули,202301,287995.2428605325,2.0,131268
1680,Мерседес-Бенц,202408,6582694.643642907,18.0,177950
1681,Киа,202312,2367703.4847389376,50.0,147356
1682,Жигули,202410,467567.8581305082,91.0,125347
1683,Mercedes,202412,6206419.777181603,2.0,225014
1684,Жигули,202402,383195.6643540137,2.0,124552
1685,Мерседес-Бенц,202401,4406708.846518244,17.0,216544
1686,Киа,202406,2514920.4951251666,12.0,153323
1687,Lada,202309,1112205.378245926,10.0,143996
1688,Мерседес-Бенц,202307,5102760.209725027,27.0,203408
1689,Лада Самара,202312,361636.770617808,-100.0,154952
1690,Жигули,202306,472226.7494030023,21.0,147056
1691,Киа,202407,1804601.1868575676,8.0,169711
1692,Лада Самара,202501,520979.20895737206,15.0,144891
1693,Жигули,202308,391018.05874579307,4.0,123718
1694,Lada,202412,965511.9886801526,40.0,136504
1695,Lada,202303,830283.4800025524,1.0,139084
1696,Жигули,202312,553164.9488724082,66.0,127195
1697,Лада Самара,202308,536734.084524228,42.0,152047
1698,Мерседес-Бенц,202405,4363205.696281478,12.0,195998
1699,Мерседес-Бенц,202411,6506314.373812619,25.0,232024
1700,Киа,202408,1714762.587751199,5.0,154378
1701,Lada,202301,713754.6958409379,5.0,141112
1702,Lada,202409,719172.4331724931,10.0,131203
1703,Жигули,202404,403795.5632414064,18.0,121279
1704,Киа,202311,3374656.5595544158,5.0,161954
1705,Киа,202308,2614943.221559606,67.0,177225
1706,Киа,202401,1776995.9205811145,1.0,119981
1707,Киа,202307,1129404.135666806,44.0,151598
1708,Lada,202403,1269190.2934657582,13.0,117599
1709,Лада Самара,202304,543905.6984195033,8.0,130102
1710,Мерседес-Бенц,202407,5028530.972217408,6.0,219874
1711,Lada,202403,853790.6880767666,69.0,148127
1712,Мерседес-Бенц,202303,7736631.086165032,3.0,232304
1713,Жигули,202412,523853.3068139596,75.0,126861
1714,Киа,202403,1958733.8447883902,2.0,123669
1715,Киа,202402,1360016.2432679362,43.0,154863
1716,Киа,202307,2656196.781647488,1.0,163072
1717,Киа,202312,2734690.6574016726,22.0,168339
1718,Жигули,202301,210512.375695059,15.0,129900
1719,Киа,202407,2237269.547009371,83.0,149715
1720,Лада Самара,202305,695279.1221682029,16.0,154256
1721,Мерседес-Бенц,202307,6919542.644817139,,204334
1722,Лада Самара,202405,387612.7327777042,42.0,118775
1723,Жигули,202302,394620.5932300212,-100.0,115505
1724,Lada,202304,830907.5655703045,14.0,140741
1725,Мерседес-Бенц,202403,2438039.6185786203,96.0,186552
1726,Киа,202411,1309656.9963101,18.0,142440
1727,Киа,202401,1805439.2878306906,97.0,140262
1728,Лада Самара,202403,468307.1591251268,16.0,139755
1729,Киа,202306,1858046.064014872,17.0,141380
1730,Lada,202412,634543.8618240831,22.0,144494
1731,Лада Самара,202311,477945.1672170129,2.0,131164
1732,Мерседес-Бенц,202304,9162045.491615111,21.0,168409
1733,Мерседес-Бенц,202310,5166142.085893842,6.0,202127
1734,Лада Самара,202406,422126.3685489948,0.0,114446
1735,Киа,202408,1701277.766448652,,158865
1736,Лада Самара,202404,421004.78314736334,4.0,126103
1737,Lada,202404,743521.0048357466,12.0,148341
1738,Мерседес-Бенц,202310,6062936.224208516,48.0,236477
1739,Жигули,202404,328692.9545959049,27.0,113809
1740,Lada,202309,1297694.1412213487,2.0,145441
1741,Lada,202409,1287813.5163585837,63.0,126806
1742,Lada,202303,762461.9258696802,56.0,135905
1743,Мерседес-Бенц,202306,6185440.737851577,8.0,200293
1744,Киа,202302,1764027.6014257532,2.0,139184
1745,Киа,202306,2657550.2825352773,17.0,157178
1746,Жигули,202308,446556.4518547183,16.0,137358
1747,Киа,202301,1971895.2726898151,1.0,151853
1748,Мерседес-Бенц,202402,5880262.161502374,2.0,198461
1749,Mercedes,202408,5817894.184923858,8.0,197160
1750,Lada,202308,724433.8869195405,79.0,107053
1751,Жигули,202304,311977.6779883224,-100.0,117941
1752,Мерседес-Бенц,202306,6767409.121771284,0.0,163748
1753,Мерседес-Бенц,202402,6822699.828116419,25.0,185337
1754,Lada,202311,1267379.2264001383,4.0,136524
1755,Lada,202403,443394.4296476396,53.0,122091
1756,Мерседес-Бенц,202307,4537329.231899456,22.0,192796
1757,Киа,202401,3334374.466098908,43.0,157345
1758,Мерседес-Бенц,202306,6802048.543300465,9.0,210224
1759,Жигули,202403,267026.6895085589,71.0,118508
1760,Lada,202305,816378.1799120024,39.0,117380
1761,Lada,202303,920765.5926781535,2.0,126223
1762,Жигули,202401,267966.11637035274,,123642
1763,Mercedes,202306,7225998.607715327,52.0,231882
1764,Лада Самара,202404,382495.2574594581,8.0,147622
1765,Киа,202501,1899466.8796342707,37.0,144704
1766,Жигули,202410,508359.52234909293,50.0,107689
1767,Lada,202412,793719.5366995835,12.0,130685
1768,Жигули,202311,468236.04882519785,27.0,118166
1769,Мерседес-Бенц,202411,6180375.5673976,7.0,206274
1770,Жигули,202406,460329.106280501,33.0,140467
1771,Лада Самара,202311,412317.3967406281,9.0,119648
1772,Lada,202406,925534.0684629529,16.0,140236
1773,Киа,202403,2988030.8181957756,,159269
1774,Киа,202402,2355062.9655105905,29.0,148971
1775,Киа,202306,1765238.633266687,73.0,154253
1776,Жигули,202407,338184.17242046446,30.0,121821
1777,Мерседес-Бенц,202412,7167015.751988021,55.0,210048
1778,Мерседес-Бенц,202303,5324001.014135938,62.0,258140
1779,Киа,202303,1504965.6391903483,25.0,159424
1780,Киа,202301,2269637.6391194696,17.0,137319
1781,Мерседес-Бенц,202410,4959370.119717591,-100.0,209827
1782,Киа,202406,2216293.0430136425,24.0,195677
1783,Лада Самара,202501,383476.46927013015,43.0,133617
1784,Киа,202303,2378260.291282929,32.0,111703
1785,Киа,202410,3332816.7857101858,0.0,132227
1786,Lada,202501,1424527.5744784125,,127986
1787,Лада Самара,202306,394023.187270264,105.0,134684
1788,Киа,202302,2218276.646420846,10.0,175009
1789,Лада Самара,202407,456953.43512847164,12.0,140692
1790,Lada,202303,724437.5447923541,26.0,129001
1791,Жигули,202304,246943.16987623452,96.0,128573
1792,Lada,202404,1217543.0594050088,20.0,132785
1793,Киа,202311,2805391.3375702165,0.0,138254
1794,Лада Самара,202412,296070.96712081565,7.0,152835
1795,Киа,202310,2943483.960218344,2.0,173654
1796,Киа,202403,2263986.571518025,40.0,161299
1797,Киа,202412,2302806.2064955984,15.0,142213
1798,Жигули,202409,508217.39727834746,6.0,142101
1799,Lada,202412,823377.2900315323,82.0,144313
1800,Жигули,202404,346236.5876341278,7.0,122621
1801,Киа,202402,2960149.2293396983,23.0,142148
1802,Киа,202304,1279969.9547609836,1.0,142190
1803,Киа,202407,1601226.4655358258,6.0,186966
1804,Лада Самара,202411,548024.6025273572,43.0,112621
1805,Жигули,202305,495621.3822317101,8.0,160306
1806,Жигули,202406,302747.2868762905,13.0,143128
1807,Лада Самара,202410,546389.5404146899,10.0,155373
1808,Киа,202408,2736309.6473293025,15.0,157858
1809,Лада Самара,202309,461926.14164672495,5.0,126447
1810,Лада Самара,202403,438283.2326710943,8.0,126805
1811,Киа,202311,1939331.8201014418,5.0,130733
1812,Киа,202501,1894721.544507039,8.0,145339
1813,Лада Самара,202308,272193.30850745126,1.0,125954
1814,Lada,202308,762136.9876349971,11.0,141617
1815,Киа,202306,2322149.824878287,3.0,129838
1816,Киа,202309,1479204.9192031864,0.0,127735
1817,Киа,202301,2552544.1282322435,20.0,133709
1818,Lada,202401,823905.7225604148,23.0,140737
1819,Lada,202412,884125.9598563311,49.0,146744
1820,Киа,202404,2547417.793483938,16.0,172701
1821,Лада Самара,202309,378939.85332370887,0.0,115778
1822,Жигули,202407,400032.7316843633,14.0,118726
1823,Лада Самара,202305,257727.06099037625,59.0,123689
1824,Жигули,202405,420846.00607005996,-100.0,113310
1825,Жигули,202501,426447.27635849407,40.0,128896
1826,Жигули,202306,425274.1409982686,1.0,152636
1827,Киа,202306,1642777.0755856917,12.0,142433
1828,Жигули,202307,306829.860718173,35.0,103550
1829,Lada,202411,1028522.8150223915,41.0,166487
1830,Lada,202304,721344.9242286984,62.0,116107
1831,Киа,202309,2229535.488845298,8.0,144730
1832,Киа,202405,2366231.588188951,6.0,149920
1833,Лада Самара,202402,300854.71581921965,74.0,150367
1834,Жигули,202304,290077.3522930408,7.0,137808
1835,Киа,202410,2453247.03129733,9.0,146528
1836,Lada,202306,1053574.0857342198,14.0,164271
1837,Мерседес-Бенц,202408,6705492.774914829,0.0,188727
1838,Жигули,202305,237720.90257840525,21.0,106314
1839,Lada,202501,608860.5378500341,22.0,134667
1840,Лада Самара,202410,402517.8917695281,24.0,131624
1841,Жигули,202310,254552.81968253315,12.0,115244
1842,Киа,202309,1785480.0654495321,8.0,164684
1843,Жигули,202405,631843.4649633716,15.0,104827
1844,Lada,202308,1181503.798461863,36.0,145489
1845,Lada,202304,699625.4002907985,23.0,136676
1846,Киа,202311,1418321.8847975354,4.0,132083
1847,Lada,202412,954987.1030125251,22.0,138285
1848,Киа,202301,1879333.9496963825,-100.0,173012
1849,Киа,202501,2540285.256404066,13.0,160766
1850,Жигули,202312,365806.187845355,39.0,115965
1851,Мерседес-Бенц,202307,10324272.752303576,21.0,226227
1852,Жигули,202407,394830.17701569316,11.0,106357
1853,Киа,202303,2386032.340822658,31.0,159628
1854,Жигули,202401,552930.9255385607,13.0,143625
1855,Киа,202311,1388987.7510515968,12.0,132192
1856,Киа,202306,2818370.274991625,1.0,160605
1857,Жигули,202410,492774.00595936796,84.0,111716
1858,Лада Самара,202403,445580.2182063996,0.0,125312
1859,Киа,202308,2211734.5035500806,44.0,131160
1860,Киа,202310,1929901.9799952635,13.0,169058
1861,Киа,202408,1463190.708502865,4.0,131936
1862,Киа,202404,1957554.3076687402,35.0,148410
1863,Lada,202409,677831.4076434734,53.0,155234
1864,Лада Самара,202408,350582.93085204257,2.0,137648
1865,Lada,202311,925183.8937502126,17.0,148708
1866,Lada,202311,752302.8045574832,25.0,150734
1867,Lada,202310,1000298.8145290016,55.0,143238
1868,Киа,202404,2206960.3647234133,6.0,181098
1869,Мерседес-Бенц,202403,5721631.672156841,64.0,221164
1870,Жигули,202301,289438.5302159674,120.0,121932
1871,Lada,202501,854342.0862549923,32.0,132533
1872,Киа,202410,2687003.4291088376,37.0,148046
1873,Жигули,202307,262798.2120414474,30.0,121294
1874,Мерседес-Бенц,202405,4569533.95303463,5.0,222168
1875,Жигули,202409,387389.70457385964,2.0,103261
1876,Киа,202412,1347563.0749056002,7.0,122896
1877,Киа,202312,2172103.5335211824,40.0,127458
1878,Лада Самара,202501,301330.7090854907,76.0,124239
1879,Жигули,202407,428347.5082018627,37.0,123359
1880,Жигули,202408,387425.8891962376,12.0,139102
1881,Мерседес-Бенц,202303,9693284.462245354,-100.0,203355
1882,Жигули,202404,352232.28475078644,3.0,121857
1883,Жигули,202403,418803.27718542196,26.0,129608
1884,Киа,202501,1846937.823963932,36.0,164016
1885,Лада Самара,202410,398860.91032737406,19.0,153910
1886,Жигули,202403,235687.75762340063,25.0,116251
1887,Киа,202405,1713170.6429124465,71.0,147207
1888,Киа,202408,2223879.563390895,3.0,140928
1889,Lada,202411,901826.2059447861,42.0,158945
1890,Киа,202406,2400564.905675819,0.0,153758
1891,Киа,202310,2438426.900105518,30.0,154673
1892,Жигули,202410,267983.2865137111,24.0,152126
1893,Мерседес-Бенц,202307,8411428.02570776,6.0,197278
1894,Жигули,202307,262814.581414479,10.0,109312
1895,Лада Самара,202411,481261.974875541,2.0,114054
1896,Киа,202501,2845069.49530393,12.0,159105
1897,Киа,202306,1671447.7002703312,12.0,132271
1898,Мерседес-Бенц,202311,4598206.955943107,52.0,222453
1899,Лада Самара,202309,372175.66261957923,16.0,130543
1900,Киа,202411,2737685.313667783,-100.0,141997
1901,Lada,202304,710466.3538938127,48.0,148695
1902,Жигули,202409,424547.0150216889,8.0,113567
1903,Киа,202401,1915954.7661074293,33.0,141390
1904,Мерседес-Бенц,202404,5826968.708690832,8.0,203627
1905,Мерседес-Бенц,202303,7193660.733070705,33.0,196370
1906,Киа,202306,2094385.586789161,9.0,162443
1907,Lada,202305,852897.9890125729,2.0,151456
1908,Мерседес-Бенц,202408,3758405.947979282,2.0,250866
1909,Мерседес-Бенц,202305,5492053.910251721,6.0,194496
1910,Киа,202412,2426851.388554334,25.0,142601
1911,Киа,202407,2221858.5528974435,10.0,130472
1912,Мерседес-Бенц,202311,8272954.989496945,13.0,214281
1913,Lada,202403,431972.28071773564,0.0,142717
1914,Лада Самара,202408,504335.6045417063,12.0,118264
1915,Лада Самара,202405,461010.25166313595,4.0,114096
1916,Мерседес-Бенц,202305,6930195.53242148,1.0,264527
1917,Lada,202306,994103.8719611597,16.0,119106
1918,Жигули,202311,260681.74816797138,-100.0,112846
1919,Жигули,202309,485486.5331171407,57.0,98607
1920,Lada,202404,776031.6275353326,-100.0,104234
1921,Киа,202402,2519641.8720232593,4.0,145392
1922,Киа,202406,1510321.952661577,26.0,172414
1923,Киа,202406,3480622.884042359,6.0,149670
1924,Киа,202401,2186082.2550922977,1.0,117434
1925,Мерседес-Бенц,202401,4254334.834762927,23.0,204921
1926,Жигули,202409,394600.5849356658,19.0,103018
1927,Киа,202403,2651376.701820933,60.0,138340
1928,Жигули,202304,521228.15235790686,24.0,123584
1929,Жигули,202302,407121.0164657712,44.0,121166
1930,Жигули,202403,408142.39925131586,58.0,126401
1931,Мерседес-Бенц,202501,6729409.602110745,22.0,230096
1932,Жигули,202309,322492.6462784513,8.0,119773
1933,Жигули,202403,351333.4452378917,23.0,112951
1934,Лада Самара,202305,549311.1073284872,7.0,141186
1935,Мерседес-Бенц,202405,6007931.307937785,22.0,174841
1936,Киа,202307,2572080.590010265,46.0,153991
1937,Лада Самара,202309,325554.72911922,12.0,152144
1938,Лада Самара,202304,350737.9214939332,47.0,126780
1939,Жигули,202305,363737.1454547542,44.0,115711
1940,Жигули,202304,548341.4431216073,4.0,144141
1941,Lada,202407,1084052.6065471633,8.0,137689
1942,Жигули,202306,337816.00534389523,20.0,123050
1943,Лада Самара,202306,491607.20976539183,12.0,137971
1944,Lada,202405,748255.4366381317,61.0,125051
1945,Киа,202501,2341618.608574893,4.0,166472
1946,Жигули,202406,505784.62063548877,1.0,136796
1947,Мерседес-Бенц,202309,6719939.246875758,115.0,204667
1948,Жигули,202308,284071.57181213534,4.0,123903
1949,Киа,202411,2232310.6376709,48.0,168534
1950,Лада Самара,202404,338317.3627305234,76.0,151023
1951,Киа,202402,2345188.6681425576,4.0,166428
1952,Киа,202406,1393942.385505293,28.0,130662
1953,Lada,202407,1051425.2020684388,13.0,144919
1954,Мерседес-Бенц,202306,5287861.456990338,15.0,239744
1955,Lada,202410,1085756.6070330325,43.0,145655
1956,Жигули,202409,315647.5800047657,32.0,142778
1957,Lada,202311,590620.0114440625,20.0,135272
1958,Лада Самара,202408,546002.8271019326,73.0,142434
1959,Киа,202406,2374796.3682072666,30.0,151853
1960,Жигули,202310,383838.34378015524,7.0,126928
1961,Lada,202306,1074391.8943800288,25.0,147811
1962,Жигули,202412,429891.1622722843,4.0,106107
1963,Жигули,202409,417114.38000670064,15.0,122536
1964,Lada,202308,915288.271568383,12.0,135472
1965,Lada,202407,1172674.0639051166,80.0,130946
1966,Мерседес-Бенц,202306,5834010.111998549,36.0,214735
1967,Киа,202306,1291866.2920637797,43.0,139267
1968,Жигули,202308,412003.72298049706,0.0,104165
1969,Киа,202404,1085777.4246998432,5.0,138545
1970,Лада Самара,202409,643544.0760528801,32.0,120295
1971,Киа,202307,2210375.864453169,16.0,140786
1972,Киа,202312,2991176.0652864794,-100.0,176474
1973,Мерседес-Бенц,202306,6513343.586616563,23.0,185372
1974,Киа,202303,2227240.0075937347,14.0,137903
1975,Лада Самара,202312,451796.55813569704,50.0,138121
1976,Киа,202305,1461047.0067394362,26.0,136304
1977,Лада Самара,202311,461521.51351783564,97.0,125383
1978,Лада Самара,202409,338440.5241325683,11.0,118345
1979,Киа,202311,1822466.9830257846,8.0,149743
1980,Mercedes,202311,5891990.983676329,3.0,217278
1981,Киа,202405,2846214.167195027,18.0,158732
1982,Киа,202412,2064644.4978329234,5.0,151790
1983,Киа,202412,1585248.9060458748,92.0,172335
1984,Киа,202307,2243718.8835004736,21.0,143823
1985,Жигули,202405,375123.3322845487,10.0,107532
1986,Киа,202403,2506950.750020231,58.0,140975
1987,Lada,202301,1228198.518467495,82.0,165763
1988,Lada,202501,805095.3767477621,12.0,110488
1989,Мерседес-Бенц,202302,4780853.46392444,16.0,229834
1990,Мерседес-Бенц,202312,6984874.343589506,15.0,230360
1991,Жигули,202411,314334.26521907555,27.0,125412
1992,Lada,202304,935662.4589317273,19.0,124074
1993,Мерседес-Бенц,202412,6293219.019561108,1.0,208627
1994,Lada,202410,755125.3299829531,17.0,124704
1995,Жигули,202409,489146.08662583213,42.0,117382
1996,Lada,202301,1009594.0948838972,79.0,141181
1997,Жигули,202306,389944.07689636573,16.0,115661
1998,Мерседес-Бенц,202312,4684191.291496575,22.0,184914
1999,Жигули,202308,221704.21699122456,15.0,118528
2000,Lada,202405,1325354.5349738973,49.0,144850
2001,Мерседес-Бенц,202402,4673116.053591475,4.0,226140
2002,Киа,202309,1708712.3093285402,26.0,162065
2003,Лада Самара,202312,382685.78681411606,16.0,156926
2004,Жигули,202410,330532.8116853403,2.0,120811
2005,Лада Самара,202311,435600.8877587287,18.0,132333
2006,Lada,202501,681815.5588007709,12.0,160920
2007,Жигули,202408,213015.5535187664,22.0,116855
2008,Киа,202303,3370622.663772005,6.0,163527
2009,Киа,202409,1844422.8164766652,30.0,172357
2010,Лада Самара,202404,444107.6434264398,6.0,105013
2011,Мерседес-Бенц,202302,9905802.218517004,11.0,207106
2012,Киа,202310,1401671.0979431316,48.0,136488
2013,Лада Самара,202408,592680.5949830828,5.0,118352
2014,Lada,202311,851306.6054873654,19.0,124874
2015,Жигули,202303,335410.48219664604,42.0,102470
2016,Жигули,202401,475719.8218106478,45.0,133776
2017,Lada,202301,1104658.655776543,10.0,131386
2018,Лада Самара,202412,577846.6068877237,95.0,153178
2019,Lada,202309,803770.8902546728,8.0,138050
2020,Lada,202402,1143779.1190161486,10.0,134385
2021,Жигули,202306,513587.3987122685,13.0,111610
2022,Жигули,202402,301398.1664236782,4.0,114686
2023,Lada,202310,941715.2907813673,58.0,143234
2024,Жигули,202412,474144.115441426,1.0,113656
2025,Lada,202409,699244.9808122937,8.0,126166
2026,Мерседес-Бенц,202301,7128990.835803354,49.0,208895
2027,Лада Самара,202404,409944.0877461091,14.0,150986
2028,Киа,202312,2323726.029755079,,152830
2029,Мерседес-Бенц,202408,6505082.848931898,5.0,226014
2030,Лада Самара,202404,383743.63733502396,18.0,108320
2031,Жигули,202401,388855.12504646817,8.0,121994
2032,Мерседес-Бенц,202501,4528866.472850295,12.0,202230
2033,Lada,202410,941182.2310706852,32.0,124653
2034,Лада Самара,202304,562109.5320758643,34.0,138509
2035,Киа,202412,2323008.8379117893,39.0,165718
2036,Lada,202401,696022.4071763055,24.0,137080
2037,Киа,202407,1975712.128294092,0.0,124686
2038,Lada,202402,967506.720797104,19.0,142387
2039,Lada,202412,1321033.6226827302,42.0,154473
2040,Киа,202309,1612392.0375183134,3.0,149443
2041,Мерседес-Бенц,202301,6789134.2375926245,12.0,204405
2042,Киа,202410,2221979.9768577153,1.0,135618
2043,Жигули,202404,359661.3095301691,4.0,123867
2044,Киа,202308,2113498.029061135,14.0,145466
2045,Лада Самара,202410,290062.49779279815,50.0,196832
2046,Lada,202411,881407.003609126,21.0,152269
2047,Киа,202407,2905725.609873861,16.0,155564
2048,Киа,202501,1949550.7706299496,-100.0,156924
2049,Лада Самара,202410,684046.46885366,10.0,132531
2050,Lada,202406,512211.76991807745,20.0,141626
2051,Киа,202407,1719875.5167760535,35.0,161485
2052,Lada,202308,1327132.3817481678,18.0,125931
2053,Киа,202406,2044650.1914684607,8.0,146027
2054,Лада Самара,202412,636297.1248513851,1.0,133916
2055,Жигули,202403,397087.9917895478,5.0,124839
2056,Жигули,202305,442582.658287834,5.0,116821
2057,Мерседес-Бенц,202302,5766963.003308738,36.0,199710
2058,Киа,202311,2450740.2212265497,35.0,161837
2059,Лада Самара,202410,518363.61349633936,11.0,141835
2060,Мерседес-Бенц,202402,8069066.809509566,5.0,194639
2061,Киа,202309,2570051.4310543174,23.0,123481
2062,Lada,202312,978887.0131046259,10.0,143031
2063,Лада Самара,202404,636460.6971023413,9.0,146365
2064,Жигули,202307,280941.04186340957,12.0,128348
2065,Жигули,202301,224103.13791852831,8.0,142866
2066,Lada,202407,691817.0599721988,6.0,144736
2067,Мерседес-Бенц,202401,8371251.781650658,4.0,208251
2068,Киа,202405,1836815.612408687,54.0,139581
2069,Киа,202310,1129410.8001379243,-100.0,150156
2070,Мерседес-Бенц,202407,5061151.696667121,5.0,198406
2071,Киа,202410,2487462.0443698433,17.0,155042
2072,Lada,202312,947581.140928276,26.0,120376
2073,Киа,202401,1412411.7962236,10.0,158187
2074,Жигули,202307,378033.50594857323,-100.0,112380
2075,Lada,202409,1038372.8640303046,9.0,139303
2076,Жигули,202306,340104.91403820144,75.0,117613
2077,Lada,202310,640934.494914872,19.0,133633
2078,Жигули,202305,299205.5079662429,37.0,111854
2079,Mercedes,202307,5003590.120944457,1.0,200507
2080,Mercedes,202401,4343873.962373403,17.0,238824
2081,Lada,202312,1002211.9105391733,70.0,151267
2082,Жигули,202310,442776.8449767347,1.0,116299
2083,Мерседес-Бенц,202409,7232561.695983122,4.0,229514
2084,Киа,202402,2548101.428077334,0.0,156656
2085,Мерседес-Бенц,202408,7585487.345067317,83.0,215290
2086,Жигули,202311,367340.779527523,31.0,110958
2087,Лада Самара,202401,324920.46380006964,8.0,136318
2088,Киа,202404,2287057.091369772,25.0,157443
2089,Киа,202404,1842385.1101311352,21.0,159693
2090,Lada,202305,1027332.1309772251,-100.0,132402
2091,Мерседес-Бенц,202411,5286385.768540335,29.0,193051
2092,Лада Самара,202411,546430.7795693626,26.0,115105
2093,Киа,202303,1532280.5699614559,8.0,151001
2094,Мерседес-Бенц,202404,6145871.847364124,24.0,205204
2095,Киа,202303,2426272.938635945,31.0,172129
2096,Киа,202307,1722143.6541964926,25.0,137370
2097,Мерседес-Бенц,202307,6920370.850506494,22.0,206456
2098,Киа,202501,2066699.8541827933,25.0,136191
2099,Жигули,202308,245209.72699926165,12.0,142036
2100,Жигули,202302,379791.6241873514,15.0,117214
2101,Мерседес-Бенц,202411,4374648.004099006,2.0,173690
2102,Киа,202403,2760305.012866815,4.0,149383
2103,Лада Самара,202307,366406.0606081045,55.0,138667
2104,Лада Самара,202308,399450.0216834755,39.0,127433
2105,Лада Самара,202410,360338.9906852393,12.0,133559
2106,Мерседес-Бенц,202301,4991014.023073577,,188804
2107,Лада Самара,202401,382206.0811193143,50.0,128743
2108,Лада Самара,202312,351573.34435286815,25.0,127676
2109,Киа,202401,1218854.5772936847,13.0,196151
2110,Lada,202501,1214153.681088066,30.0,153147
2111,Жигули,202405,361302.32007896894,80.0,123648
2112,Мерседес-Бенц,202309,9415980.158047603,23.0,204492
2113,Lada,202403,660332.9580654491,107.0,155708
2114,Киа,202401,2380219.1000994374,16.0,169888
2115,Жигули,202404,368327.6730462758,4.0,115211
2116,Мерседес-Бенц,202407,5657589.634224636,56.0,263761
2117,Мерседес-Бенц,202406,6757544.96274744,8.0,197553
2118,Lada,202312,535248.0001393586,25.0,131912
2119,Киа,202310,2484677.768790797,5.0,157601
2120,Киа,202303,1845910.9515946265,14.0,152739
2121,Лада Самара,202410,466563.9285730342,66.0,129833
2122,Lada,202308,649590.2436546508,19.0,131567
2123,Киа,202302,1526152.7997066553,9.0,140523
2124,Киа,202402,2321223.17171203,62.0,154623
2125,Лада Самара,202406,611727.548197286,3.0,129678
2126,Лада Самара,202501,584001.8255658103,17.0,141294
2127,Жигули,202301,417116.01097799547,2.0,121222
2128,Киа,202402,2883969.500622507,23.0,139463
2129,Мерседес-Бенц,202302,6441933.470253553,12.0,195797
2130,Киа,202412,2864535.1248423965,18.0,169435
2131,Lada,202304,829279.308769813,33.0,135125
2132,Mercedes,202301,8000121.768552082,15.0,206371
2133,Жигули,202408,331695.1332101533,20.0,118543
2134,Мерседес-Бенц,202312,3476943.0184973883,49.0,207421
2135,Жигули,202406,534433.2594573087,15.0,151392
2136,Киа,202307,1913994.897903339,22.0,145955
2137,Жигули,202412,475589.15094006405,27.0,118650
2138,Лада Самара,202412,379483.63059823314,7.0,135861
2139,Киа,202309,1540316.1432907628,4.0,157861
2140,Киа,202410,2531260.1801207433,23.0,185480
2141,Киа,202410,2070824.8482077231,9.0,146361
2142,Lada,202412,720253.1606461795,-100.0,133843
2143,Жигули,202308,347058.2350069487,24.0,108463
2144,Жигули,202302,202357.2849653444,29.0,107215
2145,Мерседес-Бенц,202309,2725443.144179313,1.0,196910
2146,Мерседес-Бенц,202404,6428516.095183889,-100.0,187452
2147,Лада Самара,202308,283551.53105980426,0.0,107335
2148,Lada,202310,1209962.3895226642,38.0,127528
2149,Киа,202405,1225962.6632647242,3.0,129816
2150,Мерседес-Бенц,202406,7415256.62491963,4.0,201333
2151,Киа,202406,1671926.943710781,22.0,133365
2152,Киа,202306,2543562.9787679724,29.0,146707
2153,Лада Самара,202407,351835.8229895217,1.0,135173
2154,Lada,202407,751680.0914062955,4.0,129877
2155,Киа,202301,1988629.2643694738,13.0,149306
2156,Киа,202410,3933116.3725828384,30.0,136108
2157,Киа,202410,1940502.0520195684,77.0,163334
2158,Жигули,202308,411654.96208602935,41.0,125971
2159,Жигули,202404,308925.0002157815,6.0,118298
2160,Жигули,202303,335261.11797209247,5.0,122053
2161,Lada,202408,730753.5782903867,0.0,124437
2162,Lada,202302,585482.9331486572,3.0,137624
2163,Жигули,202411,393598.51607980084,3.0,127585
2164,Lada,202309,867628.4319479823,13.0,130081
2165,Жигули,202401,319182.4878221801,23.0,116473
2166,Мерседес-Бенц,202402,5788105.745989863,31.0,196187
2167,Lada,202405,733604.1640091066,11.0,125473
2168,Lada,202403,806709.5038685435,31.0,124850
2169,Жигули,202408,541818.1142617713,29.0,122275
2170,Лада Самара,202401,348932.7923195295,60.0,131984
2171,Lada,202307,860465.4440571963,57.0,136786
2172,Лада Самара,202405,564369.330968689,42.0,142123
2173,Мерседес-Бенц,202310,5800019.955385052,55.0,215116
2174,Жигули,202411,269469.3622406761,12.0,137470
2175,Мерседес-Бенц,202307,7112314.92846199,0.0,193869
2176,Киа,202405,1326161.148588546,10.0,145947
2177,Киа,202402,3353417.0239416,5.0,150581
2178,Мерседес-Бенц,202307,7512078.129316307,13.0,219803
2179,Киа,202407,1948124.3874871403,5.0,182167
2180,Киа,202405,2096590.9050604273,7.0,154527
2181,Мерседес-Бенц,202308,5794171.876258753,5.0,206551
2182,Жигули,202310,382613.89345703094,39.0,136444
2183,Lada,202408,975598.0144907451,7.0,128059
2184,Мерседес-Бенц,202403,6388620.21952933,18.0,204593
2185,Киа,202412,1426383.9631931516,28.0,156200
2186,Lada,202404,913105.5300267568,37.0,126370
2187,Киа,202311,2384125.8935740045,8.0,130901
2188,Лада Самара,202312,601381.2573455512,7.0,142069
2189,Киа,202501,2098627.5621210565,9.0,135989
2190,Лада Самара,202307,398197.4181857051,51.0,150109
2191,Lada,202401,823188.8396843775,11.0,129915
2192,Киа,202307,2030496.0759206065,6.0,146644
2193,Киа,202301,2067027.6445571894,20.0,126877
2194,Лада Самара,202405,335173.0337108816,21.0,140443
2195,Лада Самара,202310,418500.85504064977,17.0,141479
2196,Лада Самара,202409,393196.7821310295,10.0,140841
2197,Лада Самара,202301,359500.20011591143,39.0,146926
2198,Лада Самара,202305,419880.410607167,2.0,109456
2199,Lada,202404,1005971.6921774653,84.0,121789
2200,Лада Самара,202405,381063.3378369203,2.0,114255
2201,Лада Самара,202301,471316.86580516,7.0,127977
2202,Lada,202307,860662.959471632,7.0,122740
2203,Киа,202404,1637203.9382702976,5.0,153498
2204,Lada,202305,700536.77294119,1.0,129543
2205,Лада Самара,202302,568337.4575557829,99.0,143680
2206,Лада Самара,202403,363795.599509335,14.0,141059
2207,Жигули,202402,527998.3800014422,28.0,100490
2208,Киа,202307,2513844.021107634,0.0,154208
2209,Жигули,202501,405080.35444950376,19.0,117214
2210,Lada,202412,1057949.7092525973,14.0,148701
2211,Киа,202306,1725232.1946085412,42.0,131066
2212,Мерседес-Бенц,202305,6670368.613568981,204.0,224136
2213,Киа,202302,3365926.409914612,7.0,151377
2214,Лада Самара,202311,359518.44515069487,3.0,152958
2215,Киа,202406,2748362.305314335,33.0,155252
2216,Киа,202403,2007746.5181750557,197.0,169815
2217,Мерседес-Бенц,202307,5713636.708017593,26.0,175351
2218,Киа,202403,2122748.2940380075,34.0,152624
2219,Жигули,202309,240054.24906598727,9.0,111087
2220,Жигули,202303,133695.61429269207,5.0,114339
2221,Киа,202312,1376799.7346146775,13.0,148722
2222,Лада Самара,202311,496460.17227009963,20.0,125010
2223,Киа,202312,1787768.7423974324,23.0,161136
2224,Лада Самара,202404,404503.5418576906,1.0,141252
2225,Lada,202403,1146109.312173165,36.0,124464
2226,Киа,202501,1823161.9780035755,15.0,154357
2227,Лада Самара,202409,315766.1616989409,3.0,108679
2228,Мерседес-Бенц,202404,7321587.604940887,37.0,229397
2229,Лада Самара,202404,561716.4285570976,8.0,134722
2230,Жигули,202302,367630.48564072256,25.0,121020
2231,Киа,202405,1836103.4111461048,2.0,172493
2232,Lada,202301,1053560.0953469803,8.0,138810
2233,Киа,202301,2189575.9364951323,13.0,198598
2234,Lada,202411,664735.0624119648,34.0,122228
2235,Мерседес-Бенц,202404,5492112.02129419,29.0,187882
2236,Mercedes,202402,4216855.473532698,25.0,247874
2237,Lada,202407,836210.2107048288,7.0,130566
2238,Мерседес-Бенц,202301,7076546.482766564,18.0,231641
2239,Жигули,202310,460224.8521101173,65.0,111920
2240,Киа,202310,1541812.9323067132,71.0,172574
2241,Лада Самара,202407,346541.3490039389,16.0,133408
2242,Лада Самара,202412,293156.39756550535,40.0,135837
2243,Киа,202401,2397609.1868410134,10.0,132760
2244,Киа,202409,1805255.9721447362,50.0,171690
2245,Жигули,202406,402278.6480471629,15.0,127313
2246,Лада Самара,202410,309797.56613947585,3.0,138936
2247,Жигули,202302,370693.06571852363,14.0,105690
2248,Лада Самара,202402,405540.42377487675,25.0,132327
2249,Жигули,202303,398549.8713407166,23.0,121612
2250,Лада Самара,202308,350794.90197613626,38.0,118927
2251,Киа,202402,1629751.587078893,3.0,157938
2252,Жигули,202412,242639.39816173987,15.0,132784
2253,Жигули,202408,271206.7866418403,-100.0,98035
2254,Жигули,202406,402085.6060578584,73.0,123282
2255,Жигули,202404,315634.66214222583,18.0,132669
2256,Lada,202306,724632.9289205493,33.0,162152
2257,Lada,202408,1071429.586610652,18.0,147660
2258,Мерседес-Бенц,202309,5813949.735907009,25.0,187341
2259,Киа,202402,1310395.2328942856,8.0,135944
2260,Киа,202307,2970453.33758242,12.0,155309
2261,Киа,202305,1487665.8242682735,26.0,162600
2262,Lada,202404,1543755.937467686,13.0,135912
2263,Киа,202403,3446611.0785041316,5.0,142713
2264,Мерседес-Бенц,202408,6837999.250179274,16.0,223647
2265,Lada,202409,659844.389784893,22.0,150830
2266,Лада Самара,202501,441255.7940999234,2.0,126604
2267,Жигули,202409,594643.8706907353,5.0,120246
2268,Киа,202407,2106099.505472149,17.0,161587
2269,Киа,202312,1499825.6882696964,4.0,142165
2270,Жигули,202403,397164.58505841,13.0,132855
2271,Lada,202412,741212.1444150594,17.0,129452
2272,Киа,202304,2184053.0357232927,31.0,168271
2273,Жигули,202412,264990.91709250794,6.0,111703
2274,Лада Самара,202307,330433.247161811,32.0,171010
2275,Киа,202411,2071569.1065942596,71.0,152678
2276,Жигули,202405,357064.76319712214,15.0,129520
2277,Киа,202412,2737992.5940660015,95.0,175687
2278,Жигули,202307,579080.2668960305,3.0,118391
2279,Лада Самара,202408,295588.3411679979,24.0,139469
2280,Мерседес-Бенц,202302,5090735.491545063,10.0,207157
2281,Мерседес-Бенц,202407,5053675.113420502,1.0,245076
2282,Лада Самара,202302,403771.2496827712,45.0,161488
2283,Лада Самара,202310,228009.70462603174,21.0,125569
2284,Мерседес-Бенц,202406,4709359.08330195,18.0,186356
2285,Киа,202307,1323920.4260978093,15.0,159215
2286,Lada,202409,922890.7188134394,31.0,138908
2287,Киа,202401,2287138.3343452206,64.0,181002
2288,Лада Самара,202309,498982.0691730878,54.0,142842
2289,Жигули,202306,541617.7608880078,9.0,121752
2290,Мерседес-Бенц,202411,6236912.023515334,4.0,184712
2291,Жигули,202407,445959.4352138598,18.0,116616
2292,Мерседес-Бенц,202305,8918508.573507922,29.0,195017
2293,Мерседес-Бенц,202401,5053946.105239755,60.0,201793
2294,Киа,202301,1857087.8656748226,6.0,143987
2295,Жигули,202412,328283.24024759204,13.0,116915
2296,Lada,202310,1094100.4944907846,1.0,131023
2297,Мерседес-Бенц,202312,9897427.930637617,11.0,218743
2298,Lada,202409,789179.1496256845,20.0,150132
2299,Киа,202302,2114495.253675972,6.0,161593
2300,Киа,202304,2070026.370797666,17.0,131346
2301,Лада Самара,202408,478924.8919632731,17.0,119421
2302,Мерседес-Бенц,202301,8011480.14641294,69.0,202980
2303,Мерседес-Бенц,202406,8886694.397612287,8.0,183650
2304,Лада Самара,202403,398869.97907267854,89.0,143170
2305,Lada,202308,700384.6169557852,43.0,136497
2306,Мерседес-Бенц,202408,6077214.532121278,25.0,209992
2307,Lada,202306,830179.5575731726,52.0,156246
2308,Lada,202302,1036632.6490100797,11.0,130679
2309,Жигули,202301,310419.22000327695,61.0,110201
2310,Киа,202307,1709067.2210074821,4.0,145142
2311,Жигули,202307,386415.15998361004,2.0,95550
2312,Жигули,202302,312627.93675067264,24.0,120182
2313,Lada,202311,1326668.2777138874,25.0,106879
2314,Лада Самара,202401,471124.1002869254,13.0,134912
2315,Лада Самара,202312,370722.2272902746,4.0,147523
2316,Лада Самара,202301,463156.5491895236,25.0,143012
2317,Мерседес-Бенц,202304,9144822.287928592,0.0,199888
2318,Киа,202310,1568687.1835709154,4.0,155636
2319,Мерседес-Бенц,202412,4657014.0717417,61.0,193970
2320,Лада Самара,202406,262937.8303075395,72.0,110906
2321,Мерседес-Бенц,202301,6137592.771365099,70.0,185449
2322,Мерседес-Бенц,202403,6462188.746210971,27.0,220716
2323,Киа,202302,2955316.9747899533,38.0,169023
2324,Lada,202408,844875.4465630432,4.0,151835
2325,Жигули,202310,358777.4792641295,14.0,106656
2326,Лада Самара,202407,624116.28863205,125.0,155697
2327,Киа,202407,2004590.0019709745,39.0,134342
2328,Киа,202402,1595718.2118345306,38.0,158810
2329,Киа,202308,1722819.143788247,21.0,160353
2330,Лада Самара,202401,680405.3694034289,22.0,126878
2331,Lada,202402,1251927.9350774365,3.0,144031
2332,Мерседес-Бенц,202410,4842621.354143615,47.0,167269
2333,Лада Самара,202304,503497.5185584405,17.0,122130
2334,Киа,202410,1775257.847902028,16.0,139538
2335,Жигули,202412,623377.6858320687,24.0,131195
2336,Киа,202310,1846497.3121302323,6.0,158598
2337,Киа,202404,1613682.1523900228,91.0,156897
2338,Киа,202410,1904739.823340621,41.0,155782
2339,Киа,202403,3989671.462019829,36.0,174403
2340,Лада Самара,202406,454932.12474246783,7.0,128384
2341,Мерседес-Бенц,202306,4428319.727730145,48.0,198989
2342,Киа,202406,2468984.865458229,7.0,147427
2343,Киа,202501,1522374.2787843808,12.0,135946
2344,Лада Самара,202308,560325.8946806957,8.0,142280
2345,Жигули,202310,453601.2407470735,23.0,108180
2346,Жигули,202310,468784.3365400175,5.0,117837
2347,Lada,202401,906366.0647641125,21.0,148976
2348,Мерседес-Бенц,202309,6513637.254590734,13.0,200537
2349,Киа,202301,2439133.109288255,79.0,138619
2350,Lada,202405,888304.52464786,5.0,137983
2351,Киа,202303,2340152.7686870797,5.0,160102
2352,Жигули,202309,261144.66790016726,-100.0,128319
2353,Жигули,202404,282607.2887577285,9.0,126714
2354,Киа,202406,2271743.5541865877,30.0,141966
2355,Киа,202411,1584484.9711078226,38.0,189442
2356,Мерседес-Бенц,202405,5522321.644256049,40.0,230718
2357,Лада Самара,202404,308063.60898267536,2.0,121668
2358,Жигули,202402,501216.8376329351,10.0,123952
2359,Жигули,202312,247065.90283938308,14.0,123593
2360,Lada,202412,862525.0946994949,18.0,137915
2361,Мерседес-Бенц,202312,3741134.5896822736,1.0,205685
2362,Жигули,202402,224866.8281434093,34.0,122025
2363,Жигули,202407,328826.3943096381,42.0,130276
2364,Киа,202407,2818064.330323306,66.0,167945
2365,Лада Самара,202501,428640.0140806617,16.0,140082
2366,Киа,202412,2049742.4480383112,9.0,140952
2367,Киа,202305,1344576.5817495917,2.0,164136
2368,Жигули,202303,236946.68750324726,18.0,120607
2369,Киа,202404,2372802.8660504906,45.0,156215
2370,Мерседес-Бенц,202310,6242266.338437713,99.0,201608
2371,Lada,202305,1176735.9564237176,50.0,156711
2372,Киа,202407,2986785.752928611,14.0,142884
2373,Лада Самара,202403,771164.1849668014,116.0,136654
2374,Киа,202302,2309315.587698856,24.0,195408
2375,Мерседес-Бенц,202303,8579972.10544798,48.0,174915
2376,Лада Самара,202409,718512.3033432165,19.0,124431
2377,Киа,202408,2090259.4915935083,12.0,167827
2378,Киа,202303,2320182.3039723723,24.0,153772
2379,Жигули,202406,296126.8062670209,14.0,128321
2380,Лада Самара,202410,490724.48640059476,88.0,120259
2381,Мерседес-Бенц,202406,4533596.238401136,29.0,203092
2382,Мерседес-Бенц,202310,5017075.169719068,6.0,200645
2383,Лада Самара,202303,601521.3161436018,19.0,135493
2384,Киа,202501,1891595.0287556332,,154615
2385,Жигули,202409,446512.6471709289,48.0,99754
2386,Лада Самара,202409,512692.1822173654,1.0,127635
2387,Киа,202411,1265404.1569400784,12.0,173960
2388,Мерседес-Бенц,202501,7264726.838850177,7.0,198736
2389,Киа,202409,1947029.9279208134,82.0,140074
2390,Киа,202411,1796377.095601651,35.0,143424
2391,Лада Самара,202403,445133.651454834,14.0,151408
2392,Жигули,202410,339311.9527421753,2.0,91584
2393,Мерседес-Бенц,202411,7310021.553119411,43.0,222575
2394,Жигули,202311,433403.2944784184,13.0,126105
2395,Киа,202403,3352391.857501301,35.0,141327
2396,Лада Самара,202304,432859.38056514884,41.0,183932
2397,Mercedes,202306,5680567.519598327,24.0,251541
2398,Мерседес-Бенц,202301,10842037.255638177,18.0,211513
2399,Lada,202301,1119377.9340425709,45.0,154534
2400,Киа,202310,2071621.433365334,3.0,156756
2401,Мерседес-Бенц,202410,9186076.062810767,69.0,218530
2402,Киа,202306,2378867.2871876047,16.0,154337
2403,Lada,202406,764256.3405942515,2.0,124606
2404,Киа,202307,1777995.8562791666,21.0,168070
2405,Лада Самара,202407,427728.4196274123,43.0,134616
2406,Жигули,202405,398398.24456075655,23.0,137243
2407,Киа,202412,2192736.708027321,19.0,169738
2408,Киа,202401,2298396.843458541,0.0,155709
2409,Lada,202305,1085503.3876570587,40.0,131629
2410,Киа,202404,1853882.244813023,26.0,139417
2411,Киа,202404,1446075.495911776,6.0,148023
2412,Жигули,202304,285691.33594773366,17.0,121406
2413,Жигули,202407,431084.9280478408,6.0,115641
2414,Лада Самара,202309,364321.56022827583,24.0,149527
2415,Киа,202303,2256258.406065414,25.0,166645
2416,Киа,202302,1816208.6930742054,28.0,163905
2417,Мерседес-Бенц,202303,5135147.144288587,16.0,237595
2418,Лада Самара,202312,459281.76528680295,9.0,136877
2419,Киа,202408,2529674.6961641847,9.0,134959
2420,Лада Самара,202409,440700.8639691557,14.0,154531
2421,Lada,202406,993245.2942360102,22.0,142957
2422,Lada,202412,614372.1435100205,0.0,141276
2423,Жигули,202310,358043.8094361633,5.0,125313
2424,Киа,202302,1960075.8497347827,20.0,142892
2425,Жигули,202408,440853.24337331596,6.0,106766
2426,Жигули,202405,311687.13688488345,2.0,129760
2427,Мерседес-Бенц,202409,3919120.511657221,6.0,194829
2428,Жигули,202311,246522.6028277486,43.0,136063
2429,Киа,202405,2178168.5796238543,5.0,121887
2430,Киа,202307,2385772.9675342618,18.0,162011
2431,Лада Самара,202303,456694.33253468556,19.0,143061
2432,Lada,202312,802841.6429957892,6.0,157105
2433,Lada,202407,779082.3049368921,14.0,129884
2434,Лада Самара,202402,464769.5935542623,84.0,136717
2435,Мерседес-Бенц,202501,4664736.91619596,16.0,241128
2436,Мерседес-Бенц,202409,5503600.546435452,74.0,240708
2437,Жигули,202301,377573.5347826645,47.0,116678
2438,Киа,202301,3240029.214053205,29.0,138075
2439,Лада Самара,202310,256625.83685363454,28.0,136563
2440,Лада Самара,202312,368842.566511225,3.0,145439
2441,Жигули,202403,352073.56629920035,99.0,132862
2442,Жигули,202407,526492.1165604709,16.0,120739
2443,Лада Самара,202404,455523.5663846511,19.0,168152
2444,Киа,202303,2771242.949820213,37.0,148688
2445,Киа,202312,1310950.0820406878,26.0,157899
2446,Lada,202310,1171699.268535755,7.0,119912
2447,Лада Самара,202405,325261.277697747,84.0,127940
2448,Lada,202307,975151.7635534477,6.0,134399
2449,Lada,202401,886660.2675394634,18.0,143474
2450,Киа,202301,1742096.4185488238,18.0,121815
2451,Жигули,202304,225672.98979522014,9.0,111181
2452,Lada,202303,1110212.6635969996,3.0,106835
2453,Мерседес-Бенц,202404,6592256.3193389205,11.0,174290
2454,Жигули,202405,447631.1880733862,0.0,133024
2455,Киа,202310,2484528.868174344,5.0,139569
2456,Lada,202401,553950.0097771407,40.0,170845
2457,Жигули,202402,326878.3275390466,11.0,106647
2458,Киа,202312,2426218.9179182197,8.0,162877
2459,Mercedes,202412,4134840.7322460823,35.0,234931
2460,Киа,202408,2116638.173969935,58.0,154085
2461,Лада Самара,202301,361565.7921126856,5.0,115113
2462,Lada,202405,1126153.7972024346,44.0,132240
2463,Мерседес-Бенц,202411,6754165.524206363,19.0,206962
2464,Lada,202410,812393.8102956146,3.0,128042
2465,Киа,202405,2030665.918328291,50.0,159952
2466,Lada,202401,901918.7784441353,51.0,130986
2467,Киа,202411,2991755.6143393535,14.0,144451
2468,Жигули,202310,310642.46550908557,1.0,116495
2469,Киа,202409,1737150.1883691617,36.0,167385
2470,Киа,202401,2026230.5209781108,37.0,187263
2471,Жигули,202405,394514.2806052709,15.0,113252
2472,Лада Самара,202405,244346.16901539074,9.0,106213
2473,Мерседес-Бенц,202406,3073849.4548069374,14.0,222055
2474,Киа,202303,2924810.160170532,9.0,171660
2475,Lada,202404,1023071.7475715565,26.0,120764
2476,Киа,202305,1370863.6779487175,31.0,172669
2477,Киа,202409,2235126.9684611075,11.0,160177
2478,Мерседес-Бенц,202308,4423452.880049955,3.0,178430
2479,Lada,202312,853193.9040129886,47.0,105188
2480,Lada,202411,791109.4032151796,3.0,123522
2481,Киа,202405,1000724.7658265303,84.0,170313
2482,Лада Самара,202402,295820.463729871,17.0,127187
2483,Киа,202410,2482188.113006818,12.0,152164
2484,Лада Самара,202303,447559.86797361367,18.0,113885
2485,Lada,202412,1642147.4011952567,10.0,147469
2486,Лада Самара,202308,345798.9283266295,5.0,127654
2487,Лада Самара,202406,622086.8572327895,105.0,151791
2488,Lada,202501,1251523.13938677,7.0,120120
2489,Мерседес-Бенц,202306,4944043.847543254,17.0,173123
2490,Киа,202309,2149047.5924795046,6.0,163133
2491,Жигули,202311,552711.6402345846,55.0,133690
2492,Lada,202303,738798.3755519849,0.0,118844
2493,Жигули,202405,340566.3665126118,8.0,153584
2494,Лада Самара,202412,635043.134197248,19.0,138517
2495,Лада Самара,202312,442876.96301953145,26.0,134014
2496,Жигули,202412,372066.61548278714,162.0,130273
2497,Жигули,202307,375244.5036106826,54.0,129483
2498,Жигули,202311,369722.97416783695,17.0,136098
2499,Mercedes,202302,4376147.758573588,10.0,212563
2500,Лада Самара,202409,417589.0756160419,5.0,134091
2501,Киа,202409,2834800.005043014,8.0,148329
2502,Жигули,202312,320705.3919924978,-100.0,123896
2503,Lada,202304,1159365.6235519708,4.0,157071
2504,Мерседес-Бенц,202307,6354963.686891041,53.0,205354
2505,Lada,202407,717605.9218105567,52.0,134646
2506,Жигули,202309,322851.6174653541,1.0,116645
2507,Лада Самара,202309,622995.5289483296,32.0,134524
2508,Лада Самара,202311,432847.95280831406,17.0,132292
2509,Мерседес-Бенц,202301,5514972.653428692,15.0,213765
2510,Киа,202309,2693475.6103112893,43.0,154392
2511,Lada,202312,411539.4204057696,34.0,138710
2512,Киа,202410,2751063.8057474378,81.0,163961
2513,Киа,202408,2762900.732015166,23.0,166105
2514,Киа,202501,2174207.8669830835,15.0,166909
2515,Lada,202307,918439.6489579537,36.0,150741
2516,Киа,202310,1825251.7431704372,6.0,157781
2517,Мерседес-Бенц,202308,5205374.025000119,26.0,184467
2518,Lada,202410,1016466.4062238242,1.0,121956
2519,Жигули,202312,341053.8212786334,9.0,115659
2520,Киа,202408,2322000.419528535,2.0,144713
2521,Киа,202309,2029359.4740222539,4.0,138278
2522,Киа,202312,2577296.3977766535,16.0,139617
2523,Киа,202411,1495153.5614225457,0.0,122727
2524,Киа,202409,2755536.9896339043,16.0,146325
2525,Киа,202302,2187581.873598147,6.0,150673
2526,Киа,202307,2732893.332148747,85.0,150086
2527,Lada,202403,641727.6074612576,68.0,133008
2528,Мерседес-Бенц,202404,7696319.018654576,43.0,213640
2529,Киа,202402,1609726.5137854174,91.0,162420
2530,Lada,202403,1052636.5416357988,2.0,134732
2531,Киа,202409,2407410.1417467925,0.0,146686
2532,Мерседес-Бенц,202310,4854940.419104542,61.0,224459
2533,Киа,202304,2714330.2794828108,2.0,139723
2534,Киа,202404,1792640.1639001537,14.0,168203
2535,Киа,202411,2022012.0760530473,0.0,134154
2536,Киа,202402,1712381.7548591713,26.0,146458
2537,Mercedes,202302,5327628.206098798,63.0,184261
2538,Киа,202412,2211108.0031837965,0.0,133980
2539,Lada,202404,715571.8782033348,2.0,114972
2540,Мерседес-Бенц,202407,5843729.977065709,24.0,232762
2541,Lada,202403,1071906.102511287,9.0,146873
2542,Киа,202407,1540617.3440643165,6.0,139878
2543,Жигули,202402,302898.2820707425,4.0,113794
2544,Жигули,202304,401303.8844041094,11.0,104535
2545,Киа,202310,1449297.1564034575,47.0,140077
2546,Киа,202304,2690949.3201334327,6.0,157480
2547,Киа,202404,3168804.6806035186,4.0,168235
2548,Мерседес-Бенц,202412,5753731.95698325,,203957
2549,Lada,202409,779515.2964580792,14.0,136091
2550,Мерседес-Бенц,202409,5836191.701208918,60.0,211113
2551,Киа,202411,2017652.6059124877,5.0,140942
2552,Киа,202407,2855800.2600699216,8.0,154103
2553,Lada,202407,830469.7590019328,22.0,131935
2554,Мерседес-Бенц,202307,7121202.547639988,13.0,219056
2555,Жигули,202305,371361.40874119184,11.0,120232
2556,Лада Самара,202304,332923.84265501297,1.0,111120
2557,Лада Самара,202405,553493.6514194902,9.0,140576
2558,Киа,202411,2738520.5648599067,35.0,154732
2559,Мерседес-Бенц,202408,4729756.151903305,31.0,197645
2560,Лада Самара,202305,399666.22929611057,3.0,130706
2561,Лада Самара,202311,507634.66010783607,44.0,123990
2562,Жигули,202302,358284.17248480255,75.0,110982
2563,Lada,202409,1100791.7442209455,7.0,129143
2564,Мерседес-Бенц,202412,5385971.041648645,10.0,210842
2565,Lada,202501,703969.0532142172,85.0,143322
2566,Lada,202307,1162886.8990594635,11.0,120558
2567,Lada,202404,571603.4795851179,-100.0,134871
2568,Lada,202305,1080280.254373676,14.0,121461
2569,Лада Самара,202501,334999.55790147977,0.0,126402
2570,Мерседес-Бенц,202411,6567470.2806875035,6.0,199672
2571,Лада Самара,202402,661729.6090666375,16.0,137253
2572,Жигули,202401,212022.02183486408,66.0,114193
2573,Жигули,202301,305358.66461616155,12.0,137230
2574,Мерседес-Бенц,202402,6814409.07442238,9.0,248434
2575,Мерседес-Бенц,202303,4818695.222592141,15.0,200344
2576,Lada,202405,1066292.0003642198,0.0,117960
2577,Киа,202406,2793823.0734243207,0.0,126783
2578,Lada,202303,699323.6582029675,13.0,118511
2579,Жигули,202303,536287.3400224288,13.0,134488
2580,Киа,202403,3023655.5242002206,48.0,145837
2581,Киа,202302,1642574.4650825993,19.0,131880
2582,Лада Самара,202307,397930.1215196285,17.0,119692
2583,Жигули,202301,374634.1377291783,3.0,104711
2584,Киа,202307,2100160.068636391,29.0,172719
2585,Киа,202307,1782002.9581204639,80.0,176860
2586,Жигули,202501,292754.39639967337,6.0,116957
2587,Lada,202306,876615.7530860977,8.0,129535
2588,Lada,202305,1115789.156554358,0.0,102806
2589,Лада Самара,202310,392743.97720814525,10.0,115663
2590,Киа,202309,2589989.0677371756,33.0,139347
2591,Лада Самара,202306,520259.6662132153,-100.0,144755
2592,Киа,202412,1845686.2151654353,10.0,190184
2593,Жигули,202306,297075.77731745795,-100.0,128840
2594,Киа,202311,1460840.7000868309,94.0,150750
2595,Лада Самара,202403,453263.11374963634,37.0,137857
2596,Жигули,202407,479316.6539779864,10.0,122392
2597,Lada,202411,996514.3145503615,19.0,131359
2598,Киа,202311,2823002.624557156,16.0,148917
2599,Мерседес-Бенц,202311,5631808.932876869,58.0,175522
2600,Мерседес-Бенц,202408,3678367.4304809514,25.0,191218
2601,Мерседес-Бенц,202312,4385480.299187198,1.0,189072
2602,Лада Самара,202404,307821.1322926402,7.0,118511
2603,Киа,202405,2549578.9665908166,38.0,155801
2604,Lada,202307,927986.1699215855,8.0,141579
2605,Киа,202310,1857552.601618607,-100.0,169690
2606,Lada,202409,595338.8744782653,2.0,125423
2607,Жигули,202304,326783.90178674087,20.0,100589
2608,Лада Самара,202407,470116.40166447783,47.0,159714
2609,Киа,202304,1938918.3269651316,33.0,137763
2610,Киа,202501,1945468.055244663,4.0,181580
2611,Жигули,202406,402018.5883605354,35.0,142917
2612,Жигули,202303,337738.40647466696,6.0,115713
2613,Лада Самара,202401,644787.8170521914,14.0,130641
2614,Lada,202501,1118101.4306409846,9.0,119076
2615,Жигули,202404,270306.58174642344,35.0,96974
2616,Киа,202402,2986842.9981573685,24.0,160358
2617,Жигули,202302,354481.6021284143,21.0,119751
2618,Лада Самара,202403,488421.3571006848,31.0,151741
2619,Lada,202303,1283582.6095998837,3.0,150675
2620,Мерседес-Бенц,202412,3235410.836075283,7.0,169126
2621,Киа,202310,2701374.497864927,15.0,151977
2622,Лада Самара,202405,568051.8876157801,22.0,167469
2623,Киа,202401,2908328.064317402,5.0,134678
2624,Мерседес-Бенц,202308,7087135.316400705,28.0,232920
2625,Киа,202306,1605489.7868440403,4.0,152900
2626,Жигули,202401,337151.9365754796,2.0,121195
2627,Мерседес-Бенц,202402,6243174.955228976,11.0,203510
2628,Жигули,202411,253684.07291478646,60.0,108069
2629,Lada,202306,879071.6229655911,32.0,116038
2630,Жигули,202307,490508.325051683,23.0,114586
2631,Лада Самара,202412,406735.2960894804,36.0,121003
2632,Киа,202304,2846057.3742730934,16.0,159186
2633,Жигули,202402,357820.0134927447,56.0,151631
2634,Мерседес-Бенц,202311,6266305.146479091,24.0,240536
2635,Лада Самара,202312,439770.606288126,31.0,128782
2636,Lada,202408,634396.0609212813,47.0,153364
2637,Мерседес-Бенц,202312,4951734.948748452,20.0,224166
2638,Lada,202310,981025.2110954077,62.0,140614
2639,Лада Самара,202402,550188.1278304079,89.0,162523
2640,Киа,202405,1685917.9512185245,11.0,124889
2641,Лада Самара,202501,524958.2716837932,48.0,127461
2642,Мерседес-Бенц,202409,6141786.909257042,32.0,224799
2643,Lada,202402,848447.3598427961,59.0,141719
2644,Киа,202411,1691171.7431571118,20.0,141363
2645,Киа,202412,2201364.552931897,16.0,131673
2646,Киа,202411,2410303.9469632325,28.0,130944
2647,Lada,202311,1135045.6705144963,20.0,134217
2648,Жигули,202401,261798.20758809717,20.0,130295
2649,Киа,202408,2292195.571724875,37.0,173805
2650,Лада Самара,202303,483421.05292308267,6.0,119653
2651,Lada,202404,993362.5781614754,0.0,123289
2652,Мерседес-Бенц,202310,6058542.564030783,5.0,184486
2653,Lada,202403,815353.7734334408,11.0,140749
2654,Киа,202306,1015705.4488765516,16.0,158985
2655,Мерседес-Бенц,202308,2878183.8868538877,52.0,189680
2656,Мерседес-Бенц,202409,7912852.720446913,36.0,182316
2657,Мерседес-Бенц,202409,3481808.194170258,8.0,242124
2658,Жигули,202409,342966.4828587918,25.0,122599
2659,Лада Самара,202409,469672.5606418837,22.0,136487
2660,Киа,202501,2587293.1323872395,12.0,133880
2661,Lada,202308,1615720.0532761428,3.0,130943
2662,Киа,202405,2678459.7979053897,27.0,142044
2663,Киа,202410,3287023.7782712714,18.0,143223
2664,Жигули,202307,425219.5548028065,25.0,111168
2665,Жигули,202402,328775.6510823358,-100.0,137583
2666,Жигули,202411,448375.52000582044,31.0,114320
2667,Lada,202501,792460.4147952163,1.0,141563
2668,Жигули,202305,350292.85226079205,1.0,103199
2669,Лада Самара,202501,492048.1719346673,2.0,150294
2670,Lada,202410,840296.6676433322,11.0,136899
2671,Киа,202406,2991121.1947732735,17.0,162086
2672,Мерседес-Бенц,202501,7219305.685442871,70.0,177129
2673,Киа,202302,2006739.5725972012,7.0,159100
2674,Жигули,202403,396313.266759269,16.0,151337
2675,Мерседес-Бенц,202404,4697870.391915358,0.0,195470
2676,Лада Самара,202303,349898.3472383162,34.0,174833
2677,Mercedes,202306,7634516.459250198,9.0,189195
2678,Киа,202406,2179865.4133510976,17.0,137251
2679,Жигули,202403,294684.10796004033,26.0,127219
2680,Lada,202401,984659.0357400463,43.0,124511
2681,Lada,202302,620445.0806501209,20.0,167995
2682,Киа,202306,1656117.1993873494,49.0,137151
2683,Киа,202403,1974069.2940751377,7.0,160905
2684,Лада Самара,202307,455940.94900333433,22.0,125984
2685,Lada,202306,784686.4759054075,10.0,110575
2686,Киа,202307,2012791.8242455185,21.0,149314
2687,Жигули,202301,382949.7746491699,14.0,117224
2688,Киа,202312,2473801.7856983035,21.0,158017
2689,Мерседес-Бенц,202405,8473597.273606913,33.0,226844
2690,Лада Самара,202305,246904.0695075416,16.0,124393
2691,Киа,202310,1303974.3332089225,11.0,163088
2692,Lada,202408,817483.4767731843,37.0,137336
2693,Жигули,202402,318193.9227751039,2.0,108204
2694,Киа,202308,2955669.738678204,29.0,142446
2695,Киа,202406,2504720.555975986,28.0,152707
2696,Киа,202312,3036981.5202657674,46.0,160470
2697,Mercedes,202406,8000973.752823631,5.0,222157
2698,Мерседес-Бенц,202305,5068385.396826814,36.0,202826
2699,Mercedes,202304,9180682.965265108,17.0,211789
2700,Мерседес-Бенц,202412,6156185.825082592,4.0,203481
2701,Киа,202405,2121281.0738267214,56.0,156699
2702,Мерседес-Бенц,202301,3698627.530231612,1.0,238912
2703,Киа,202301,2436488.907876892,15.0,137274
2704,Жигули,202307,370455.4729134821,14.0,137962
2705,Киа,202412,2654577.499897051,4.0,159824
2706,Лада Самара,202501,320199.5473851117,47.0,133948
2707,Мерседес-Бенц,202412,5272278.6887212405,3.0,242639
2708,Жигули,202312,318904.05191892467,27.0,120767
2709,Лада Самара,202410,644327.2372806743,25.0,139295
2710,Киа,202302,2074124.6754567688,28.0,146429
2711,Жигули,202303,279711.9578121633,4.0,127066
2712,Мерседес-Бенц,202405,3281503.4677984565,23.0,205674
2713,Мерседес-Бенц,202302,6776492.443958298,22.0,189203
2714,Mercedes,202405,6995286.050679851,11.0,236218
2715,Мерседес-Бенц,202410,4553733.162205191,2.0,233718
2716,Lada,202402,857039.9336473016,-100.0,128332
2717,Lada,202403,1188335.4150066504,12.0,147727
2718,Киа,202409,2244223.079197832,9.0,141270
2719,Киа,202501,2243744.5101896813,55.0,159409
2720,Мерседес-Бенц,202309,5009821.410331428,24.0,218190
2721,Lada,202407,987122.2304511139,4.0,150697
2722,Лада Самара,202305,491633.21631480654,7.0,122891
2723,Lada,202402,733873.5346294014,9.0,131468
2724,Жигули,202310,339596.37008522695,30.0,115810
2725,Мерседес-Бенц,202306,7039639.614548705,3.0,216538
2726,Lada,202303,900259.292555722,2.0,140287
2727,Лада Самара,202403,444820.10924455186,0.0,128308
2728,Mercedes,202406,4594772.020157271,31.0,227200
2729,Лада Самара,202412,399804.1626488758,8.0,145585
2730,Киа,202412,1975435.8981509497,15.0,133104
2731,Жигули,202411,479642.356662702,5.0,121659
2732,Мерседес-Бенц,202311,4783602.104270573,38.0,230113
2733,Мерседес-Бенц,202411,6393598.358181334,2.0,174661
2734,Киа,202305,3011585.7701663715,-100.0,144199
2735,Lada,202303,936770.9971483278,5.0,127611
2736,Мерседес-Бенц,202501,6465454.179456009,15.0,198008
2737,Киа,202408,2269801.375150016,79.0,183703
2738,Киа,202304,2231584.3041123305,8.0,121295
2739,Lada,202406,971385.3677742367,-100.0,129457
2740,Жигули,202412,290737.2275620413,16.0,128045
2741,Лада Самара,202309,438406.539813955,9.0,144823
2742,Жигули,202411,322417.48740879865,61.0,136980
2743,Мерседес-Бенц,202306,5468403.25186043,6.0,176149
2744,Lada,202309,1183138.1516765552,13.0,152831
2745,Киа,202401,1975389.720078445,18.0,168914
2746,Киа,202402,1710124.277464177,17.0,139608
2747,Мерседес-Бенц,202404,7202103.179316504,24.0,189423
2748,Жигули,202310,520862.2799858469,25.0,108708
2749,Мерседес-Бенц,202309,6166142.008243606,19.0,165246
2750,Киа,202301,3036498.5749908253,13.0,184579
2751,Lada,202306,849447.4059126396,,136545
2752,Lada,202408,1023032.9190607056,9.0,112661
2753,Lada,202410,889344.4708501758,29.0,108799
2754,Lada,202409,825935.7956269822,81.0,124714
2755,Lada,202305,837009.0999853903,55.0,131098
2756,Lada,202304,976088.9810271634,17.0,145715
2757,Киа,202408,2822038.447618843,44.0,169838
2758,Киа,202308,2751252.486528597,19.0,156050
2759,Лада Самара,202407,347068.36576715496,13.0,134736
2760,Киа,202312,2305501.1078828233,17.0,155639
2761,Жигули,202401,288272.1094221234,73.0,139459
2762,Лада Самара,202311,429018.4201301835,27.0,136378
2763,Lada,202301,1194006.4928092028,7.0,141119
2764,Жигули,202412,561535.5133826269,16.0,108751
2765,Лада Самара,202411,454314.71949827566,83.0,139604
2766,Лада Самара,202403,254068.1223219891,-100.0,127674
2767,Lada,202410,805114.66969647,-100.0,138754
2768,Киа,202404,2036883.426773261,14.0,145445
2769,Мерседес-Бенц,202402,4703080.477249704,14.0,212926
2770,Lada,202501,1078107.0068414782,-100.0,126495
2771,Lada,202304,938416.1339769409,10.0,121753
2772,Мерседес-Бенц,202307,7111322.744126378,17.0,190151
2773,Киа,202501,2816978.5638949946,2.0,136077
2774,Жигули,202303,288004.70784698246,-100.0,125919
2775,Lada,202312,1334154.6512734254,26.0,147669
2776,Lada,202406,815811.638008062,0.0,128333
2777,Лада Самара,202406,473237.9710100001,32.0,137332
2778,Мерседес-Бенц,202310,6544322.736119412,24.0,209662
2779,Жигули,202303,334107.6704739412,76.0,137607
2780,Лада Самара,202310,326986.0809680722,18.0,120877
2781,Киа,202302,2743762.883101727,0.0,145088
2782,Киа,202304,1374006.7579843828,2.0,148451
2783,Киа,202407,1887447.1890932964,12.0,164224
2784,Киа,202501,2405953.0792410225,68.0,141924
2785,Киа,202301,2753442.3754291264,0.0,165956
2786,Мерседес-Бенц,202404,6430094.720463281,47.0,206497
2787,Киа,202411,2590804.9643659093,169.0,137248
2788,Жигули,202304,282643.08179440384,-100.0,115847
2789,Lada,202309,673308.9994398389,2.0,140763
2790,Мерседес-Бенц,202304,5010386.155733757,20.0,202251
2791,Киа,202312,1989056.9192752256,3.0,137310
2792,Киа,202302,2507764.4703651965,27.0,174681
2793,Мерседес-Бенц,202303,3900767.4128808235,0.0,202945
2794,Лада Самара,202402,400475.6333459129,25.0,132072
2795,Lada,202404,870368.6767062645,9.0,137793
2796,Lada,202408,917377.5047256567,29.0,149383
2797,Жигули,202405,400472.12306907796,23.0,137496
2798,Мерседес-Бенц,202304,4783982.80883028,33.0,195785
2799,Мерседес-Бенц,202411,5245600.260563595,37.0,224006
2800,Лада Самара,202407,512627.1953323989,37.0,164581
2801,Lada,202301,791310.5603169905,95.0,129680
2802,Жигули,202409,327408.48830876435,47.0,127946
2803,Лада Самара,202404,451317.85205469327,1.0,135514
2804,Мерседес-Бенц,202404,5004530.8160679145,5.0,199403
2805,Lada,202301,1335440.8273165647,50.0,126208
2806,Lada,202302,934820.2843407601,9.0,123237
2807,Мерседес-Бенц,202401,5392851.778675189,38.0,203674
2808,Киа,202408,2571881.3837524736,6.0,137680
2809,Lada,202405,819931.8155611386,-100.0,117672
2810,Киа,202402,2450314.076194894,35.0,134909
2811,Лада Самара,202411,567327.5872927713,38.0,129334
2812,Жигули,202406,357866.7038981718,2.0,115826
2813,Лада Самара,202308,458957.6739435209,0.0,118741
2814,Киа,202405,1407630.9352280125,85.0,139968
2815,Lada,202312,944564.1994395867,74.0,152236
2816,Жигули,202501,433575.4295007586,4.0,107046
2817,Киа,202305,2679385.404211963,2.0,147281
2818,Mercedes,202401,8283569.105504833,48.0,260590
2819,Мерседес-Бенц,202403,4438694.500414476,6.0,205589
2820,Мерседес-Бенц,202301,5345530.039046408,47.0,260946
2821,Киа,202304,3033601.9019802725,1.0,152959
2822,Lada,202309,533823.9018694276,19.0,131918
2823,Lada,202406,511148.5555390497,16.0,128545
2824,Lada,202404,705615.0035190728,64.0,147196
2825,Лада Самара,202403,345124.40936503286,0.0,133393
2826,Lada,202409,1173752.7271909716,22.0,143526
2827,Киа,202308,3376883.404968442,1.0,136276
2828,Киа,202312,1188911.5215478558,21.0,146384
2829,Lada,202501,596305.110678702,17.0,117501
2830,Мерседес-Бенц,202309,6275512.035535003,13.0,203670
2831,Жигули,202312,374577.17437231494,29.0,126843
2832,Мерседес-Бенц,202411,6336719.557488,12.0,192136
2833,Lada,202412,879074.6347202992,22.0,130957
2834,Киа,202409,1503118.05038696,3.0,142641
2835,Lada,202408,660677.6327299544,47.0,141474
2836,Киа,202309,1894087.1285474822,-100.0,135654
2837,Киа,202412,2418156.0976971034,16.0,142895
2838,Lada,202311,917630.5026815982,3.0,116356
2839,Lada,202401,967800.0173204989,5.0,129645
2840,Lada,202306,861563.068662277,20.0,140266
2841,Лада Самара,202302,614393.3284882804,41.0,143666
2842,Лада Самара,202312,852982.5271832839,0.0,134621
2843,Лада Самара,202410,460579.064991443,29.0,129356
2844,Киа,202301,2614452.412939937,26.0,168639
2845,Киа,202304,2696612.899325967,24.0,183176
2846,Lada,202410,908815.2963635367,8.0,131072
2847,Жигули,202409,485592.32616570685,52.0,124638
2848,Киа,202412,2432622.33092011,12.0,146928
2849,Жигули,202302,318093.86542219314,24.0,117624
2850,Лада Самара,202303,383552.4016033868,6.0,124286
2851,Киа,202501,2203474.764395299,18.0,159165
2852,Киа,202401,1701490.6655103986,27.0,170134
2853,Киа,202409,2395848.6424337295,12.0,132247
2854,Lada,202501,1076829.8739377477,34.0,145228
2855,Киа,202402,3237587.7125281584,50.0,141344
2856,Киа,202402,2635088.692551458,18.0,157553
2857,Мерседес-Бенц,202410,6934567.315489464,17.0,213737
2858,Жигули,202312,429657.96115632844,9.0,126850
2859,Lada,202308,823415.6495515929,33.0,140618
2860,Лада Самара,202401,402060.61257148755,15.0,130330
2861,Киа,202305,2506543.8101227223,30.0,149909
2862,Киа,202312,1746631.6666801611,6.0,170512
2863,Мерседес-Бенц,202408,5587609.181161854,17.0,208439
2864,Мерседес-Бенц,202306,7663163.93149256,88.0,223568
2865,Жигули,202310,312429.320073227,2.0,114511
2866,Киа,202309,1907606.129250095,63.0,152707
2867,Lada,202308,795953.9965400981,36.0,151704
2868,Жигули,202309,540965.4710878526,29.0,111997
2869,Киа,202501,1676796.9927411466,3.0,147440
2870,Лада Самара,202305,386844.3177356148,0.0,123604
2871,Мерседес-Бенц,202404,4714401.804578563,39.0,234284
2872,Мерседес-Бенц,202404,4775234.971143599,23.0,243750
2873,Мерседес-Бенц,202409,7879138.048848939,24.0,223247
2874,Lada,202411,770111.8998972605,18.0,156442
2875,Киа,202404,2240085.028246101,2.0,132749
2876,Киа,202306,2284851.074612635,8.0,114249
2877,Мерседес-Бенц,202412,5379938.941342846,6.0,211941
2878,Мерседес-Бенц,202311,6631256.181379362,7.0,220954
2879,Мерседес-Бенц,202303,5380595.735422227,5.0,195428
2880,Мерседес-Бенц,202305,4790021.839358088,34.0,195734
2881,Киа,202309,2115391.083307095,17.0,156366
2882,Лада Самара,202301,588575.3674779419,1.0,148948
2883,Лада Самара,202305,375866.4002981102,70.0,141020
2884,Лада Самара,202412,408349.5860734047,28.0,148740
2885,Киа,202306,1940161.8830414715,4.0,161755
2886,Киа,202410,2179726.9193102536,34.0,160888
2887,Киа,202404,2112900.8361755135,34.0,171668
2888,Мерседес-Бенц,202501,4909322.877802569,4.0,189834
2889,Киа,202402,2474984.4705083747,25.0,143451
2890,Лада Самара,202408,391369.6189955369,1.0,121983
2891,Киа,202302,2109081.157185589,8.0,153842
2892,Киа,202407,1826684.8752795567,1.0,165268
2893,Lada,202302,1067208.584423081,100.0,148301
2894,Lada,202306,923340.3085017422,32.0,106099
2895,Lada,202304,699420.8594202953,31.0,184406
2896,Лада Самара,202403,225391.26015935288,28.0,141275
2897,Киа,202308,1671513.6793634184,12.0,170657
2898,Мерседес-Бенц,202303,5628045.967657497,38.0,218705
2899,Киа,202303,1686306.1915739637,23.0,133122
2900,Киа,202308,2077615.428533161,29.0,161618
2901,Киа,202406,1529247.0385424574,0.0,125939
2902,Жигули,202302,408309.1995009983,-100.0,125463
2903,Лада Самара,202312,437052.096921295,35.0,143602
2904,Жигули,202403,304039.8948820089,25.0,135746
2905,Киа,202409,2408474.430872593,15.0,146412
2906,Киа,202403,2984493.1045629904,32.0,120986
2907,Lada,202409,705847.2905650043,4.0,130576
2908,Мерседес-Бенц,202312,5338059.574329222,54.0,224365
2909,Киа,202302,2397528.765797162,0.0,143127
2910,Мерседес-Бенц,202410,4793053.003249728,1.0,198047
2911,Мерседес-Бенц,202401,7430828.804043479,24.0,201253
2912,Lada,202402,1106258.500047621,,145154
2913,Киа,202306,1529052.9415639013,2.0,170919
2914,Mercedes,202302,5266817.738088281,44.0,228025
2915,Лада Самара,202402,674570.1276852998,4.0,144585
2916,Lada,202311,748094.0423898121,53.0,151970
2917,Лада Самара,202306,392896.4610195107,21.0,125512
2918,Киа,202301,1728188.190724985,35.0,140407
2919,Лада Самара,202410,440708.5927859907,50.0,153163
2920,Lada,202407,752108.3875438172,32.0,127549
2921,Жигули,202410,389577.9753981725,21.0,119660
2922,Киа,202305,1907489.2649684178,4.0,154958
2923,Киа,202406,1134673.9606244809,8.0,136584
2924,Lada,202402,527085.3613082141,30.0,134528
2925,Киа,202304,2694222.161533479,26.0,158704
2926,Лада Самара,202412,591824.7246071522,33.0,113523
2927,Lada,202305,733147.3928544942,5.0,135206
2928,Мерседес-Бенц,202303,7931172.37583633,0.0,169391
2929,Lada,202304,678374.0657447528,22.0,130177
2930,Киа,202307,1353737.0225353362,58.0,150867
2931,Мерседес-Бенц,202310,5387610.878997645,1.0,160844
2932,Жигули,202402,441092.1694568677,11.0,117212
2933,Киа,202401,2716716.0772662787,4.0,129016
2934,Лада Самара,202307,330398.9843291685,13.0,116158
2935,Жигули,202302,384718.4545622774,35.0,122660
2936,Жигули,202407,501485.2971184834,-100.0,132762
2937,Мерседес-Бенц,202307,5916064.393444143,35.0,225004
2938,Киа,202411,1755966.0495552837,8.0,139826
2939,Мерседес-Бенц,202302,3270854.730216812,9.0,181506
2940,Мерседес-Бенц,202305,8207830.348604187,-100.0,205741
2941,Киа,202311,2786921.113515437,3.0,160036
2942,Лада Самара,202306,351359.4030737963,15.0,140670
2943,Lada,202311,1436294.8418090506,89.0,125510
2944,Мерседес-Бенц,202311,5754632.721178891,18.0,197722
2945,Киа,202303,2569689.5698971823,12.0,139839
2946,Мерседес-Бенц,202404,5779517.049185219,44.0,158356
2947,Киа,202305,1281673.773241685,46.0,169771
2948,Жигули,202302,541046.7914732547,7.0,127687
2949,Киа,202501,2876556.676263734,17.0,176511
2950,Lada,202302,872454.8719204022,6.0,153472
2951,Лада Самара,202308,194087.675687586,13.0,135552
2952,Лада Самара,202304,485407.4000692746,21.0,149800
2953,Лада Самара,202306,243540.86059433903,77.0,132709
2954,Мерседес-Бенц,202501,4750471.427345272,45.0,214969
2955,Лада Самара,202303,407252.4507868505,54.0,129334
2956,Lada,202312,1287244.0200477608,13.0,135945
2957,Киа,202402,2622921.456964496,17.0,160868
2958,Lada,202410,700697.8495185287,37.0,145738
2959,Мерседес-Бенц,202311,7700429.69772806,4.0,161113
2960,Lada,202411,534870.9824093434,15.0,146861
2961,Lada,202412,799833.8945705501,14.0,119894
2962,Жигули,202302,352870.57041986834,66.0,117124
2963,Киа,202401,2299696.617490622,12.0,126452
2964,Lada,202412,542455.2768934491,30.0,127382
2965,Мерседес-Бенц,202406,4837287.602228673,23.0,237453
2966,Киа,202305,2669837.559519456,28.0,158324
2967,Жигули,202308,583920.6390910299,8.0,122730
2968,Жигули,202311,337968.9595824101,16.0,147440
2969,Лада Самара,202309,330165.1173467583,0.0,116936
2970,Лада Самара,202302,357979.0941167632,19.0,137869
2971,Лада Самара,202309,377692.0106652947,7.0,149769
2972,Жигули,202306,271263.44063595793,103.0,135421
2973,Лада Самара,202302,499694.633199719,8.0,142583
2974,Лада Самара,202403,495056.1448204077,39.0,152394
2975,Киа,202305,2391473.1119706864,16.0,165582
2976,Жигули,202408,382341.6216756571,20.0,130113
2977,Киа,202501,2717690.425632827,18.0,134479
2978,Киа,202309,2529727.8839448886,-100.0,148893
2979,Киа,202302,3497806.530637848,1.0,162334
2980,Жигули,202409,408829.1791211232,40.0,114851
2981,Lada,202310,898602.0560260791,15.0,126500
2982,Киа,202406,2004195.7953065708,18.0,152258
2983,Лада Самара,202301,449906.210916689,4.0,147058
2984,Мерседес-Бенц,202402,4081825.195595287,16.0,189252
2985,Lada,202410,780263.1728472185,12.0,125532
2986,Жигули,202301,344471.3368401797,2.0,97983
2987,Мерседес-Бенц,202408,4723118.468486969,13.0,189409
2988,Лада Самара,202405,282488.9435547936,40.0,146483
2989,Mercedes,202501,5203246.117270317,77.0,213488
2990,Lada,202402,713920.8061750823,6.0,120156
2991,Киа,202305,1857527.4278702217,21.0,146088
2992,Lada,202305,891482.3499273654,7.0,129105
2993,Мерседес-Бенц,202412,10969074.921536136,79.0,228580
2994,Жигули,202306,364031.69634522643,2.0,104322
2995,Жигули,202304,252039.8541678722,69.0,104993
2996,Мерседес-Бенц,202412,5994184.803154065,6.0,227541
2997,Киа,202409,1984309.2191945917,103.0,161726
2998,Жигули,202310,308967.76429618674,8.0,106630
2999,Лада Самара,202412,318124.1253935798,38.0,151931
3000,Lada,202403,1122294.0277455314,3.0,108812
3001,Киа,202405,2062649.1216196644,6.0,163467
3002,Жигули,202408,382139.3500383453,1.0,130633
3003,Мерседес-Бенц,202303,5380517.551751076,7.0,237050
3004,Лада Самара,202306,607255.9121028811,13.0,119528
3005,Лада Самара,202311,427719.6191479762,79.0,136424
3006,Киа,202410,2124545.9861220857,16.0,130304
3007,Мерседес-Бенц,202301,7704907.41818766,13.0,237513
3008,Киа,202308,2626970.341175114,3.0,158126
3009,Жигули,202405,345071.6110503835,5.0,120605
3010,Лада Самара,202301,379596.98254462937,2.0,120626
3011,Лада Самара,202312,550864.478900433,10.0,131200
3012,Киа,202501,1894850.7663299078,36.0,152819
3013,Киа,202310,2092444.3365001548,6.0,168173
3014,Мерседес-Бенц,202409,5227671.852641311,25.0,222265
3015,Мерседес-Бенц,202304,4515575.182881444,11.0,197833
3016,Киа,202407,3306870.182215142,83.0,142761
3017,Lada,202412,770620.0210466208,40.0,143104
3018,Киа,202405,3315494.4424232785,8.0,163722
3019,Лада Самара,202306,404159.28548990923,41.0,151297
3020,Мерседес-Бенц,202406,6273145.195487264,,191670
3021,Лада Самара,202309,573427.4713322552,2.0,126590
3022,Киа,202306,1410651.7878841197,24.0,161989
3023,Lada,202406,1074209.6898828445,33.0,128791
3024,Лада Самара,202501,432336.4562520922,15.0,138259
3025,Лада Самара,202308,411688.272246412,35.0,137423
3026,Lada,202402,819153.4719101401,1.0,121963
3027,Lada,202304,807643.1474449974,54.0,157572
3028,Lada,202401,1050334.4517261826,5.0,133189
3029,Лада Самара,202501,270793.24573245447,1.0,119689
3030,Мерседес-Бенц,202407,4435096.936290184,66.0,229270
3031,Мерседес-Бенц,202409,6030228.085264083,6.0,239542
3032,Жигули,202310,376564.60894654796,38.0,123764
3033,Киа,202406,2791754.0809073863,6.0,137820
3034,Lada,202401,858616.5449114179,23.0,118841
3035,Лада Самара,202403,276844.89513961796,1.0,127685
3036,Мерседес-Бенц,202408,3658646.9693168495,13.0,261563
3037,Лада Самара,202301,378659.508737471,24.0,142270
3038,Lada,202405,1168586.1283260067,1.0,121764
3039,Лада Самара,202309,461006.97355530574,49.0,133671
3040,Киа,202411,2966614.6131249177,2.0,135487
3041,Жигули,202412,378973.0968424378,3.0,122320
3042,Киа,202310,1660412.1851146962,12.0,128478
3043,Мерседес-Бенц,202309,5976104.920895649,0.0,199994
3044,Жигули,202405,556770.6085127202,48.0,123684
3045,Lada,202411,732419.1942541655,97.0,161472
3046,Киа,202409,1936538.937969756,13.0,158596
3047,Мерседес-Бенц,202401,13677776.986277886,11.0,228292
3048,Киа,202410,2131062.5706257494,13.0,162312
3049,Киа,202301,1816817.8135958875,56.0,156246
3050,Киа,202406,2754040.96423436,30.0,161828
3051,Lada,202411,628869.7281855099,17.0,138242
3052,Мерседес-Бенц,202312,4869567.3000947265,40.0,184899
3053,Киа,202310,2538223.762175737,21.0,160568
3054,Киа,202406,1727297.2057693435,7.0,146188
3055,Мерседес-Бенц,202310,7295356.808478598,50.0,246776
3056,Жигули,202311,325136.59964664216,99.0,114267
3057,Киа,202412,2691807.108654835,21.0,132644
3058,Lada,202403,1163611.3917682956,35.0,148760
3059,Жигули,202406,352314.8772292741,17.0,95811
3060,Лада Самара,202406,469372.9808630514,0.0,138349
3061,Жигули,202402,298303.69721902267,73.0,135820
3062,Жигули,202303,495966.96886957553,35.0,119001
3063,Киа,202402,2819978.128163341,16.0,147603
3064,Жигули,202310,440174.5548831104,58.0,111101
3065,Мерседес-Бенц,202407,7591715.643214487,3.0,187284
3066,Киа,202301,2813611.408311094,3.0,151280
3067,Жигули,202312,359191.70216058067,56.0,130735
3068,Киа,202405,1360773.5619612667,4.0,142414
3069,Lada,202501,435606.55530272075,72.0,130757
3070,Lada,202412,677213.9531833371,8.0,136676
3071,Киа,202402,2430364.854194914,15.0,163103
3072,Киа,202301,2287259.2080184054,16.0,152566
3073,Жигули,202304,534199.3158831502,11.0,126675
3074,Lada,202405,1050582.1407583354,0.0,124350
3075,Киа,202403,2142060.345733689,50.0,127059
3076,Lada,202409,1132558.7676010143,48.0,149939
3077,Жигули,202309,555140.5719257205,5.0,95274
3078,Lada,202404,626472.317642902,0.0,114411
3079,Киа,202411,2194824.0962452185,26.0,154639
3080,Мерседес-Бенц,202312,6183135.67987298,19.0,193326
3081,Lada,202308,920535.4892302966,4.0,133875
3082,Киа,202403,3536360.80280091,36.0,175606
3083,Лада Самара,202303,649854.6173037976,22.0,115651
3084,Киа,202405,3521933.649482355,12.0,154593
3085,Киа,202308,1571430.6301536597,5.0,125626
3086,Жигули,202310,345379.2794206697,3.0,115400
3087,Лада Самара,202412,384466.0776841717,37.0,126266
3088,Лада Самара,202309,610792.3497972938,24.0,116829
3089,Киа,202405,2593481.1356227957,51.0,174715
3090,Киа,202402,2893147.6790662343,8.0,154560
3091,Киа,202305,2016087.0132005448,21.0,173706
3092,Жигули,202304,311607.10986553214,13.0,111643
3093,Мерседес-Бенц,202303,4582514.387222925,4.0,224463
3094,Lada,202501,1144561.1820779378,23.0,143068
3095,Жигули,202410,329465.4690666798,18.0,106577
3096,Киа,202312,1300876.0958492667,26.0,135944
3097,Жигули,202308,309464.20417537447,21.0,109140
3098,Жигули,202310,401755.07362575113,70.0,126928
3099,Мерседес-Бенц,202406,9356159.262582824,35.0,213813
3100,Киа,202410,2452518.714634257,61.0,178374
3101,Лада Самара,202409,357142.4423298799,9.0,121235
3102,Lada,202401,757229.0658809376,13.0,141568
3103,Киа,202501,2152303.771030067,12.0,153877
3104,Киа,202405,3194793.5466774916,21.0,140872
3105,Киа,202303,2797131.2118627885,38.0,164994
3106,Киа,202312,2760573.4472488645,9.0,145553
3107,Лада Самара,202408,302967.3802233268,-100.0,130577
3108,Лада Самара,202401,278017.17960353405,8.0,134488
3109,Жигули,202411,370066.34581011935,20.0,114586
3110,Мерседес-Бенц,202408,7783209.444536844,66.0,218298
3111,Мерседес-Бенц,202402,8173339.132610858,4.0,214776
3112,Lada,202408,571243.8996441936,29.0,151697
3113,Жигули,202302,226427.83679856366,41.0,118233
3114,Жигули,202501,308781.43754561315,3.0,116110
3115,Lada,202304,1033275.5630167786,37.0,121785
3116,Лада Самара,202307,486425.5307397585,11.0,127190
3117,Мерседес-Бенц,202410,4643710.354594644,48.0,192603
3118,Lada,202403,722222.590398054,23.0,139235
3119,Мерседес-Бенц,202401,3519118.971789534,4.0,216507
3120,Lada,202406,777676.3104593013,21.0,150433
3121,Жигули,202501,336149.0681643485,16.0,136427
3122,Lada,202402,662616.9008633234,6.0,141719
3123,Мерседес-Бенц,202305,6212687.400931602,1.0,197192
3124,Lada,202306,1018853.4394754475,11.0,116093
3125,Лада Самара,202311,687065.6692588726,-100.0,140639
3126,Киа,202310,2273521.981615997,73.0,140046
3127,Лада Самара,202412,477536.6665901427,12.0,130882
3128,Lada,202306,748679.8420629121,43.0,135088
3129,Жигули,202501,315028.6796046073,15.0,110732
3130,Киа,202412,1950674.0386686602,51.0,141147
3131,Жигули,202403,357715.7410536929,11.0,121602
3132,Киа,202406,2155585.650392102,5.0,145988
3133,Lada,202311,1133554.5262184879,8.0,131584
3134,Киа,202301,1796740.5331657988,-100.0,142143
3135,Киа,202501,1921292.040262266,28.0,167430
3136,Мерседес-Бенц,202411,6611053.586612543,9.0,175095
3137,Киа,202302,1660782.5463157312,33.0,186206
3138,Лада Самара,202403,472154.21064985736,11.0,133916
3139,Lada,202501,1014924.7264673772,1.0,121809
3140,Lada,202310,636596.1476654188,24.0,116156
3141,Лада Самара,202311,278796.73516095424,84.0,121169
3142,Жигули,202303,271004.7613809955,,123468
3143,Лада Самара,202403,510493.4175922633,23.0,129458
3144,Lada,202501,878948.7776170719,15.0,118302
3145,Киа,202312,2180287.014386271,37.0,134049
3146,Lada,202401,1092066.8571111846,55.0,128824
3147,Жигули,202405,409871.5885849398,8.0,115143
3148,Киа,202304,2605875.28512566,28.0,164090
3149,Киа,202406,1486565.089602485,23.0,142973
3150,Мерседес-Бенц,202302,7639958.322520113,15.0,265488
3151,Киа,202411,1907995.4544299634,15.0,153931
3152,Мерседес-Бенц,202304,8173335.871956732,13.0,220456
3153,Мерседес-Бенц,202308,4308352.940944824,2.0,223880
3154,Лада Самара,202304,360386.5378257888,24.0,117274
3155,Lada,202305,1212987.0583016146,37.0,129153
3156,Лада Самара,202407,556025.133184965,50.0,132987
3157,Лада Самара,202409,488238.1463786569,15.0,150932
3158,Лада Самара,202311,547328.5338190735,33.0,135381
3159,Жигули,202408,230740.47533729137,14.0,121944
3160,Lada,202301,756844.0815074571,4.0,144931
3161,Мерседес-Бенц,202306,6495177.479652607,18.0,225109
3162,Жигули,202408,489124.425935133,59.0,144385
3163,Мерседес-Бенц,202307,6245550.84121807,19.0,178271
3164,Lada,202306,1011216.7026150901,2.0,124156
3165,Жигули,202410,316529.8553683881,5.0,114838
3166,Киа,202412,3062375.258770269,36.0,141013
3167,Лада Самара,202402,573968.6124499548,38.0,141933
3168,Киа,202303,1733285.1546829476,0.0,150824
3169,Киа,202304,3368715.1931182574,3.0,123886
3170,Лада Самара,202407,458704.88092525915,1.0,137821
3171,Киа,202411,1997378.3843393335,36.0,142279
3172,Мерседес-Бенц,202411,4446374.263930848,6.0,203292
3173,Лада Самара,202304,209919.70193586737,36.0,123083
3174,Lada,202312,1002656.1547588572,7.0,145266
3175,Лада Самара,202310,470992.5446940784,29.0,123813
3176,Мерседес-Бенц,202410,6085052.861788957,15.0,205018
3177,Жигули,202402,496957.78441205923,16.0,129249
3178,Lada,202309,1442856.4117440113,22.0,141030
3179,Лада Самара,202403,160673.1385532916,5.0,120640
3180,Lada,202501,869907.8782003591,56.0,136182
3181,Жигули,202305,465459.6399771905,17.0,120999
3182,Мерседес-Бенц,202402,7037579.373595065,18.0,220770
3183,Лада Самара,202406,282975.41494742624,24.0,131834
3184,Lada,202307,471727.9317033537,13.0,130822
3185,Лада Самара,202402,424374.4046870837,19.0,131072
3186,Lada,202403,888059.7331186984,7.0,116357
3187,Лада Самара,202312,347398.0686039648,0.0,137382
3188,Lada,202307,1061083.497983707,8.0,151253
3189,Лада Самара,202405,420313.0923944049,3.0,153385
3190,Lada,202302,1088383.1987751392,17.0,141949
3191,Lada,202301,812161.0688399869,52.0,121560
3192,Лада Самара,202307,362326.6246381056,15.0,110460
3193,Lada,202410,796697.8292243785,13.0,139260
3194,Мерседес-Бенц,202301,5670448.926385012,44.0,194246
3195,Киа,202306,2809297.834175153,9.0,145002
3196,Lada,202404,942878.3947482166,75.0,135152
3197,Жигули,202309,255971.3308257352,20.0,124938
3198,Мерседес-Бенц,202412,6157091.602468406,51.0,198429
3199,Lada,202303,1222928.1524562999,19.0,146586
3200,Мерседес-Бенц,202411,5979826.982814265,7.0,189451
3201,Жигули,202309,272202.21077268146,19.0,118221
3202,Lada,202412,827541.252746844,6.0,143217
3203,Киа,202405,2262200.840715562,6.0,144328
3204,Мерседес-Бенц,202302,4351275.495659328,60.0,239232
3205,Жигули,202403,340991.3590787792,11.0,112325
3206,Lada,202404,988453.0771915771,51.0,152449
3207,Lada,202304,598444.2877738817,16.0,119250
3208,Киа,202312,2181557.07568918,5.0,141955
3209,Лада Самара,202307,445151.33515078365,6.0,143632
3210,Жигули,202401,435231.26968924695,8.0,143461
3211,Жигули,202304,368598.4675694294,18.0,128192
3212,Mercedes,202401,4582630.896016252,58.0,248662
3213,Лада Самара,202402,533621.858064989,0.0,133113
3214,Lada,202305,1091763.0390864802,18.0,133523
3215,Lada,202405,991489.9313297446,5.0,105532
3216,Lada,202305,955327.1331000543,45.0,126618
3217,Киа,202501,2098842.4624478803,34.0,143383
3218,Киа,202307,1385380.5729472316,-100.0,134203
3219,Мерседес-Бенц,202412,5889026.07600829,0.0,165624
3220,Киа,202501,3289446.293000121,16.0,178934
3221,Мерседес-Бенц,202411,2183096.4421940926,5.0,188370
3222,Лада Самара,202402,524873.804337451,23.0,118214
3223,Киа,202308,2088997.171907255,40.0,203833
3224,Лада Самара,202406,543617.4729497824,17.0,149286
3225,Киа,202407,1513983.7433416843,4.0,134506
3226,Киа,202305,2722255.7809006507,58.0,141255
3227,Лада Самара,202306,549497.4231732783,1.0,113510
3228,Мерседес-Бенц,202311,6696076.216545029,38.0,179872
3229,Lada,202409,791574.3852682854,98.0,127641
3230,Лада Самара,202411,425406.40010053304,26.0,142381
3231,Киа,202307,3154543.7098998567,40.0,175893
3232,Lada,202302,831109.3238355371,0.0,142593
3233,Киа,202304,1952103.0853101355,1.0,164235
3234,Жигули,202301,376633.5807021401,21.0,120483
3235,Lada,202409,624704.0544245327,9.0,142474
3236,Lada,202410,767981.893939277,6.0,138731
3237,Lada,202410,516305.19297954196,5.0,133211
3238,Lada,202312,985580.2248365462,23.0,153466
3239,Мерседес-Бенц,202405,7412933.811676359,17.0,221636
3240,Киа,202301,1705485.4408604333,9.0,152729
3241,Киа,202402,1919929.2848598582,19.0,140012
3242,Киа,202303,3206696.774821707,0.0,161778
3243,Киа,202308,1924736.6875425011,21.0,133364
3244,Мерседес-Бенц,202404,8256473.750924068,4.0,175853
3245,Жигули,202308,269949.18379838095,54.0,97878
3246,Мерседес-Бенц,202405,6392763.5289458595,10.0,203387
3247,Киа,202304,2319455.0003638915,28.0,158124
3248,Лада Самара,202312,453914.5395482764,10.0,118119
3249,Киа,202304,2105558.2521992545,0.0,140970
3250,Киа,202501,1594787.3255695826,1.0,161482
3251,Мерседес-Бенц,202405,4975152.234732748,29.0,220386
3252,Лада Самара,202309,416931.192725722,33.0,128319
3253,Лада Самара,202404,435209.9900132612,25.0,146705
3254,Киа,202307,2218651.5390997003,5.0,165019
3255,Lada,202312,997888.747911229,67.0,153661
3256,Лада Самара,202307,385215.8066143778,1.0,138031
3257,Киа,202409,1782782.0688499836,43.0,131105
3258,Киа,202311,1637678.479940307,13.0,175778
3259,Lada,202312,1350193.0297983682,14.0,139344
3260,Lada,202402,1030736.4370998621,7.0,128200
3261,Lada,202307,877805.8305604045,4.0,146615
3262,Лада Самара,202304,330064.3560284807,4.0,128472
3263,Жигули,202411,247051.19131017028,3.0,89196
3264,Лада Самара,202501,386861.79607861175,45.0,152102
3265,Киа,202409,2122253.7744396613,5.0,140694
3266,Жигули,202411,240763.1605893253,0.0,111251
3267,Лада Самара,202407,533669.0815909806,85.0,137332
3268,Жигули,202409,333622.65143004496,19.0,118057
3269,Лада Самара,202410,724652.7533793582,9.0,136798
3270,Киа,202412,2597919.1249686973,15.0,165048
3271,Жигули,202403,212037.06381924267,8.0,126111
3272,Мерседес-Бенц,202306,3576124.0384215415,2.0,179459
3273,Жигули,202301,291208.2118787538,28.0,106537
3274,Жигули,202412,488660.8272340502,1.0,112576
3275,Киа,202407,1966270.176995183,10.0,138666
3276,Мерседес-Бенц,202304,8111589.847854286,50.0,193196
3277,Киа,202408,1851986.9161847336,27.0,139683
3278,Мерседес-Бенц,202308,5694187.98968182,22.0,235995
3279,Lada,202402,698335.7127874949,3.0,138940
3280,Киа,202304,2550830.390294979,51.0,148488
3281,Киа,202410,1692560.5175205476,8.0,151112
3282,Лада Самара,202411,539214.768619046,34.0,141807
3283,Лада Самара,202409,460561.2990032454,18.0,125695
3284,Жигули,202411,401978.0596092418,2.0,118985
3285,Lada,202308,1339839.3380498593,35.0,109497
3286,Киа,202407,1601635.6149212788,50.0,153339
3287,Жигули,202305,320084.2611845872,33.0,130410
3288,Жигули,202301,337863.35621697456,11.0,127909
3289,Лада Самара,202311,292073.71700562426,10.0,134381
3290,Lada,202311,635218.2937441155,37.0,120101
3291,Киа,202311,1570146.4756051411,6.0,153848
3292,Мерседес-Бенц,202305,5147834.0153681785,24.0,228215
3293,Жигули,202401,309365.0734954293,92.0,135948
3294,Киа,202408,2357016.490615195,10.0,149681
3295,Киа,202305,1456555.138653036,4.0,151826
3296,Lada,202408,589342.9865883382,40.0,133150
3297,Лада Самара,202409,290977.4599827662,3.0,139172
3298,Lada,202411,1044985.0418837907,2.0,125910
3299,Lada,202302,833772.494806635,9.0,127624
3300,Lada,202306,1037851.4376896535,28.0,135442
3301,Лада Самара,202403,307397.31051559147,6.0,131004
3302,Lada,202405,1043896.8630837973,35.0,118381
3303,Киа,202406,4094124.8802539916,28.0,151130
3304,Жигули,202403,536417.8955097051,8.0,107228
3305,Лада Самара,202304,646126.3283723209,12.0,133862
3306,Lada,202410,911896.4844549529,33.0,173359
3307,Киа,202402,1497045.4514574688,20.0,161989
3308,Лада Самара,202404,255510.23340267362,36.0,121540
3309,Lada,202407,1071853.112513796,60.0,138656
3310,Киа,202405,2313808.20697594,20.0,159884
3311,Жигули,202404,474805.50913276145,7.0,106954
3312,Мерседес-Бенц,202501,5003536.844135283,7.0,211407
3313,Lada,202306,1128437.1076849771,60.0,137091
3314,Жигули,202308,334747.585002183,18.0,120466
3315,Жигули,202411,431725.54544496385,50.0,115357
3316,Лада Самара,202309,602823.9699044428,11.0,134244
3317,Киа,202410,1949152.3764552227,47.0,173915
3318,Лада Самара,202303,436102.7291840756,12.0,128667
3319,Lada,202303,792104.9873337783,,149970
3320,Лада Самара,202410,491693.76309534383,59.0,136700
3321,Жигули,202304,421987.43745336414,23.0,125605
3322,Мерседес-Бенц,202406,4001920.3427270874,23.0,237637
3323,Киа,202312,2926426.1132239625,31.0,151391
3324,Лада Самара,202410,282315.5396049131,47.0,136497
3325,Киа,202405,3088464.6266668364,38.0,163295
3326,Киа,202412,2550606.5210249987,23.0,138221
3327,Киа,202303,1843728.97725405,1.0,159566
3328,Киа,202402,1971335.2744859313,59.0,148413
3329,Жигули,202406,475771.04734767746,-100.0,109295
3330,Жигули,202301,344735.8324566177,18.0,106831
3331,Lada,202311,1050928.2147421762,30.0,123330
3332,Жигули,202311,533577.537274538,18.0,126769
3333,Киа,202412,3029369.085834948,34.0,170582
3334,Lada,202310,830095.8562275204,22.0,125585
3335,Лада Самара,202304,483088.47181043675,37.0,144249
3336,Жигули,202406,345677.88249096606,1.0,114159
3337,Жигули,202312,494111.01643481624,32.0,107097
3338,Киа,202306,1492148.0322792453,3.0,140471
3339,Киа,202411,1325083.0439236644,55.0,162867
3340,Жигули,202311,465469.7924968963,35.0,110995
3341,Lada,202307,535514.9864473897,1.0,113651
3342,Lada,202410,701052.2706829007,15.0,126569
3343,Мерседес-Бенц,202309,5076110.819196577,15.0,191677
3344,Лада Самара,202306,504371.053297887,73.0,162864
3345,Лада Самара,202406,436180.7125662811,1.0,131385
3346,Лада Самара,202406,345359.08154918504,51.0,153117
3347,Лада Самара,202302,194940.15471922493,55.0,134274
3348,Лада Самара,202308,379739.3478016641,22.0,138934
3349,Lada,202301,837690.3596192849,51.0,149987
3350,Киа,202308,3451222.166749223,38.0,134090
3351,Мерседес-Бенц,202305,3107130.2658676766,0.0,173108
3352,Жигули,202308,415000.4227306277,11.0,127797
3353,Лада Самара,202306,436476.12538480264,11.0,135131
3354,Лада Самара,202409,444367.2377714147,56.0,143908
3355,Мерседес-Бенц,202312,3462375.4563046047,3.0,184103
3356,Киа,202310,2658956.3351325006,29.0,150478
3357,Лада Самара,202308,464771.1720537369,64.0,157107
3358,Киа,202404,1594513.1361796316,9.0,141032
3359,Mercedes,202404,2820498.2054015845,9.0,244736
3360,Лада Самара,202312,499563.7763942356,1.0,134434
3361,Лада Самара,202407,361597.0153440391,7.0,122751
3362,Киа,202403,2371722.811278317,4.0,166847
3363,Мерседес-Бенц,202410,7572161.219880039,7.0,231427
3364,Киа,202311,3500626.359732822,2.0,128908
3365,Мерседес-Бенц,202311,9044287.597239168,23.0,224563
3366,Лада Самара,202401,720184.3913703598,29.0,130871
3367,Жигули,202411,514531.3766975488,20.0,120702
3368,Лада Самара,202501,258932.15161504413,60.0,110561
3369,Лада Самара,202501,326913.7074278566,29.0,130235
3370,Мерседес-Бенц,202410,4867829.709317564,9.0,187122
3371,Жигули,202309,163424.54954594254,8.0,118155
3372,Киа,202307,2610768.132608996,8.0,135613
3373,Мерседес-Бенц,202405,5556941.918205507,16.0,187771
3374,Мерседес-Бенц,202307,6515610.089394248,61.0,190570
3375,Киа,202411,2099047.284828603,8.0,167854
3376,Киа,202412,1900695.7431301759,71.0,150703
3377,Киа,202311,1534290.010217432,17.0,157650
3378,Мерседес-Бенц,202405,4982214.479687533,37.0,214151
3379,Жигули,202311,321585.5371265981,2.0,109695
3380,Киа,202412,1732812.9713500284,8.0,154943
3381,Lada,202401,949173.1585627227,0.0,127619
3382,Lada,202404,1137333.1277544594,23.0,126191
3383,Жигули,202409,345539.3283819723,9.0,118726
3384,Киа,202404,2482364.0493443953,24.0,181165
3385,Лада Самара,202410,526304.0917478125,6.0,117223
3386,Lada,202410,932153.2888189419,13.0,128751
3387,Киа,202307,2698758.894677423,,159770
3388,Лада Самара,202404,356175.8759542173,8.0,114890
3389,Мерседес-Бенц,202306,6760114.637282898,25.0,201589
3390,Мерседес-Бенц,202408,6343535.2978746435,15.0,229287
3391,Киа,202305,2997764.7988119605,17.0,144489
3392,Лада Самара,202304,493485.0446221453,46.0,150694
3393,Киа,202304,1307529.4031096222,74.0,138548
3394,Мерседес-Бенц,202306,4815409.718131157,33.0,237579
3395,Киа,202410,2741000.625470612,5.0,185388
3396,Киа,202405,1135677.9265146542,40.0,126600
3397,Киа,202407,3054511.6047903737,0.0,163889
3398,Киа,202306,2762136.6546359346,9.0,147580
3399,Жигули,202305,389870.2708552457,12.0,116533
3400,Lada,202306,906756.5271571579,3.0,119765
3401,Мерседес-Бенц,202309,7766774.408552935,19.0,185060
3402,Lada,202406,686881.6212384675,0.0,135811
3403,Жигули,202307,425653.7695455051,8.0,115669
3404,Жигули,202412,293829.27119295043,11.0,99134
3405,Мерседес-Бенц,202412,6582119.430734796,39.0,227125
3406,Lada,202404,930399.529011637,31.0,139297
3407,Киа,202306,2440218.895562849,55.0,145473
3408,Киа,202306,2428493.2799587445,2.0,164662
3409,Киа,202307,1958209.2917195472,3.0,156855
3410,Киа,202412,2108675.76376035,0.0,148497
3411,Киа,202306,1804699.4365686814,19.0,125318
3412,Лада Самара,202401,458624.5025378698,2.0,133372
3413,Мерседес-Бенц,202409,4737246.659922855,3.0,215225
3414,Жигули,202408,494010.00209311646,-100.0,115607
3415,Киа,202303,2165099.362896562,7.0,141746
3416,Киа,202406,3310258.0675283554,71.0,124896
3417,Киа,202406,2196984.030578366,15.0,121607
3418,Жигули,202301,244868.44285533452,28.0,132353
3419,Lada,202303,1167369.0221460524,1.0,125868
3420,Жигули,202407,499677.30756091705,9.0,111064
3421,Лада Самара,202401,389178.68502220034,29.0,128529
3422,Lada,202312,872425.0111611828,19.0,150316
3423,Киа,202305,1784676.5585803918,71.0,181523
3424,Lada,202407,1225231.4885173505,11.0,147536
3425,Киа,202408,2476151.983020442,25.0,150777
3426,Киа,202408,1780868.3829992353,2.0,174306
3427,Киа,202405,1520262.2040716715,23.0,139262
3428,Lada,202411,915186.9662642102,14.0,119696
3429,Lada,202411,778460.8881042683,-100.0,144256
3430,Жигули,202310,213780.08609529978,58.0,132240
3431,Киа,202311,1552656.5183411737,17.0,155011
3432,Lada,202302,1022811.0834054825,31.0,141749
3433,Лада Самара,202402,296155.0089425757,33.0,119517
3434,Lada,202412,1297141.2900726742,33.0,138448
3435,Киа,202308,1770451.3321382129,14.0,131295
3436,Мерседес-Бенц,202305,5723984.164451745,0.0,196552
3437,Мерседес-Бенц,202411,5414506.142462192,1.0,223803
3438,Лада Самара,202303,453602.86388971936,35.0,141131
3439,Мерседес-Бенц,202401,6320265.532340503,1.0,184449
3440,Киа,202412,1714376.6355238368,48.0,153440
3441,Lada,202312,961932.7721457061,18.0,132595
3442,Lada,202301,808694.5228181499,24.0,130906
3443,Мерседес-Бенц,202405,4911464.59961956,7.0,196809
3444,Киа,202404,2542733.6851423285,4.0,131643
3445,Киа,202307,2098437.963776275,52.0,157300
3446,Жигули,202404,520856.3984651193,10.0,119505
3447,Lada,202312,671442.0124980599,26.0,154240
3448,Киа,202406,1138060.5238577686,8.0,155778
3449,Киа,202407,2380549.2483986504,94.0,181152
3450,Киа,202302,1664001.5467318168,3.0,170472
3451,Lada,202307,657865.3146549378,19.0,118159
3452,Lada,202412,659377.7472568972,14.0,126914
3453,Киа,202303,2891431.8205320123,7.0,131398
3454,Мерседес-Бенц,202409,9670840.54386774,29.0,189159
3455,Киа,202403,2496346.8988446766,1.0,135392
3456,Lada,202412,653178.6987417507,10.0,159914
3457,Мерседес-Бенц,202402,4327731.039945487,7.0,236516
3458,Lada,202402,1422656.1333861793,16.0,140069
3459,Мерседес-Бенц,202309,5066679.620403645,56.0,197954
3460,Мерседес-Бенц,202411,8886555.442515,15.0,176141
3461,Киа,202306,2706458.056146478,19.0,141940
3462,Лада Самара,202302,595541.7442258052,8.0,134180
3463,Lada,202404,1259374.5977808724,25.0,125916
3464,Lada,202411,887812.786452731,2.0,145933
3465,Мерседес-Бенц,202407,5905274.602717414,41.0,249348
3466,Жигули,202401,355850.08930059813,44.0,113368
3467,Киа,202409,2274119.094820289,,149185
3468,Lada,202303,1314445.5698959515,4.0,129017
3469,Киа,202407,2916673.8029029956,51.0,147853
3470,Lada,202309,850647.2149107432,44.0,126662
3471,Киа,202406,2242358.372156351,25.0,142076
3472,Киа,202404,1645088.682531207,,135609
3473,Мерседес-Бенц,202412,8149730.755254002,-100.0,203055
3474,Киа,202409,1963824.2264960003,37.0,160770
3475,Lada,202401,810922.8904738019,6.0,152654
3476,Жигули,202301,336651.1075874995,6.0,105881
3477,Киа,202312,2775278.114940286,29.0,132872
3478,Киа,202402,2409445.0124273454,91.0,132053
3479,Киа,202312,1466994.7012207964,0.0,127082
3480,Лада Самара,202306,415381.6515051387,32.0,158401
3481,Киа,202408,1629161.163651459,72.0,138594
3482,Mercedes,202304,9583117.898251394,24.0,232920
3483,Лада Самара,202310,226374.08861193949,29.0,159064
3484,Лада Самара,202401,292567.0098904272,11.0,137030
3485,Лада Самара,202404,313681.81384546804,13.0,128549
3486,Мерседес-Бенц,202411,8086978.775678161,4.0,156594
3487,Киа,202310,1780831.049398175,3.0,143721
3488,Жигули,202409,259092.0501611636,11.0,125646
3489,Жигули,202402,375494.7872145856,23.0,119636
3490,Киа,202403,1725058.2688645846,0.0,138324
3491,Жигули,202408,312549.272720157,7.0,106132
3492,Киа,202302,1344092.0161597189,13.0,180754
3493,Киа,202307,2013402.92539659,2.0,140715
3494,Lada,202306,1018885.3486292644,7.0,144540
3495,Мерседес-Бенц,202304,7349812.946979239,0.0,192520
3496,Жигули,202303,362015.44218955934,18.0,117026
3497,Жигули,202305,386398.6036053475,15.0,117523
3498,Лада Самара,202501,413633.4282455975,13.0,149870
3499,Lada,202304,907372.7626155807,38.0,129356
3500,Лада Самара,202410,581661.7654421665,28.0,141320
3501,Lada,202407,1259549.238064828,8.0,138747
3502,Жигули,202404,236121.723239335,7.0,110480
3503,Лада Самара,202404,481915.3735177151,20.0,123245
3504,Мерседес-Бенц,202302,7516882.430777104,3.0,210395
3505,Мерседес-Бенц,202311,5470302.874904802,37.0,248973
3506,Лада Самара,202409,495828.85878267954,88.0,119323
3507,Киа,202410,2463788.542763617,35.0,144629
3508,Мерседес-Бенц,202310,5760893.439488912,23.0,207179
3509,Жигули,202311,410814.0974483455,1.0,118018
3510,Жигули,202407,331708.2986214533,13.0,119356
3511,Киа,202312,1731319.878717457,21.0,193038
3512,Мерседес-Бенц,202308,5555225.786651443,10.0,199528
3513,Киа,202304,2080768.9265300967,3.0,126535
3514,Lada,202303,811361.7839869268,5.0,153945
3515,Лада Самара,202405,291320.2253709894,22.0,120177
3516,Жигули,202303,363333.8213551543,5.0,118469
3517,Мерседес-Бенц,202308,6074206.636251962,21.0,191747
3518,Киа,202304,2885870.8280792143,17.0,139985
3519,Киа,202410,2596874.018981642,4.0,130255
3520,Lada,202301,1074280.4540549489,2.0,140927
3521,Мерседес-Бенц,202307,4576903.656188296,30.0,228348
3522,Мерседес-Бенц,202405,7132501.24767292,3.0,212536
3523,Lada,202401,939531.7492529582,2.0,152682
3524,Мерседес-Бенц,202301,6648874.9304244155,9.0,189350
3525,Жигули,202405,279977.9427329139,51.0,119105
3526,Мерседес-Бенц,202311,2041276.1700521873,4.0,186437
3527,Лада Самара,202402,523365.93111096066,9.0,140235
3528,Lada,202308,944610.2030183376,110.0,141123
3529,Киа,202403,1938400.848602829,1.0,124157
3530,Жигули,202306,344102.4793580484,-100.0,137287
3531,Lada,202303,866635.3345613128,,124376
3532,Жигули,202312,377844.89724663866,30.0,104534
3533,Lada,202309,574427.5761314449,112.0,120700
3534,Киа,202303,1989922.0562241918,21.0,170215
3535,Киа,202307,2200490.3496903214,83.0,180571
3536,Жигули,202303,430417.84450561536,8.0,118443
3537,Lada,202402,796355.6128665056,44.0,148207
3538,Жигули,202304,280498.41913998226,19.0,110400
3539,Lada,202304,958152.5672118858,16.0,143157
3540,Киа,202309,1405002.5394400514,33.0,157739
3541,Жигули,202401,450423.0079323942,31.0,108080
3542,Lada,202408,1196595.678995563,8.0,134101
3543,Киа,202402,1961365.0656609933,36.0,152546
3544,Киа,202405,2502906.6465079347,10.0,137965
3545,Киа,202408,2149388.0206824406,26.0,163538
3546,Лада Самара,202405,330955.4805550784,6.0,117645
3547,Киа,202412,2881400.6717791962,14.0,163923
3548,Лада Самара,202303,184932.89549877567,49.0,160416
3549,Мерседес-Бенц,202408,3914516.5896410006,29.0,217478
3550,Жигули,202303,388293.3744129878,20.0,132989
3551,Жигули,202404,464270.47101422347,94.0,135119
3552,Киа,202312,2869651.530365644,5.0,162831
3553,Киа,202303,2847441.950533253,31.0,147093
3554,Киа,202402,1704064.1858022714,31.0,158802
3555,Жигули,202305,379301.91796889575,12.0,126081
3556,Киа,202309,2346663.1080731014,33.0,132140
3557,Lada,202304,742136.6502175538,49.0,130563
3558,Lada,202401,1379550.3277531515,123.0,128166
3559,Жигули,202301,410797.7280315072,35.0,116209
3560,Жигули,202410,326488.43715063366,7.0,133261
3561,Жигули,202408,240607.93568327988,32.0,116210
3562,Lada,202302,572416.5169226776,43.0,129634
3563,Lada,202310,1344825.8642311029,43.0,138261
3564,Лада Самара,202303,433228.70152176154,24.0,131432
3565,Лада Самара,202409,237755.66912490598,3.0,119516
3566,Киа,202303,1682204.9137418505,2.0,148300
3567,Жигули,202308,504654.02884959296,54.0,123433
3568,Киа,202408,2543580.8082834566,4.0,139140
3569,Киа,202306,1518414.1771411132,0.0,143767
3570,Lada,202406,828476.6605457832,5.0,127810
3571,Киа,202306,1630153.7085120417,32.0,164955
3572,Жигули,202406,354517.8963797188,11.0,100617
3573,Лада Самара,202307,517242.547624663,,128110
3574,Жигули,202404,248978.33391828253,34.0,123663
3575,Лада Самара,202403,358414.47957451397,27.0,130605
3576,Лада Самара,202501,327285.98368733755,72.0,118180
3577,Лада Самара,202304,279236.65152896434,7.0,160965
3578,Киа,202312,3365286.3541216506,2.0,147506
3579,Лада Самара,202306,355271.61075458804,123.0,121230
3580,Мерседес-Бенц,202301,3834671.0316479737,22.0,222639
3581,Киа,202410,2234797.767838284,30.0,146674
3582,Мерседес-Бенц,202404,5828151.832209031,12.0,228357
3583,Лада Самара,202311,551454.9859965098,52.0,131302
3584,Lada,202311,845477.8945175378,38.0,148620
3585,Lada,202410,714947.6718042139,49.0,137265
3586,Lada,202308,964300.7483753768,0.0,127083
3587,Лада Самара,202302,476283.9424372025,7.0,124764
3588,Лада Самара,202308,394469.8560094047,29.0,129667
3589,Lada,202303,1254003.7939047937,56.0,142579
3590,Мерседес-Бенц,202401,4919769.022390214,0.0,187102
3591,Лада Самара,202405,455861.0442922649,36.0,123463
3592,Киа,202403,1201930.1621026685,3.0,135951
3593,Киа,202408,2774252.036438703,8.0,158140
3594,Lada,202405,593210.3011311688,1.0,138954
3595,Киа,202301,2248937.8708350346,9.0,165377
3596,Жигули,202309,354418.6843758073,14.0,117303
3597,Лада Самара,202408,441786.2375165941,13.0,160118
3598,Киа,202312,2120832.2972505144,2.0,161837
3599,Жигули,202406,387424.47562731866,2.0,117537
3600,Жигули,202311,380373.8291472676,6.0,120525
3601,Киа,202411,1921389.4910241114,9.0,159939
3602,Lada,202304,755266.4146018536,14.0,125006
3603,Киа,202405,2831588.7694306765,14.0,131069
3604,Мерседес-Бенц,202312,5759042.011010455,42.0,211595
3605,Киа,202401,2778272.8276095507,5.0,150743
3606,Киа,202309,2306960.6703821346,19.0,139868
3607,Lada,202310,580221.1789013814,18.0,126430
3608,Lada,202501,683083.3554669002,-100.0,146108
3609,Киа,202405,2203745.681579245,80.0,155484
3610,Лада Самара,202404,536806.2342588572,82.0,116754
3611,Киа,202409,2613740.688644253,21.0,117551
3612,Жигули,202403,387921.07249064825,6.0,95852
3613,Лада Самара,202411,384991.9954467797,64.0,159398
3614,Lada,202311,822113.8560962377,15.0,126837
3615,Мерседес-Бенц,202303,4551751.835212479,82.0,203850
3616,Lada,202501,842859.6911657965,11.0,171554
3617,Киа,202407,1405077.244345198,22.0,137184
3618,Жигули,202404,338703.4911402732,3.0,129702
3619,Мерседес-Бенц,202306,9945135.784121983,21.0,202605
3620,Лада Самара,202302,345197.4009921857,39.0,147838
3621,Мерседес-Бенц,202310,4248200.015421339,26.0,216836
3622,Киа,202406,1434528.6541383332,33.0,124556
3623,Киа,202304,1811603.8320443896,16.0,137494
3624,Lada,202311,677982.7916403274,26.0,123980
3625,Киа,202411,2046911.5397964718,14.0,154209
3626,Жигули,202307,554015.4760836603,25.0,115342
3627,Мерседес-Бенц,202309,8543685.950913513,1.0,203773
3628,Мерседес-Бенц,202410,4958739.011195289,17.0,218103
3629,Лада Самара,202407,468520.9721845898,33.0,161211
3630,Lada,202407,842802.0197320381,48.0,144870
3631,Киа,202306,1322707.7570752944,12.0,148796
3632,Лада Самара,202406,575587.8573602246,9.0,136699
3633,Мерседес-Бенц,202407,3830747.15269929,27.0,174151
3634,Киа,202402,2457162.9349029395,37.0,144584
3635,Лада Самара,202309,490030.3186460377,0.0,114129
3636,Жигули,202402,298112.0382242036,46.0,136856
3637,Мерседес-Бенц,202403,5599412.790949785,48.0,224661
3638,Киа,202401,2244443.9053437603,54.0,127406
3639,Киа,202308,2564047.978626987,133.0,165090
3640,Лада Самара,202309,468603.4347940964,41.0,148729
3641,Киа,202307,2866304.9330555047,4.0,137894
3642,Лада Самара,202404,334944.4197913345,1.0,139861
3643,Киа,202309,2365199.389558192,8.0,152517
3644,Лада Самара,202301,321446.4321409431,9.0,117164
3645,Киа,202411,2598206.2656321395,3.0,128451
3646,Киа,202305,2293100.819632549,89.0,198647
3647,Жигули,202405,397325.1810586881,25.0,119514
3648,Лада Самара,202307,350054.48290342366,3.0,135943
3649,Мерседес-Бенц,202412,7732382.700550329,14.0,177481
3650,Киа,202407,2079617.4921451518,0.0,167636
3651,Киа,202401,1389788.973566726,30.0,164623
3652,Киа,202411,1451888.3870709115,30.0,154006
3653,Мерседес-Бенц,202412,5851434.124714575,12.0,243339
3654,Мерседес-Бенц,202305,5885106.3616249245,17.0,177585
3655,Lada,202401,1480271.9790974748,12.0,126785
3656,Жигули,202303,538267.8897821289,46.0,123921
3657,Лада Самара,202406,430830.4471743353,23.0,127278
3658,Лада Самара,202402,506115.0468179426,1.0,140142
3659,Лада Самара,202310,303813.5264953672,10.0,140326
3660,Жигули,202408,537420.9253445965,56.0,139551
3661,Мерседес-Бенц,202406,6815705.895127055,11.0,208989
3662,Киа,202301,2051754.6073008487,16.0,136670
3663,Жигули,202310,327668.41904016107,56.0,119385
3664,Lada,202309,457454.3268636016,6.0,140826
3665,Киа,202408,2206446.0200684625,4.0,143525
3666,Мерседес-Бенц,202302,4734701.30909512,1.0,199646
3667,Мерседес-Бенц,202310,7213473.45318909,40.0,199453
3668,Киа,202301,2539020.820550443,5.0,156828
3669,Жигули,202309,364072.83174745593,42.0,129611
3670,Жигули,202306,476357.7323435229,24.0,155582
3671,Киа,202306,3766001.57498186,6.0,127436
3672,Киа,202311,2260921.3352228752,37.0,157597
3673,Киа,202309,2104788.146303002,11.0,185151
3674,Мерседес-Бенц,202312,6048014.262971576,23.0,233332
3675,Киа,202409,1113734.303130611,1.0,174310
3676,Лада Самара,202307,326562.0767565296,36.0,121779
3677,Lada,202404,977645.5624323197,35.0,137674
3678,Мерседес-Бенц,202303,6440499.608350807,30.0,180844
3679,Мерседес-Бенц,202301,6701621.87785884,103.0,193106
3680,Мерседес-Бенц,202303,6219911.70392556,-100.0,239308
3681,Киа,202409,2734691.0698098554,3.0,131654
3682,Киа,202309,2625715.509038924,78.0,149326
3683,Lada,202303,1108290.5896851236,13.0,123435
3684,Lada,202404,710562.3639012204,139.0,142286
3685,Лада Самара,202306,695251.435187332,17.0,116723
3686,Мерседес-Бенц,202312,7345726.293766267,,207045
3687,Киа,202401,2401427.5694144494,0.0,154940
3688,Киа,202311,3266292.211098278,29.0,147518
3689,Жигули,202406,633391.4319431838,15.0,139734
3690,Lada,202409,1068389.738428898,3.0,139500
3691,Киа,202411,1651789.499082505,13.0,145273
3692,Лада Самара,202501,393978.56275558705,10.0,124503
3693,Lada,202308,845422.9927816477,6.0,148008
3694,Мерседес-Бенц,202301,7515404.136926565,22.0,200946
3695,Киа,202408,2688937.852497053,0.0,139914
3696,Lada,202304,1038325.9328802226,58.0,169926
3697,Мерседес-Бенц,202310,5501578.022764151,20.0,228920
3698,Мерседес-Бенц,202302,6836163.259807837,26.0,191765
3699,Киа,202310,3147268.8984220745,36.0,154565
3700,Киа,202303,2074618.8708766454,25.0,167716
3701,Жигули,202407,211636.11667764964,86.0,115294
3702,Киа,202411,2058146.7845965389,36.0,175847
3703,Мерседес-Бенц,202404,6009322.5331435185,4.0,211411
3704,Мерседес-Бенц,202404,6563398.1586543415,25.0,260746
3705,Жигули,202411,477573.9707178166,3.0,115811
3706,Киа,202308,1434696.4361622597,7.0,157775
3707,Киа,202306,1804463.1426441506,46.0,142067
3708,Мерседес-Бенц,202309,4092368.1784196477,18.0,203796
3709,Жигули,202311,504199.44708380604,10.0,114283
3710,Lada,202401,1127466.9733253173,25.0,151439
3711,Киа,202308,2268934.638635885,26.0,129115
3712,Жигули,202310,323678.0177415525,53.0,92733
3713,Мерседес-Бенц,202309,10262405.7231749,8.0,211344
3714,Киа,202307,1943441.9548485228,10.0,151135
3715,Жигули,202310,452562.54659632704,48.0,114196
3716,Киа,202304,1738152.8930323543,25.0,153217
3717,Киа,202403,3684018.896118266,15.0,124897
3718,Жигули,202304,527485.8488562023,12.0,142263
3719,Мерседес-Бенц,202305,6467340.040299303,3.0,186220
3720,Мерседес-Бенц,202310,6161368.817860238,38.0,231061
3721,Киа,202410,1686927.3564104296,48.0,136031
3722,Мерседес-Бенц,202302,6384913.485102164,8.0,178603
3723,Лада Самара,202403,428634.18713734276,53.0,124121
3724,Жигули,202307,404581.862302051,28.0,122997
3725,Лада Самара,202412,301062.7625534435,50.0,148639
3726,Lada,202310,1202084.3895370206,37.0,160673
3727,Киа,202309,3236871.545230017,8.0,167434
3728,Киа,202408,1616338.2595747644,11.0,130254
3729,Lada,202309,881340.6381698627,25.0,133604
3730,Lada,202410,883126.7931759565,11.0,128363
3731,Lada,202304,817436.6332962911,12.0,133839
3732,Жигули,202301,345966.49238431174,-100.0,125454
3733,Киа,202411,1576214.8324998284,36.0,140766
3734,Киа,202409,2626918.464186352,-100.0,187235
3735,Киа,202403,1954452.8443608305,4.0,141926
3736,Киа,202501,2125849.4124817904,8.0,161391
3737,Жигули,202310,363209.4861648261,9.0,104265
3738,Киа,202411,1389240.355279825,4.0,179901
3739,Lada,202402,756576.2396233446,28.0,145679
3740,Лада Самара,202307,585046.300642857,119.0,133752
3741,Киа,202404,3183364.111025973,-100.0,158235
3742,Жигули,202312,427378.5482502868,66.0,129083
3743,Киа,202408,1239108.555233633,3.0,149639
3744,Лада Самара,202402,623512.3181934879,10.0,130630
3745,Мерседес-Бенц,202305,4437278.826252259,5.0,178331
3746,Жигули,202401,276467.3372657683,14.0,141718
3747,Жигули,202412,468484.2504537575,1.0,119210
3748,Lada,202301,984975.1401962114,1.0,120668
3749,Lada,202406,1171668.325328526,18.0,132455
3750,Лада Самара,202408,663243.9905301626,9.0,150780
3751,Лада Самара,202412,486725.8714168847,1.0,146293
3752,Жигули,202307,529652.4168266775,11.0,118023
3753,Киа,202312,1622142.3087713353,1.0,136937
3754,Жигули,202304,400810.0917185537,35.0,116948
3755,Киа,202408,986262.4782155416,13.0,165944
3756,Мерседес-Бенц,202404,8138928.369019332,34.0,237449
3757,Lada,202410,762797.3644081227,24.0,132545
3758,Мерседес-Бенц,202310,7225660.659123254,45.0,222662
3759,Лада Самара,202306,598142.0362763597,68.0,132745
3760,Жигули,202410,381629.5917226334,6.0,104749
3761,Киа,202308,2176797.0372297675,57.0,162836
3762,Лада Самара,202411,542713.1137229681,27.0,133546
3763,Киа,202309,1296918.8923500655,4.0,145486
3764,Лада Самара,202410,389866.9392727079,6.0,143754
3765,Киа,202401,1242390.2106962444,82.0,133800
3766,Lada,202407,944058.749747288,100.0,111768
3767,Киа,202411,2594109.878204281,16.0,157076
3768,Киа,202401,1995632.626624806,6.0,176530
3769,Лада Самара,202310,428678.9872541041,12.0,147679
3770,Киа,202409,1793953.1279109444,23.0,140386
3771,Жигули,202307,322776.51561344037,10.0,124090
3772,Мерседес-Бенц,202412,7519263.064013559,14.0,217163
3773,Мерседес-Бенц,202302,5741525.324269447,22.0,218886
3774,Lada,202312,852413.0522149391,8.0,126524
3775,Lada,202305,934728.8089953174,22.0,128163
3776,Lada,202307,1430268.2392160133,52.0,109369
3777,Киа,202402,2624137.9397693374,64.0,157193
3778,Лада Самара,202402,413395.5721132465,13.0,144816
3779,Жигули,202408,205988.89796353452,19.0,133485
3780,Lada,202309,1051481.0516180503,4.0,119231
3781,Лада Самара,202407,467621.60881268926,1.0,128458
3782,Мерседес-Бенц,202309,5642876.14800878,1.0,195934
3783,Мерседес-Бенц,202305,2941486.074744999,1.0,180267
3784,Киа,202412,2600792.5834052744,-100.0,171157
3785,Киа,202408,2881391.1493003825,1.0,145458
3786,Лада Самара,202405,258209.4057375246,12.0,126803
3787,Жигули,202310,424651.89066313737,15.0,136251
3788,Мерседес-Бенц,202303,8517383.47218333,4.0,215873
3789,Мерседес-Бенц,202302,4623847.709763837,64.0,194992
3790,Киа,202408,2141287.8019271214,70.0,128954
3791,Киа,202501,1599806.3689901114,6.0,137620
3792,Киа,202305,2201054.3824452646,8.0,151356
3793,Lada,202308,1219927.1216407046,4.0,126721
3794,Жигули,202404,212998.5551859908,2.0,104202
3795,Жигули,202410,309308.7731963499,104.0,120662
3796,Lada,202308,1176838.7698249673,52.0,115970
3797,Лада Самара,202306,645791.591642082,12.0,142235
3798,Lada,202408,1028462.1629793532,4.0,164082
3799,Мерседес-Бенц,202302,5423692.319260322,4.0,214355
3800,Lada,202405,581106.3482797174,53.0,155597
3801,Киа,202403,2099324.072506603,58.0,143392
3802,Киа,202402,1883911.1558705654,19.0,145848
3803,Жигули,202411,264441.68972717004,33.0,108348
3804,Lada,202307,1127608.522323397,1.0,138259
3805,Киа,202305,1974055.7389624922,20.0,167874
3806,Лада Самара,202412,501709.3076748222,6.0,124841
3807,Мерседес-Бенц,202312,4252056.569319596,28.0,210972
3808,Киа,202312,2044810.639508114,30.0,131006
3809,Киа,202407,3182429.0420377506,10.0,148189
3810,Лада Самара,202407,388481.63112095173,51.0,125032
3811,Lada,202309,801715.5181515935,1.0,131630
3812,Мерседес-Бенц,202411,6157121.499663075,8.0,216706
3813,Lada,202307,690250.3341286026,2.0,119221
3814,Мерседес-Бенц,202411,6756340.990230497,44.0,182267
3815,Киа,202405,2815612.6238473225,25.0,150925
3816,Мерседес-Бенц,202305,6543300.715489672,61.0,207892
3817,Лада Самара,202303,348890.1626026016,91.0,135053
3818,Жигули,202404,351427.20567638864,37.0,108047
3819,Мерседес-Бенц,202409,6886620.810712017,25.0,182987
3820,Жигули,202310,475425.62449639005,4.0,122432
3821,Лада Самара,202407,610252.5473698437,31.0,113419
3822,Киа,202406,1792864.1965513357,15.0,133272
3823,Жигули,202305,510706.74483634403,11.0,143992
3824,Lada,202410,1093695.2120125974,28.0,129187
3825,Жигули,202411,481438.6027219647,3.0,102806
3826,Lada,202408,1029448.815538442,23.0,119643
3827,Lada,202411,676638.8956623583,12.0,151769
3828,Мерседес-Бенц,202311,6034161.384639436,7.0,189583
3829,Жигули,202403,224629.17469866027,44.0,119842
3830,Жигули,202403,402142.2402077165,12.0,115430
3831,Lada,202305,808885.296010508,41.0,117759
3832,Мерседес-Бенц,202405,2466403.289533204,76.0,177574
3833,Мерседес-Бенц,202404,4651939.442719007,26.0,215330
3834,Жигули,202312,764051.4402409472,3.0,105765
3835,Lada,202301,701670.8065828736,7.0,166946
3836,Лада Самара,202302,331852.73057045916,3.0,112560
3837,Жигули,202408,501084.71791908646,2.0,104834
3838,Киа,202403,1821185.0493476165,71.0,160383
3839,Жигули,202305,333983.8836892551,16.0,122967
3840,Киа,202303,2555459.983242316,33.0,173567
3841,Киа,202403,2164903.3087948295,14.0,157865
3842,Киа,202501,2172126.283826244,3.0,165334
3843,Жигули,202501,295553.4678568619,10.0,141498
3844,Жигули,202303,471870.3295241723,4.0,115866
3845,Лада Самара,202409,495001.35086270416,35.0,112333
3846,Киа,202407,1729711.9781077928,41.0,176299
3847,Киа,202401,2191152.897273418,132.0,169565
3848,Киа,202311,2647971.082816181,28.0,160561
3849,Киа,202408,1843520.3438913997,20.0,175159
3850,Mercedes,202501,6139863.405946184,20.0,226622
3851,Жигули,202406,220697.57220415928,76.0,115828
3852,Мерседес-Бенц,202410,7146047.166403347,33.0,232159
3853,Мерседес-Бенц,202302,4976780.606034387,1.0,202767
3854,Киа,202306,2270124.3134544017,4.0,145029
3855,Киа,202306,2704906.4904297595,34.0,177912
3856,Киа,202308,2410978.7144656805,20.0,173403
3857,Мерседес-Бенц,202301,4520617.7051219335,12.0,193577
3858,Жигули,202310,336025.6371451881,12.0,104571
3859,Киа,202307,1304635.70257729,3.0,133271
3860,Жигули,202301,423374.1091218674,41.0,116000
3861,Жигули,202411,208478.11050658967,4.0,112918
3862,Мерседес-Бенц,202405,6519612.049504782,3.0,207005
3863,Киа,202402,1686204.9101095584,29.0,205903
3864,Киа,202307,2520739.262244365,39.0,169205
3865,Мерседес-Бенц,202307,6444919.386614484,49.0,235963
3866,Киа,202401,2780481.159629409,7.0,149431
3867,Жигули,202308,461870.9692474231,19.0,124924
3868,Мерседес-Бенц,202305,7317322.306401038,5.0,213980
3869,Lada,202301,898528.2602900736,1.0,146839
3870,Лада Самара,202311,430213.89995265804,36.0,149691
3871,Lada,202410,1125570.4601881227,5.0,143502
3872,Лада Самара,202403,426206.03768550244,47.0,127712
3873,Киа,202410,1833068.729720115,12.0,126802
3874,Lada,202403,843202.7212493761,2.0,148140
3875,Киа,202501,2192832.993841927,8.0,161175
3876,Мерседес-Бенц,202412,4935659.7479598215,2.0,187400
3877,Лада Самара,202411,407083.95980763214,8.0,166732
3878,Киа,202411,1790494.350309033,80.0,141032
3879,Киа,202411,2069425.3933776168,8.0,149186
3880,Lada,202302,724983.7728466041,,132362
3881,Жигули,202402,311060.91578725696,-100.0,110006
3882,Киа,202305,1617437.458518985,67.0,145387
3883,Мерседес-Бенц,202301,8051798.98187304,20.0,194790
3884,Мерседес-Бенц,202306,6552602.611796087,16.0,191898
3885,Киа,202404,2724668.095315453,8.0,158728
3886,Лада Самара,202304,291607.8386853792,26.0,146865
3887,Киа,202301,3219362.9799248152,49.0,144217
3888,Lada,202301,710144.8631730663,51.0,130295
3889,Lada,202407,725928.8988717224,,142393
3890,Жигули,202405,562839.9474770871,6.0,123440
3891,Lada,202412,807535.2818242074,5.0,135051
3892,Киа,202311,2080772.0091968365,2.0,149555
3893,Мерседес-Бенц,202411,3491895.731676408,11.0,216829
3894,Лада Самара,202406,430011.867833816,9.0,149151
3895,Лада Самара,202412,333227.3418622279,61.0,128907
3896,Киа,202303,2557707.644726126,18.0,156819
3897,Лада Самара,202312,488532.32600853033,29.0,129223
3898,Лада Самара,202411,443320.4713780383,18.0,110525
3899,Lada,202301,975032.1229685337,49.0,125592
3900,Lada,202311,860093.9921894569,2.0,157239
3901,Жигули,202307,364415.46483238344,8.0,133432
3902,Лада Самара,202407,325344.8603821649,37.0,110811
3903,Лада Самара,202304,519004.0214177642,75.0,127894
3904,Киа,202403,3327788.3475624733,40.0,150772
3905,Lada,202312,835562.5799074282,23.0,136534
3906,Киа,202310,2295039.3787463345,126.0,146016
3907,Киа,202404,2737988.0682449983,44.0,165774
3908,Мерседес-Бенц,202306,8335103.321149798,10.0,239407
3909,Lada,202408,1220361.7140394354,0.0,142376
3910,Киа,202403,1341560.141112132,56.0,144381
3911,Киа,202406,3523629.949137911,8.0,131214
3912,Киа,202404,1339939.4181159073,45.0,161625
3913,Лада Самара,202311,610348.9688909824,1.0,111716
3914,Мерседес-Бенц,202308,6577955.484240895,4.0,217794
3915,Лада Самара,202312,596634.1911756563,5.0,153262
3916,Lada,202308,974145.3569944946,14.0,142639
3917,Киа,202407,2328293.064232364,31.0,136811
3918,Жигули,202407,178285.90789791427,65.0,111092
3919,Жигули,202303,606082.2333567166,3.0,120104
3920,Мерседес-Бенц,202402,6280057.358131281,8.0,244078
3921,Киа,202307,2522086.650594086,27.0,154472
3922,Мерседес-Бенц,202302,7065781.4389169,1.0,177230
3923,Лада Самара,202410,404125.82870563807,46.0,134555
3924,Лада Самара,202406,373823.4670519562,36.0,167518
3925,Мерседес-Бенц,202404,7168763.87804662,11.0,177327
3926,Lada,202406,1146199.403035799,27.0,156562
3927,Киа,202405,2696772.839265121,24.0,147217
3928,Мерседес-Бенц,202310,5342336.74292369,5.0,212686
3929,Lada,202407,875019.8578388861,0.0,139100
3930,Lada,202308,1006353.6510124075,17.0,126070
3931,Киа,202404,1902484.0035885843,133.0,173448
3932,Lada,202310,1127597.7071667695,27.0,143608
3933,Lada,202311,1067464.3983477324,1.0,149635
3934,Lada,202412,879251.7332735517,14.0,140891
3935,Жигули,202402,541029.0713057434,15.0,147752
3936,Lada,202411,836545.5278344242,9.0,114054
3937,Лада Самара,202403,478259.50083002786,113.0,147447
3938,Жигули,202309,413631.62455458514,6.0,123568
3939,Лада Самара,202401,490489.5347093641,6.0,119550
3940,Киа,202501,2643157.1591184232,0.0,161335
3941,Жигули,202408,422247.99578911194,7.0,107886
3942,Киа,202409,3027380.8595951525,8.0,161456
3943,Жигули,202412,479037.3393095526,45.0,118588
3944,Киа,202409,1571523.2596574347,44.0,191539
3945,Lada,202404,1324859.0511819818,8.0,143700
3946,Мерседес-Бенц,202307,5361727.57171536,4.0,215738
3947,Лада Самара,202407,409884.70800028235,55.0,160956
3948,Lada,202501,1292517.0427719126,8.0,135241
3949,Lada,202304,829357.7435795022,16.0,142807
3950,Жигули,202409,323449.72792507894,21.0,106973
3951,Жигули,202307,325130.4410416799,34.0,123174
3952,Лада Самара,202409,306673.84999319067,0.0,126618
3953,Киа,202312,2858024.4346473,28.0,126440
3954,Киа,202304,1980584.6412977017,7.0,156562
3955,Лада Самара,202306,252242.90724272263,121.0,156998
3956,Киа,202403,2004867.3029925735,3.0,161117
3957,Мерседес-Бенц,202411,10079576.38045122,13.0,235297
3958,Жигули,202306,426904.53321167815,32.0,131631
3959,Киа,202408,2793794.2895603324,18.0,152720
3960,Киа,202409,2830987.2147842804,18.0,126683
3961,Жигули,202410,249755.37231053968,-100.0,112060
3962,Лада Самара,202402,522262.38910044124,68.0,138364
3963,Мерседес-Бенц,202311,5021642.497372017,37.0,196684
3964,Lada,202307,854777.6150088484,40.0,124960
3965,Mercedes,202309,3718374.314839523,13.0,296596
3966,Жигули,202306,322257.85127466306,33.0,141387
3967,Киа,202408,1562268.6619984307,24.0,188391
3968,Киа,202407,2265622.7915986846,4.0,140771
3969,Mercedes,202404,10053924.458600497,20.0,227662
3970,Киа,202302,2674470.6023144927,17.0,145754
3971,Lada,202406,991941.9612481224,18.0,112297
3972,Киа,202403,1454809.227971208,24.0,157878
3973,Lada,202410,604044.304591232,24.0,129537
3974,Лада Самара,202406,189775.77486351036,6.0,125189
3975,Лада Самара,202401,365074.73815219116,14.0,124152
3976,Жигули,202307,341377.66378162906,14.0,120551
3977,Киа,202407,1996047.633322093,27.0,164236
3978,Лада Самара,202406,384240.2644880204,6.0,120749
3979,Киа,202309,1393501.6444571728,31.0,146515
3980,Жигули,202402,395503.1417293556,4.0,116330
3981,Мерседес-Бенц,202304,10074244.114496667,106.0,208470
3982,Киа,202407,1847423.8108755276,36.0,140129
3983,Киа,202409,2057141.827887961,16.0,159464
3984,Киа,202409,2874029.3750868817,29.0,152820
3985,Lada,202401,1305551.8472470753,15.0,132305
3986,Киа,202304,1884037.9405291942,62.0,159524
3987,Жигули,202402,364557.17106112395,32.0,121031
3988,Мерседес-Бенц,202308,6365145.118066978,-100.0,189383
3989,Мерседес-Бенц,202307,6599877.414997418,1.0,203659
3990,Lada,202501,737599.8248336487,33.0,138185
3991,Жигули,202409,403574.97567828547,4.0,98312
3992,Лада Самара,202311,543904.8705320277,-100.0,145494
3993,Lada,202305,812209.4813169459,5.0,117684
3994,Лада Самара,202312,528014.4808071917,9.0,133875
3995,Киа,202307,2400431.5646049855,20.0,145828
3996,Мерседес-Бенц,202501,4055248.080613828,32.0,210543
3997,Мерседес-Бенц,202303,6463481.042801211,28.0,197268
3998,Lada,202310,894046.6924021774,10.0,138692
3999,Лада Самара,202408,775978.7026272315,12.0,153711
4000,Lada,202411,502877.63128825475,11.0,127603
4001,Киа,202501,1524366.1075200364,1.0,139050
4002,Мерседес-Бенц,202410,6453623.377887269,74.0,195484
4003,Киа,202404,1839317.0709449179,4.0,152785
4004,Мерседес-Бенц,202408,9044674.263746295,3.0,196913
4005,Киа,202407,2059666.7689344513,53.0,154903
4006,Lada,202404,871187.884037227,20.0,120885
4007,Лада Самара,202310,421393.8405589619,12.0,134829
4008,Lada,202412,1041792.5590602418,12.0,113133
4009,Киа,202310,2286818.653680553,33.0,160449
4010,Киа,202303,1386995.379884968,30.0,141932
4011,Киа,202304,1367263.6919238593,-100.0,141162
4012,Лада Самара,202412,295175.87758009596,3.0,132576
4013,Киа,202402,2093918.158710778,6.0,134146
4014,Жигули,202308,320564.3451588922,38.0,110623
4015,Киа,202405,2626857.074068299,52.0,194939
4016,Мерседес-Бенц,202403,5952387.3450164255,76.0,209203
4017,Мерседес-Бенц,202310,6408855.755011864,28.0,227801
4018,Lada,202408,1188259.5308265744,26.0,128025
4019,Киа,202411,3096831.6769120246,46.0,150778
4020,Жигули,202407,346157.81306317134,1.0,108390
4021,Лада Самара,202308,649854.4075912351,37.0,156653
4022,Mercedes,202412,4773397.926440286,136.0,238323
4023,Мерседес-Бенц,202407,5756676.339311806,81.0,202128
4024,Киа,202302,2975503.9215177936,21.0,160371
4025,Киа,202412,2747392.065513185,7.0,140168
4026,Киа,202303,2225672.124917778,49.0,134231
4027,Лада Самара,202403,302548.9492405877,25.0,151109
4028,Lada,202405,651337.8705525369,5.0,129882
4029,Киа,202301,1490289.3724561038,26.0,157204
4030,Жигули,202309,461339.1396362312,23.0,119073
4031,Жигули,202312,341862.3259178778,11.0,125840
4032,Mercedes,202408,7335323.053138955,22.0,188608
4033,Lada,202403,959089.4653449175,9.0,124352
4034,Мерседес-Бенц,202302,4286734.132106975,15.0,171111
4035,Киа,202403,2473111.9660263876,35.0,180377
4036,Киа,202501,1904367.4890443,-100.0,155753
4037,Лада Самара,202306,723577.2309126235,10.0,130100
4038,Мерседес-Бенц,202309,5623180.530136195,47.0,191565
4039,Киа,202301,1518998.2394470826,39.0,170310
4040,Мерседес-Бенц,202401,8142060.983312878,29.0,248602
4041,Лада Самара,202402,436208.38045504014,16.0,139089
4042,Киа,202302,2522917.0250659795,12.0,154452
4043,Киа,202302,2099434.160164123,26.0,156171
4044,Киа,202302,2233536.501209143,12.0,143027
4045,Жигули,202304,243929.20020151266,15.0,119093
4046,Мерседес-Бенц,202402,7980957.712086118,14.0,171995
4047,Жигули,202303,347033.38459607953,4.0,107615
4048,Киа,202305,1381069.7593614946,2.0,151558
4049,Мерседес-Бенц,202501,6800549.515793257,32.0,202953
4050,Киа,202407,2712646.9170428347,5.0,168088
4051,Lada,202411,585250.1525690883,5.0,117865
4052,Мерседес-Бенц,202309,11585040.982001927,47.0,233865
4053,Lada,202305,1100241.9904187657,12.0,127601
4054,Жигули,202404,358215.7001398273,15.0,114164
4055,Киа,202309,2195074.6781362672,78.0,144522
4056,Киа,202309,2819883.1196194524,13.0,140322
4057,Lada,202412,980902.15895604,43.0,146051
4058,Лада Самара,202401,348861.4789082602,36.0,128203
4059,Lada,202501,1095919.9415099418,0.0,105475
4060,Киа,202405,3158867.151661675,10.0,155458
4061,Лада Самара,202305,346173.9639041156,6.0,137228
4062,Киа,202310,2027203.0921511762,59.0,151408
4063,Мерседес-Бенц,202410,5221952.560536601,19.0,207250
4064,Лада Самара,202409,331764.4306871272,12.0,133208
4065,Lada,202303,1303473.135687564,39.0,147316
4066,Жигули,202401,421688.8906939674,2.0,136524
4067,Киа,202410,3125295.634010508,45.0,136511
4068,Киа,202407,988072.5127548466,1.0,173817
4069,Киа,202308,2257252.773639155,28.0,174879
4070,Мерседес-Бенц,202402,7428566.9129942665,17.0,200860
4071,Лада Самара,202310,289375.247130432,7.0,136604
4072,Лада Самара,202305,332310.5266337856,0.0,143029
4073,Киа,202307,2686393.68841327,-100.0,164799
4074,Киа,202412,1903043.6465356126,26.0,160919
4075,Lada,202308,1123123.3199072178,8.0,150415
4076,Lada,202407,1052575.6637239521,59.0,118444
4077,Лада Самара,202310,415203.41770014894,13.0,122673
4078,Жигули,202305,388584.1761993255,36.0,121022
4079,Киа,202308,2055952.8441298595,21.0,168303
4080,Жигули,202408,385805.0114573584,33.0,146516
4081,Мерседес-Бенц,202303,7940627.619671263,4.0,217057
4082,Киа,202307,1591643.7864335903,6.0,141289
4083,Lada,202309,559966.7857388069,26.0,134805
4084,Киа,202404,2243157.507341612,8.0,139368
4085,Лада Самара,202407,338211.88566804887,11.0,126328
4086,Мерседес-Бенц,202412,5332894.4341095695,11.0,190475
4087,Жигули,202403,472502.10525093635,1.0,123663
4088,Lada,202305,1126403.7450040842,5.0,139561
4089,Киа,202307,3949730.0315175815,60.0,171540
4090,Мерседес-Бенц,202501,5737141.838808939,134.0,215521
4091,Lada,202304,933910.9224991802,2.0,126583
4092,Лада Самара,202404,452810.8457455974,0.0,132307
4093,Lada,202403,973731.4273198295,61.0,155373
4094,Lada,202309,1353208.795704137,12.0,144455
4095,Lada,202305,639438.5858334561,121.0,157835
4096,Киа,202309,2755731.4910954377,0.0,145528
4097,Киа,202305,2185493.987597545,56.0,132897
4098,Мерседес-Бенц,202401,4617981.048547873,64.0,227230
4099,Жигули,202303,351205.12074785534,8.0,130555
4100,Киа,202407,2175371.518405876,128.0,183085
4101,Жигули,202303,245442.553758856,0.0,104733
4102,Киа,202412,2198125.328697329,16.0,154845
4103,Жигули,202408,345428.9780706518,23.0,124389
4104,Киа,202303,1842058.4311202585,27.0,148392
4105,Мерседес-Бенц,202403,9562457.00350356,63.0,182320
4106,Мерседес-Бенц,202311,5296712.252335044,5.0,195783
4107,Жигули,202302,215956.84355589774,27.0,118728
4108,Lada,202407,1025543.032681529,5.0,128109
4109,Киа,202407,2255178.824835773,24.0,158245
4110,Киа,202306,1381002.495184952,13.0,175802
4111,Киа,202301,3311085.0859896606,,160468
4112,Мерседес-Бенц,202301,5843829.889381778,99.0,193397
4113,Киа,202306,1962358.0395351176,36.0,168799
4114,Lada,202408,1099591.2534031407,6.0,150174
4115,Мерседес-Бенц,202306,7608582.8300004965,29.0,220782
4116,Киа,202404,2054683.7108057763,26.0,178973
4117,Мерседес-Бенц,202407,8156590.70027492,57.0,206307
4118,Lada,202312,789409.571972479,1.0,161753
4119,Lada,202311,489194.29226342513,11.0,137944
4120,Мерседес-Бенц,202303,4014448.5974238743,3.0,159200
4121,Киа,202306,2160081.5631380477,21.0,189466
4122,Lada,202311,1061505.5974486358,68.0,122890
4123,Lada,202401,1213109.3638254965,71.0,136815
4124,Киа,202311,2720304.014220588,25.0,145873
4125,Жигули,202306,508313.1273744775,68.0,120517
4126,Жигули,202402,240353.54465879433,35.0,122097
4127,Мерседес-Бенц,202410,7476889.067761457,129.0,232470
4128,Киа,202404,2662727.3847726225,-100.0,159681
4129,Лада Самара,202412,571974.0279287568,41.0,136293
4130,Мерседес-Бенц,202411,4962633.37491245,7.0,194523
4131,Киа,202312,2363838.874165818,3.0,145182
4132,Лада Самара,202312,366825.35516635905,6.0,148360
4133,Lada,202411,836116.9935460559,14.0,138874
4134,Жигули,202307,167916.9374763117,40.0,113351
4135,Жигули,202409,331995.8554383095,18.0,128843
4136,Lada,202304,796623.2911557752,0.0,150597
4137,Жигули,202307,487123.73540972633,-100.0,110845
4138,Lada,202307,804128.7293765674,66.0,114582
4139,Лада Самара,202407,363409.63323083316,-100.0,131796
4140,Киа,202408,2487035.299367783,1.0,154345
4141,Lada,202410,895861.4322931941,30.0,159761
4142,Киа,202403,2449592.070427282,13.0,139664
4143,Lada,202304,910726.8687365749,14.0,132552
4144,Мерседес-Бенц,202301,6017780.143468259,2.0,191719
4145,Мерседес-Бенц,202401,6475895.258262213,32.0,223344
4146,Киа,202404,2628544.4040433667,9.0,134837
4147,Мерседес-Бенц,202402,6418836.828182317,36.0,239832
4148,Лада Самара,202306,556213.9332824958,6.0,140920
4149,Лада Самара,202306,436473.58769762464,2.0,115379
4150,Lada,202305,907520.1650171186,24.0,132490
4151,Жигули,202501,405209.4918948789,26.0,124369
4152,Мерседес-Бенц,202303,5120901.843514157,30.0,192769
4153,Lada,202401,932893.4049431302,15.0,126101
4154,Lada,202405,1179498.5183404498,41.0,128406
4155,Жигули,202301,571435.7296506107,15.0,113771
4156,Lada,202312,743871.9941371562,4.0,107236
4157,Киа,202307,2575842.870655359,20.0,166193
4158,Lada,202308,1052326.2129506927,77.0,156902
4159,Киа,202406,2200661.2591967317,2.0,123319
4160,Lada,202312,1031719.3817224406,1.0,132018
4161,Киа,202301,2574021.1707259067,6.0,144563
4162,Мерседес-Бенц,202411,7587306.058843761,16.0,199469
4163,Lada,202305,650301.9310482095,8.0,122409
4164,Лада Самара,202310,383697.3035983431,15.0,129287
4165,Lada,202311,944005.5566830558,4.0,166571
4166,Lada,202309,1127358.9137767148,1.0,140624
4167,Lada,202402,730540.252615381,0.0,125431
4168,Мерседес-Бенц,202412,5655789.593569342,50.0,181266
4169,Киа,202402,1541545.4465707503,28.0,144410
4170,Киа,202306,2250998.7957443586,1.0,144742
4171,Киа,202501,2317055.3373976224,9.0,137832
4172,Mercedes,202410,3833250.3920524525,29.0,233229
4173,Mercedes,202501,5536666.490717889,30.0,226084
4174,Lada,202310,527497.7253945977,9.0,145093
4175,Lada,202410,841840.0209593491,33.0,126315
4176,Киа,202311,1552710.5137819343,13.0,157697
4177,Lada,202308,858588.5113392007,27.0,144424
4178,Лада Самара,202309,883153.6259839378,-100.0,139441
4179,Мерседес-Бенц,202411,5711664.781312,2.0,195097
4180,Жигули,202302,332267.3389838991,28.0,130584
4181,Киа,202306,1583231.5193350306,49.0,143674
4182,Lada,202307,737024.4543804774,128.0,114611
4183,Киа,202407,2687495.2352512474,9.0,144637
4184,Киа,202308,2343967.975576883,24.0,152415
4185,Lada,202404,1319071.6306495396,5.0,123327
4186,Лада Самара,202406,512444.26075031084,12.0,133012
4187,Киа,202403,1312545.3241947822,25.0,125825
4188,Lada,202411,1083003.029918988,88.0,147047
4189,Жигули,202404,329156.51533329627,0.0,120452
4190,Киа,202405,2376521.843761953,29.0,151920
4191,Лада Самара,202407,523412.2638786743,21.0,153553
4192,Мерседес-Бенц,202309,4912954.436592712,1.0,180124
4193,Lada,202406,1021899.5851036739,195.0,150539
4194,Лада Самара,202305,478495.5704342116,71.0,142349
4195,Мерседес-Бенц,202310,6986753.610975127,9.0,196179
4196,Лада Самара,202302,732723.3593986965,38.0,134422
4197,Киа,202501,1801726.4957878357,165.0,153221
4198,Жигули,202310,565932.4229149246,111.0,127947
4199,Лада Самара,202306,439558.4564917857,40.0,137743
4200,Киа,202412,1522902.5794420461,16.0,131284
4201,Жигули,202305,541896.7431166044,10.0,131662
4202,Лада Самара,202407,563020.995193797,23.0,148358
4203,Жигули,202306,532057.2338070914,14.0,123459
4204,Лада Самара,202409,539167.476226695,3.0,145230
4205,Мерседес-Бенц,202404,4585524.055574878,-100.0,189545
4206,Мерседес-Бенц,202302,9192477.8407839,2.0,236791
4207,Lada,202402,1563474.9467559985,-100.0,126405
4208,Киа,202408,2702773.209670309,9.0,166181
4209,Мерседес-Бенц,202309,4821427.526353063,,201277
4210,Киа,202408,2942736.2375689046,11.0,156786
4211,Мерседес-Бенц,202307,3672575.111963209,6.0,229670
4212,Мерседес-Бенц,202303,5541009.188348395,27.0,220626
4213,Киа,202311,1641987.8182279242,33.0,140851
4214,Жигули,202301,521857.3936767312,45.0,130265
4215,Киа,202306,2229821.998048633,19.0,187284
4216,Lada,202406,882352.9953862086,28.0,164659
4217,Лада Самара,202308,465762.75028012856,21.0,149631
4218,Жигули,202412,231365.40862843848,23.0,127399
4219,Мерседес-Бенц,202304,7620336.549085236,3.0,186616
4220,Киа,202405,2149015.6359135387,3.0,154100
4221,Мерседес-Бенц,202501,3281741.1860624417,3.0,198591
4222,Lada,202410,770231.4008785193,38.0,129486
4223,Киа,202412,3152615.2423317237,8.0,147642
4224,Мерседес-Бенц,202306,6884328.834756107,34.0,193286
4225,Лада Самара,202409,530054.2108198996,4.0,167157
4226,Lada,202402,1075659.405006646,18.0,130909
4227,Lada,202409,978415.935180819,6.0,145185
4228,Мерседес-Бенц,202307,6011566.440376879,22.0,207136
4229,Киа,202411,2560793.624539235,37.0,134567
4230,Lada,202407,877385.7750785733,14.0,134194
4231,Киа,202406,2742106.423132764,0.0,142721
4232,Жигули,202301,380962.75174389087,2.0,137380
4233,Жигули,202307,326199.5586279474,8.0,119107
4234,Lada,202402,898116.568080098,8.0,121334
4235,Жигули,202303,295364.83734076744,4.0,106260
4236,Lada,202410,1117538.9299395685,11.0,150017
4237,Киа,202501,2273462.334557914,13.0,141524
4238,Киа,202402,2575397.912354866,29.0,153942
4239,Киа,202305,2983208.6000429294,38.0,129081
4240,Жигули,202401,350133.84551224404,80.0,146292
4241,Lada,202312,924490.7212361282,8.0,122174
4242,Lada,202306,1605031.9003728167,49.0,151291
4243,Lada,202311,1376692.1288223194,14.0,151672
4244,Лада Самара,202404,268757.77570213884,9.0,164516
4245,Киа,202302,2148707.354332025,27.0,137317
4246,Жигули,202311,406165.63052666216,15.0,122465
4247,Киа,202302,2524675.003321427,93.0,207213
4248,Киа,202501,2117468.429898216,1.0,136743
4249,Лада Самара,202405,200178.51984062945,13.0,132253
4250,Киа,202308,2594581.0092185107,2.0,158793
4251,Мерседес-Бенц,202304,7613214.838016955,5.0,223790
4252,Лада Самара,202406,494136.6440258081,20.0,163947
4253,Жигули,202409,334407.9717460012,62.0,117006
4254,Мерседес-Бенц,202409,5958502.160894612,9.0,194546
4255,Мерседес-Бенц,202401,5490655.111416494,72.0,212737
4256,Киа,202403,2763563.515767201,31.0,181022
4257,Мерседес-Бенц,202402,5207624.409858566,39.0,195885
4258,Лада Самара,202411,299299.75140077993,42.0,131493
4259,Киа,202409,1957198.8952991003,47.0,144748
4260,Жигули,202410,265522.00025973044,26.0,119513
4261,Киа,202501,2112419.0876979176,29.0,144770
4262,Киа,202305,1503864.7840917434,44.0,158451
4263,Лада Самара,202408,483283.7736335289,55.0,133317
4264,Жигули,202407,331588.3235015348,39.0,136124
4265,Мерседес-Бенц,202305,6253437.407242547,7.0,204206
4266,Жигули,202307,247487.71092131775,3.0,98725
4267,Lada,202411,1318734.252181425,19.0,159590
4268,Мерседес-Бенц,202501,5468394.662730664,34.0,225523
4269,Лада Самара,202404,420485.4108979386,17.0,151715
4270,Мерседес-Бенц,202307,5689886.768965674,0.0,187347
4271,Lada,202409,739907.0135901253,30.0,167578
4272,Мерседес-Бенц,202401,7028091.139422858,118.0,227358
4273,Киа,202410,2231700.0971954763,46.0,165087
4274,Lada,202404,972452.8142630982,38.0,110398
4275,Мерседес-Бенц,202404,4613008.391796951,25.0,203158
4276,Мерседес-Бенц,202404,4933917.155681736,52.0,222338
4277,Жигули,202404,406683.7819773034,7.0,124173
4278,Киа,202312,1454444.0381501396,7.0,140848
4279,Киа,202307,1379217.1782038384,32.0,115250
4280,Жигули,202310,434075.56797005894,16.0,124096
4281,Мерседес-Бенц,202403,4073293.097153224,91.0,216066
4282,Lada,202306,1119429.173118366,8.0,155872
4283,Мерседес-Бенц,202409,4188243.4491823553,74.0,222714
4284,Lada,202408,667071.360259616,8.0,136638
4285,Жигули,202302,320319.389406237,8.0,121852
4286,Лада Самара,202301,277047.8553541054,12.0,135829
4287,Жигули,202303,585211.8122953199,12.0,116334
4288,Киа,202406,2650229.0368983494,11.0,144472
4289,Жигули,202308,368773.0404284839,2.0,120439
4290,Лада Самара,202401,356990.69404004153,26.0,153458
4291,Мерседес-Бенц,202409,6950580.686452505,60.0,226852
4292,Lada,202402,749622.1762851953,5.0,140269
4293,Жигули,202310,246035.40639458306,5.0,103125
4294,Киа,202303,1813136.05048192,5.0,163595
4295,Lada,202309,623197.819052289,4.0,137890
4296,Lada,202311,677424.8486397289,1.0,166630
4297,Мерседес-Бенц,202307,5465583.795749089,26.0,209050
4298,Мерседес-Бенц,202301,5692032.1266423995,24.0,222824
4299,Киа,202312,2752125.0436500483,128.0,162894
4300,Мерседес-Бенц,202305,7499627.562139442,33.0,207992
4301,Киа,202409,2214992.007521017,8.0,150280
4302,Lada,202309,965382.1942000485,18.0,129885
4303,Киа,202411,1958534.4284993652,34.0,162315
4304,Лада Самара,202312,162564.61154264762,0.0,110088
4305,Лада Самара,202304,428747.4507655406,4.0,175414
4306,Киа,202301,2349978.3359001456,4.0,147249
4307,Жигули,202306,388377.9865811352,5.0,114165
4308,Lada,202408,1390776.9144037499,35.0,135349
4309,Мерседес-Бенц,202302,6186031.239223145,17.0,228097
4310,Lada,202501,601336.5705185209,10.0,144733
4311,Мерседес-Бенц,202402,7951627.4896324165,13.0,206502
4312,Киа,202301,2702008.2991837575,6.0,144079
4313,Мерседес-Бенц,202402,6445264.512133211,6.0,184187
4314,Киа,202402,2126576.7057205928,9.0,150030
4315,Киа,202309,2472547.8188391193,16.0,157786
4316,Киа,202408,2023896.7028106847,0.0,114295
4317,Лада Самара,202409,246512.52158125342,7.0,146465
4318,Киа,202310,1544502.2372907011,13.0,159122
4319,Киа,202410,2069188.6444111469,13.0,146801
4320,Киа,202309,1502151.0178459259,13.0,151385
4321,Лада Самара,202402,482901.85671911645,18.0,124394
4322,Lada,202404,586708.2700063075,37.0,138610
4323,Мерседес-Бенц,202311,4673335.6106847,10.0,167329
4324,Киа,202409,1649486.1585457595,26.0,168319
4325,Киа,202311,2398584.174160806,43.0,150603
4326,Жигули,202404,493544.5526603565,61.0,102991
4327,Жигули,202307,274571.72049277613,3.0,132410
4328,Лада Самара,202301,579979.9796631471,25.0,130336
4329,Lada,202312,1205560.7839522818,4.0,126967
4330,Лада Самара,202301,463434.2117852814,35.0,130935
4331,Мерседес-Бенц,202310,5126339.172078354,16.0,195879
4332,Киа,202402,1953232.1172749898,13.0,160681
4333,Жигули,202304,288150.9257444239,25.0,120799
4334,Киа,202409,1653478.4267224192,0.0,135682
4335,Lada,202403,715851.9353944096,13.0,131272
4336,Lada,202401,1019108.5759260664,7.0,152559
4337,Жигули,202304,333958.112750175,24.0,114685
4338,Киа,202301,2406288.067653941,54.0,152710
4339,Лада Самара,202301,320157.30246360716,1.0,117068
4340,Киа,202411,1266953.7659750883,47.0,173093
4341,Лада Самара,202410,382324.4418330023,7.0,125049
4342,Жигули,202302,223668.84660931348,16.0,141568
4343,Лада Самара,202303,312251.2733983204,2.0,166802
4344,Киа,202501,3088397.6641100137,50.0,165494
4345,Мерседес-Бенц,202407,5792976.195995762,6.0,190996
4346,Лада Самара,202301,409653.61599250947,12.0,122212
4347,Жигули,202305,471876.06223555567,97.0,140411
4348,Жигули,202412,332022.5434759429,3.0,122524
4349,Киа,202310,1991197.0705849424,9.0,150337
4350,Киа,202407,1853069.368537644,11.0,158857
4351,Жигули,202304,410220.70013052825,19.0,111476
4352,Lada,202310,814758.8781320001,54.0,134816
4353,Киа,202307,2035501.8331034146,10.0,136982
4354,Лада Самара,202308,341622.53064890555,39.0,141213
4355,Киа,202306,2569106.7738777716,3.0,158725
4356,Мерседес-Бенц,202305,6282797.118131472,34.0,233579
4357,Lada,202307,788676.9395615604,19.0,127884
4358,Мерседес-Бенц,202405,4271760.960855754,23.0,229553
4359,Мерседес-Бенц,202411,7493717.030428405,27.0,175549
4360,Киа,202307,2760781.5075250305,32.0,137520
4361,Мерседес-Бенц,202303,6306787.032542515,14.0,220415
4362,Лада Самара,202303,411763.96672300587,31.0,143755
4363,Жигули,202406,256115.60959324884,37.0,127915
4364,Киа,202305,1697363.869555592,50.0,130786
4365,Жигули,202311,373342.07791015774,42.0,137233
4366,Лада Самара,202308,368494.8441973418,35.0,140487
4367,Киа,202307,1410162.469141171,52.0,156020
4368,Киа,202309,2617122.908600895,21.0,164228
4369,Lada,202410,963745.2199823288,14.0,130234
4370,Жигули,202304,356052.6480149164,22.0,138401
4371,Lada,202405,863761.576731734,57.0,141839
4372,Лада Самара,202305,370027.42074438045,6.0,138489
4373,Жигули,202410,326620.3194675262,5.0,129892
4374,Жигули,202402,476447.0588510718,16.0,103456
4375,Лада Самара,202309,269989.925434718,54.0,130411
4376,Lada,202306,1289065.7119463738,19.0,131919
4377,Жигули,202302,184594.6577776393,27.0,114065
4378,Lada,202305,832818.9345236564,6.0,137999
4379,Киа,202311,2076052.7710004356,22.0,146618
4380,Lada,202301,863243.8330795058,13.0,147730
4381,Киа,202412,2256829.3280465016,120.0,159033
4382,Мерседес-Бенц,202305,4906976.373458983,0.0,179907
4383,Мерседес-Бенц,202402,6758210.87230582,2.0,205710
4384,Киа,202407,2545030.6869558576,11.0,136390
4385,Lada,202309,1185496.9619639476,42.0,122250
4386,Киа,202310,2379566.827637607,70.0,150108
4387,Киа,202310,1881722.1414183402,70.0,162390
4388,Мерседес-Бенц,202404,4200113.482739975,5.0,215197
4389,Мерседес-Бенц,202406,5119819.3845787775,2.0,213258
4390,Киа,202306,2088378.7739634146,11.0,142689
4391,Киа,202408,2207820.749250597,2.0,138749
4392,Жигули,202306,341130.30260252213,18.0,95526
4393,Киа,202309,2037993.1014694604,13.0,130786
4394,Киа,202402,2459775.6452320036,12.0,179149
4395,Жигули,202310,446827.5473195678,6.0,121383
4396,Lada,202308,1316438.4549608093,25.0,131015
4397,Лада Самара,202304,413880.5485684706,64.0,148951
4398,Мерседес-Бенц,202306,5471810.143638628,5.0,212772
4399,Жигули,202412,411435.3442364973,25.0,126623
4400,Лада Самара,202305,462293.7234686297,53.0,131211
4401,Жигули,202301,334822.83598112344,22.0,121095
4402,Мерседес-Бенц,202405,6354665.535377361,11.0,219305
4403,Жигули,202405,601402.7759103979,31.0,136597
4404,Лада Самара,202401,382462.1395496537,1.0,127712
4405,Лада Самара,202301,290357.65595139813,39.0,144583
4406,Лада Самара,202302,395224.4221627977,10.0,113265
4407,Lada,202301,591728.8951960467,0.0,116933
4408,Жигули,202409,299006.46537660377,15.0,117310
4409,Киа,202403,2153200.4166761315,3.0,132635
4410,Киа,202301,1667117.393157553,7.0,142372
4411,Мерседес-Бенц,202308,7953145.336446543,11.0,268036
4412,Lada,202406,757290.3093409699,12.0,162462
4413,Lada,202301,1122356.9697698718,41.0,121103
4414,Жигули,202412,257091.07644855135,0.0,110564
4415,Lada,202404,618868.6925108485,18.0,130756
4416,Жигули,202312,349025.5944304664,19.0,114221
4417,Lada,202305,672019.6180029584,23.0,118770
4418,Мерседес-Бенц,202403,4366589.80531087,21.0,203579
4419,Lada,202309,906985.957947755,21.0,125481
4420,Мерседес-Бенц,202304,4132743.028650785,4.0,176865
4421,Мерседес-Бенц,202408,7335795.002886084,5.0,190145
4422,Киа,202312,2357345.0298403865,21.0,170460
4423,Lada,202405,959680.4335089978,15.0,128745
4424,Жигули,202307,469615.9799794042,-100.0,115904
4425,Киа,202408,2391668.1563751656,38.0,153089
4426,Мерседес-Бенц,202408,5156051.859907728,45.0,231819
4427,Киа,202305,2553499.7348972703,37.0,132663
4428,Lada,202309,794330.9652077158,0.0,134505
4429,Лада Самара,202310,419336.97567398474,1.0,131660
4430,Жигули,202311,371617.86433044623,22.0,133286
4431,Жигули,202401,254401.0966218728,0.0,120422
4432,Киа,202411,2727385.9916648897,12.0,182521
4433,Жигули,202403,467830.27794323757,121.0,117416
4434,Киа,202402,1804544.4883013663,4.0,135516
4435,Жигули,202305,290305.17571341933,18.0,113740
4436,Киа,202408,2137020.3551602764,5.0,152875
4437,Киа,202403,2782378.9199368097,22.0,170726
4438,Киа,202410,1548345.2168220258,3.0,169710
4439,Лада Самара,202305,325905.69486332533,149.0,129307
4440,Мерседес-Бенц,202501,8614279.804592589,2.0,239602
4441,Жигули,202312,197484.17859156063,137.0,126573
4442,Лада Самара,202305,364741.57738802384,44.0,135049
4443,Жигули,202401,439163.1536743644,10.0,120310
4444,Киа,202405,2902611.157735336,24.0,174268
4445,Lada,202307,1134288.7531978483,6.0,122480
4446,Киа,202312,1677619.504488402,26.0,157339
4447,Киа,202412,2296029.401464952,43.0,155555
4448,Жигули,202309,437770.7802478358,8.0,105682
4449,Жигули,202309,404655.55419924244,28.0,94346
4450,Лада Самара,202412,891325.0708307611,11.0,136345
4451,Lada,202304,680997.032078747,9.0,118638
4452,Жигули,202408,425113.2992438242,2.0,114934
4453,Киа,202406,996466.7649624973,118.0,152316
4454,Лада Самара,202304,452538.4921606957,24.0,114246
4455,Лада Самара,202401,239244.49050414024,5.0,129282
4456,Киа,202404,2782364.714343872,16.0,143506
4457,Жигули,202501,472745.83608973725,16.0,115300
4458,Лада Самара,202410,383015.64967158815,9.0,126986
4459,Мерседес-Бенц,202305,5914395.79676794,17.0,198252
4460,Лада Самара,202304,586801.0691769758,21.0,121744
4461,Лада Самара,202406,437704.1035027979,17.0,199257
4462,Киа,202411,2142700.825920421,21.0,127804
4463,Мерседес-Бенц,202306,3121470.9532411443,35.0,215244
4464,Мерседес-Бенц,202307,4973399.388564463,27.0,200427
4465,Мерседес-Бенц,202305,3589236.0061910828,48.0,191721
4466,Lada,202301,567633.0124774295,40.0,144554
4467,Lada,202407,928520.4609938727,32.0,152017
4468,Мерседес-Бенц,202306,6128112.831577702,54.0,212288
4469,Мерседес-Бенц,202312,5476127.366416363,6.0,206177
4470,Жигули,202411,406207.43460349954,38.0,125578
4471,Киа,202412,2114799.2417088095,3.0,144217
4472,Жигули,202310,341946.15699532273,18.0,130615
4473,Киа,202407,2386216.5020204135,35.0,135554
4474,Киа,202311,3380402.650497589,17.0,133865
4475,Киа,202409,1633124.6175854302,50.0,170420
4476,Lada,202305,1255017.696017578,94.0,116049
4477,Lada,202307,592316.2601591571,25.0,132114
4478,Жигули,202305,355991.92166940763,8.0,105912
4479,Киа,202301,1518515.7638165317,14.0,147509
4480,Киа,202406,2579925.66140698,100.0,145574
4481,Киа,202308,1186720.1224170097,1.0,158314
4482,Мерседес-Бенц,202308,3766311.571117134,29.0,245770
4483,Лада Самара,202406,466729.8613698543,,122261
4484,Мерседес-Бенц,202312,6687706.308634924,18.0,189801
4485,Мерседес-Бенц,202405,6132169.99089154,10.0,194766
4486,Киа,202308,2447700.0907007605,6.0,146332
4487,Lada,202401,488041.37279289344,22.0,147571
4488,Лада Самара,202303,413105.96339264984,8.0,120423
4489,Мерседес-Бенц,202412,2106233.8116633957,12.0,197790
4490,Lada,202411,851851.1383456009,47.0,133860
4491,Киа,202312,2182424.1713428935,43.0,146080
4492,Лада Самара,202301,512475.3254010627,9.0,141995
4493,Lada,202405,949691.2309839005,12.0,131897
4494,Жигули,202305,575783.9174756594,2.0,100578
4495,Лада Самара,202404,463495.9766311752,29.0,118433
4496,Лада Самара,202408,489933.32780333445,43.0,134604
4497,Lada,202408,649890.4516570313,4.0,159044
4498,Мерседес-Бенц,202312,6494156.30966209,25.0,218488
4499,Лада Самара,202311,370361.109038883,35.0,149329
4500,Mercedes,202401,5022696.175688578,1.0,217457
4501,Мерседес-Бенц,202406,7012105.9225373445,11.0,205749
4502,Киа,202412,1382212.8789638255,34.0,155562
4503,Мерседес-Бенц,202404,5928414.124131479,42.0,209590
4504,Мерседес-Бенц,202305,5384901.515239646,2.0,203693
4505,Жигули,202303,463752.2555894174,10.0,135050
4506,Лада Самара,202304,511372.2738948342,21.0,136391
4507,Лада Самара,202306,393079.5524296151,,131125
4508,Лада Самара,202407,315295.96896174084,6.0,155628
4509,Жигули,202501,472733.6558910345,45.0,129698
4510,Киа,202309,2091045.3000078741,17.0,126526
4511,Киа,202407,2926316.0950670606,38.0,141004
4512,Лада Самара,202402,455982.41634828894,3.0,115296
4513,Lada,202306,846737.0775563264,31.0,144004
4514,Мерседес-Бенц,202406,5207952.704393573,63.0,238273
4515,Лада Самара,202308,459814.7008860787,16.0,145717
4516,Жигули,202406,246307.186481708,11.0,118836
4517,Мерседес-Бенц,202412,4839647.672940115,11.0,243873
4518,Киа,202406,2790394.887799192,37.0,157611
4519,Киа,202407,1493807.2040978817,-100.0,165573
4520,Жигули,202304,459490.0815775001,2.0,122991
4521,Киа,202405,3074435.9896357367,-100.0,136590
4522,Лада Самара,202310,360105.43291315227,53.0,130840
4523,Lada,202304,1278554.3251945304,14.0,142765
4524,Lada,202408,1470037.6129930094,26.0,141833
4525,Жигули,202408,318971.5032116075,7.0,118218
4526,Лада Самара,202302,417438.24819042266,16.0,129047
4527,Lada,202304,723717.4102561824,5.0,141279
4528,Жигули,202308,390920.42334557144,47.0,135970
4529,Киа,202411,2333121.435246625,44.0,157175
4530,Мерседес-Бенц,202407,4964452.4707113365,8.0,239230
4531,Жигули,202404,297069.8828610061,18.0,136864
4532,Мерседес-Бенц,202310,6612047.129650247,0.0,184377
4533,Жигули,202407,339730.7370353979,3.0,128301
4534,Лада Самара,202304,378826.32824873034,5.0,175844
4535,Мерседес-Бенц,202410,6589916.621345624,-100.0,187429
4536,Киа,202302,1901803.0869201254,3.0,156663
4537,Мерседес-Бенц,202410,4740561.751994216,76.0,176596
4538,Лада Самара,202311,348133.9747335488,5.0,142357
4539,Жигули,202403,521941.9415121341,-100.0,125081
4540,Мерседес-Бенц,202501,6247659.806588809,27.0,206266
4541,Киа,202412,2161561.97484874,60.0,148993
4542,Киа,202501,2038232.1236930673,50.0,152969
4543,Lada,202308,825805.175142755,7.0,118935
4544,Mercedes,202301,3518828.795504791,17.0,219378
4545,Киа,202411,1483712.8471820005,8.0,147681
4546,Лада Самара,202304,608236.16752348,14.0,146072
4547,Lada,202402,577238.6653417832,0.0,100449
4548,Киа,202310,1808623.9070240734,5.0,151218
4549,Киа,202408,1935044.1633193446,62.0,140775
4550,Киа,202308,1820418.4326123854,1.0,145496
4551,Мерседес-Бенц,202409,4397604.606177068,42.0,254260
4552,Мерседес-Бенц,202403,7146529.977068812,19.0,196605
4553,Lada,202402,574968.5257697154,22.0,118390
4554,Киа,202403,3621516.538659275,3.0,126376
4555,Киа,202303,1473605.0266629625,7.0,150938
4556,Лада Самара,202402,574022.043625584,25.0,153542
4557,Лада Самара,202405,630881.4027019612,45.0,115774
4558,Киа,202409,1238982.7207471107,1.0,154983
4559,Лада Самара,202311,434810.5494350592,59.0,127623
4560,Жигули,202501,412925.99379899685,23.0,121924
4561,Киа,202408,2287825.048937847,65.0,175634
4562,Жигули,202408,419777.094917037,135.0,120606
4563,Киа,202308,1726445.3365225524,44.0,160012
4564,Lada,202311,1088585.2869178178,91.0,130088
4565,Мерседес-Бенц,202501,4596191.225399069,19.0,200240
4566,Киа,202311,1851355.1084393782,64.0,152039
4567,Мерседес-Бенц,202301,4372296.706935538,39.0,202558
4568,Lada,202408,1056362.3552221092,1.0,105827
4569,Жигули,202401,439385.118864969,6.0,121488
4570,Lada,202408,664517.3198994482,13.0,143029
4571,Киа,202410,1943498.6981594968,11.0,152375
4572,Лада Самара,202412,607363.78586477,5.0,145100
4573,Жигули,202405,226385.7086761669,23.0,125251
4574,Lada,202404,1425650.056723539,25.0,119148
4575,Жигули,202301,293875.3927135456,,117187
4576,Киа,202302,1939746.725913726,24.0,137643
4577,Лада Самара,202404,426462.96021343133,24.0,104144
4578,Киа,202408,1472498.607889212,4.0,163716
4579,Жигули,202409,440889.66483177064,22.0,163022
4580,Киа,202408,1741114.9046915795,14.0,140747
4581,Киа,202301,1767182.9161852049,16.0,153857
4582,Lada,202412,1577147.5015484253,2.0,120691
4583,Киа,202408,2016366.9767438176,7.0,152746
4584,Киа,202501,2279915.325191338,41.0,172724
4585,Киа,202302,2096134.3228341222,76.0,161546
4586,Лада Самара,202408,543038.2014019556,20.0,149579
4587,Жигули,202405,517960.8515837573,26.0,142288
4588,Mercedes,202302,6195486.980050087,9.0,268916
4589,Киа,202312,3511023.7747497354,4.0,153788
4590,Лада Самара,202301,569525.49695383,30.0,124829
4591,Мерседес-Бенц,202307,7616238.621558187,0.0,181140
4592,Лада Самара,202409,346155.15068728186,28.0,133154
4593,Жигули,202411,717064.2959989721,22.0,119542
4594,Lada,202302,660979.7183433492,62.0,119210
4595,Lada,202412,1112380.3652573219,12.0,135112
4596,Жигули,202405,382000.8470682292,5.0,121279
4597,Мерседес-Бенц,202405,5205091.852069256,57.0,190743
4598,Мерседес-Бенц,202409,8641702.36723939,0.0,192305
4599,Мерседес-Бенц,202301,6027047.272411811,12.0,182684
4600,Киа,202301,2382748.139030125,-100.0,144965
4601,Мерседес-Бенц,202303,3569931.246382896,8.0,187130
4602,Киа,202406,2753334.5290978174,12.0,155945
4603,Лада Самара,202403,472575.52576528664,18.0,143303
4604,Лада Самара,202401,389007.3313552747,21.0,146142
4605,Киа,202408,2398314.408032912,2.0,175254
4606,Киа,202302,2506815.3951741033,66.0,161077
4607,Киа,202409,2234690.0760082155,26.0,151428
4608,Киа,202404,1845841.4009912312,25.0,166442
4609,Лада Самара,202407,517321.90528363554,15.0,115010
4610,Лада Самара,202401,461305.2362562592,8.0,127859
4611,Мерседес-Бенц,202312,3962038.4897704795,8.0,193827
4612,Жигули,202501,575591.419988432,11.0,112422
4613,Лада Самара,202312,565730.7446976117,7.0,130651
4614,Lada,202405,1174938.3420865634,6.0,165360
4615,Лада Самара,202303,445172.352829909,5.0,129557
4616,Lada,202302,1008006.3608216133,5.0,140594
4617,Lada,202409,836893.9328732198,10.0,123963
4618,Жигули,202310,401310.3923459172,41.0,114000
4619,Киа,202408,1935468.6775635483,24.0,138316
4620,Киа,202408,2034771.6589551058,15.0,140139
4621,Lada,202406,894040.254956949,13.0,157061
4622,Киа,202402,1838901.6527116897,31.0,146219
4623,Киа,202305,3693293.378916464,12.0,140294
4624,Лада Самара,202411,459849.0364079409,10.0,140151
4625,Киа,202312,2607443.64974892,25.0,153821
4626,Lada,202412,751452.7208933175,3.0,156665
4627,Киа,202405,2710510.819112103,7.0,155318
4628,Мерседес-Бенц,202304,5890884.389616041,21.0,238182
4629,Жигули,202408,295788.5964227244,15.0,107904
4630,Лада Самара,202402,483606.74318179407,10.0,132555
4631,Жигули,202304,538920.1028589963,3.0,128179
4632,Lada,202309,818959.8636527486,69.0,128578
4633,Киа,202303,2213590.93907849,3.0,149002
4634,Мерседес-Бенц,202406,5855314.122282885,-100.0,184752
4635,Киа,202401,2209439.822086139,45.0,152111
4636,Lada,202408,929308.0478873762,8.0,116093
4637,Жигули,202501,560164.6987537027,39.0,114141
4638,Жигули,202406,399719.2385296625,10.0,106473
4639,Lada,202301,627973.3343113087,21.0,132532
4640,Киа,202306,2202187.0278554275,46.0,161178
4641,Киа,202308,2470627.5077595627,9.0,130907
4642,Лада Самара,202304,383506.05212095234,11.0,140283
4643,Киа,202308,3158579.1084551797,13.0,142400
4644,Жигули,202407,320488.68027018383,94.0,99966
4645,Мерседес-Бенц,202409,4830476.593776412,3.0,216596
4646,Лада Самара,202301,500755.46090084926,3.0,136739
4647,Мерседес-Бенц,202305,4951687.385223279,28.0,199292
4648,Мерседес-Бенц,202311,7000776.301251619,29.0,226516
4649,Lada,202309,834253.4583157308,7.0,165158
4650,Мерседес-Бенц,202304,5432086.259248729,25.0,209267
4651,Лада Самара,202407,327366.9209539408,54.0,152981
4652,Lada,202411,874145.7130255417,6.0,113578
4653,Жигули,202407,313523.85737927107,17.0,126415
4654,Киа,202304,1721515.4764156723,8.0,156582
4655,Жигули,202301,525160.3602740482,13.0,127283
4656,Лада Самара,202411,486352.2735835892,18.0,117171
4657,Мерседес-Бенц,202302,5208528.308565099,2.0,188973
4658,Мерседес-Бенц,202304,4084937.194086599,38.0,213979
4659,Жигули,202305,210051.33853371418,3.0,117207
4660,Lada,202412,783579.8920438321,25.0,131402
4661,Lada,202301,1175597.870951546,111.0,148068
4662,Лада Самара,202402,406762.7655495995,13.0,125189
4663,Жигули,202301,316668.2104736868,0.0,109078
4664,Киа,202402,1517880.6510990448,40.0,161121
4665,Мерседес-Бенц,202406,5383780.202280898,27.0,232012
4666,Лада Самара,202408,354674.41977349087,60.0,140359
4667,Киа,202312,1486050.292868635,56.0,179307
4668,Киа,202406,1896342.7546932388,13.0,176216
4669,Лада Самара,202410,501601.74597251,20.0,161392
4670,Lada,202304,522956.7789299761,34.0,122922
4671,Киа,202403,2114115.372016455,13.0,149324
4672,Киа,202306,1116617.3944070665,19.0,152511
4673,Киа,202311,1688999.557429905,14.0,136099
4674,Мерседес-Бенц,202501,3950892.0441051563,0.0,188146
4675,Жигули,202311,475191.60974686703,0.0,106367
4676,Лада Самара,202401,611227.3835407578,20.0,109205
4677,Киа,202409,2232103.9379150285,30.0,136990
4678,Мерседес-Бенц,202405,4844685.581684984,9.0,204695
4679,Lada,202311,832652.8781980063,14.0,160310
4680,Мерседес-Бенц,202302,3308890.181615009,4.0,176311
4681,Киа,202307,2771561.6538093407,31.0,172754
4682,Жигули,202409,480254.006761235,1.0,117023
4683,Киа,202306,2555636.243500792,16.0,149374
4684,Lada,202407,892296.7058162786,29.0,125526
4685,Жигули,202302,540660.2186928211,7.0,115459
4686,Мерседес-Бенц,202306,5059179.967523523,1.0,192547
4687,Киа,202405,1256410.7776712277,41.0,163460
4688,Киа,202303,2020579.3482642188,4.0,145889
4689,Жигули,202308,268430.6378422892,2.0,140647
4690,Лада Самара,202306,585417.381360976,59.0,121944
4691,Киа,202311,1785291.8910421445,91.0,177850
4692,Мерседес-Бенц,202302,6489388.407937513,2.0,186352
4693,Мерседес-Бенц,202403,8954636.570692478,80.0,197957
4694,Лада Самара,202409,514185.66610775044,22.0,141023
4695,Киа,202311,1747209.6460577932,36.0,135417
4696,Жигули,202309,436896.44062572194,83.0,145086
4697,Lada,202411,879128.5665334684,60.0,135917
4698,Киа,202312,1612749.8149194748,6.0,150547
4699,Мерседес-Бенц,202301,4067277.7649324224,15.0,205720
4700,Киа,202401,2673244.709679487,7.0,164860
4701,Жигули,202403,487386.2480492324,16.0,112390
4702,Лада Самара,202312,411585.58727916074,16.0,119264
4703,Lada,202304,657716.3659253299,79.0,140093
4704,Мерседес-Бенц,202402,5220113.409780981,,199345
4705,Жигули,202404,285491.489882449,16.0,116460
4706,Жигули,202301,406003.6612353537,11.0,133122
4707,Киа,202307,2698847.6550355013,31.0,147333
4708,Киа,202303,2722729.752649438,67.0,133837
4709,Лада Самара,202412,533497.5118512047,30.0,183082
4710,Lada,202305,851699.1038417668,76.0,127861
4711,Лада Самара,202408,392155.3832656965,19.0,143173
4712,Киа,202404,2170785.721956855,4.0,146428
4713,Мерседес-Бенц,202412,5606834.436418842,10.0,159336
4714,Жигули,202410,426442.47680819,42.0,113817
4715,Киа,202408,2691737.033225498,0.0,138780
4716,Lada,202402,912274.030097301,18.0,105263
4717,Киа,202309,2342655.9923443752,15.0,135399
4718,Лада Самара,202303,426605.74974686065,0.0,118173
4719,Жигули,202307,312592.43679287424,72.0,119428
4720,Жигули,202305,426353.49754859996,15.0,138224
4721,Жигули,202402,180898.87148629848,20.0,118081
4722,Жигули,202303,308337.36459697573,36.0,115490
4723,Жигули,202303,351201.73966980044,34.0,134088
4724,Жигули,202308,506462.66738839634,27.0,112629
4725,Мерседес-Бенц,202304,9406635.664609173,36.0,250088
4726,Lada,202312,868515.7523620527,8.0,124655
4727,Жигули,202410,495970.74624736083,35.0,118261
4728,Лада Самара,202501,577506.7827437962,69.0,133870
4729,Лада Самара,202401,226568.11597730944,7.0,140581
4730,Лада Самара,202307,436459.1904405417,19.0,147119
4731,Мерседес-Бенц,202407,5579818.575545772,17.0,212756
4732,Жигули,202308,237537.5618770083,5.0,112917
4733,Мерседес-Бенц,202407,5287848.722082665,17.0,183109
4734,Lada,202302,1168733.449594434,18.0,140966
4735,Мерседес-Бенц,202311,6975104.869291837,124.0,222537
4736,Lada,202404,603494.4211806089,23.0,148192
4737,Жигули,202501,208199.17623787574,41.0,106965
4738,Жигули,202412,298243.64625198964,10.0,120929
4739,Киа,202412,2250553.096824956,15.0,133531
4740,Lada,202411,883589.2319724495,20.0,137918
4741,Киа,202408,1266331.8971125812,5.0,139775
4742,Лада Самара,202401,481686.73632204527,70.0,127667
4743,Киа,202303,1783153.7025618213,5.0,169266
4744,Lada,202404,777292.4524774116,47.0,153341
4745,Мерседес-Бенц,202405,7077332.84791144,50.0,213488
4746,Киа,202301,1575503.1395846247,25.0,142754
4747,Лада Самара,202402,636259.0559209307,22.0,145816
4748,Мерседес-Бенц,202303,7928942.185153552,55.0,229264
4749,Киа,202402,2478063.504093036,102.0,153995
4750,Лада Самара,202501,381580.2076155605,3.0,142324
4751,Жигули,202405,546069.7812192137,16.0,122213
4752,Лада Самара,202312,381694.6683055674,33.0,128469
4753,Жигули,202308,441843.7739369758,32.0,126495
4754,Киа,202306,1150815.3431938218,17.0,134437
4755,Лада Самара,202401,399365.5543483981,9.0,121237
4756,Мерседес-Бенц,202402,3721423.1058929437,3.0,170463
4757,Лада Самара,202307,257173.84390195122,0.0,145848
4758,Лада Самара,202404,305409.3097052044,29.0,128049
4759,Жигули,202303,376915.38643377536,2.0,134569
4760,Жигули,202305,658405.3100330611,43.0,101846
4761,Lada,202308,789102.8621224242,25.0,174556
4762,Жигули,202408,421147.29826166696,28.0,119876
4763,Жигули,202311,410694.1832045345,7.0,123907
4764,Киа,202307,1997621.287355746,5.0,131617
4765,Жигули,202410,180826.30102255908,8.0,117684
4766,Мерседес-Бенц,202309,6178501.381176247,21.0,193759
4767,Лада Самара,202311,335724.19714800763,5.0,120492
4768,Мерседес-Бенц,202307,5734599.773933862,95.0,203501
4769,Лада Самара,202406,540904.30699662,16.0,113839
4770,Жигули,202401,371805.9257455256,23.0,148285
4771,Лада Самара,202404,357893.8240789444,1.0,125496
4772,Лада Самара,202309,250799.31761513415,5.0,148312
4773,Киа,202410,2539675.054547164,28.0,203739
4774,Жигули,202412,406289.54932946333,16.0,113483
4775,Лада Самара,202407,429165.84725817596,5.0,137237
4776,Lada,202301,758130.1229434779,55.0,143853
4777,Lada,202501,1120921.395491317,1.0,115036
4778,Мерседес-Бенц,202310,7931304.281072804,15.0,224830
4779,Киа,202307,2482592.7560396646,21.0,173977
4780,Жигули,202406,503322.70025057404,21.0,117263
4781,Жигули,202305,386818.4694087058,35.0,128316
4782,Жигули,202311,352138.7668809785,7.0,121700
4783,Киа,202403,2373855.612551242,38.0,149732
4784,Lada,202406,852498.3140438528,4.0,147310
4785,Lada,202407,848839.5875673577,10.0,125724
4786,Лада Самара,202303,412801.0231049446,9.0,128574
4787,Киа,202301,3080003.3703019577,95.0,134275
4788,Лада Самара,202411,415769.6380619524,31.0,129267
4789,Мерседес-Бенц,202406,5772502.36117922,24.0,227951
4790,Лада Самара,202404,381796.8327452071,0.0,124233
4791,Жигули,202311,422397.95133803313,0.0,107017
4792,Жигули,202403,613982.7586705986,0.0,94706
4793,Лада Самара,202402,441541.338389428,8.0,114407
4794,Жигули,202409,318864.9054503353,35.0,106933
4795,Lada,202304,1217013.3749305322,5.0,134490
4796,Киа,202406,1902323.538973372,1.0,173447
4797,Мерседес-Бенц,202310,9433118.709193029,9.0,218604
4798,Киа,202408,2067257.6027786995,31.0,150303
4799,Киа,202410,2352283.4440760002,19.0,163873
4800,Мерседес-Бенц,202306,7072708.539210754,3.0,191326
4801,Жигули,202409,327433.43090432213,10.0,91059
4802,Мерседес-Бенц,202301,4233970.604570348,13.0,220271
4803,Жигули,202308,343993.4656543211,5.0,130920
4804,Жигули,202303,364055.5842627806,9.0,107458
4805,Жигули,202303,252748.97498160665,9.0,121456
4806,Лада Самара,202411,396092.32934839587,47.0,151321
4807,Лада Самара,202307,542654.297574857,18.0,117578
4808,Киа,202410,2370866.656019738,-100.0,172790
4809,Киа,202305,1738361.340349085,4.0,161521
4810,Мерседес-Бенц,202301,7580418.785590669,29.0,236210
4811,Lada,202310,604369.0049720824,3.0,161963
4812,Киа,202411,2052067.9224142851,35.0,140092
4813,Киа,202406,1755630.661219099,8.0,162404
4814,Жигули,202310,383063.4168225514,3.0,104832
4815,Лада Самара,202404,595109.4992015603,12.0,126528
4816,Lada,202402,1346842.832484509,2.0,160014
4817,Жигули,202409,385319.2267128736,13.0,130829
4818,Лада Самара,202412,605688.015767952,58.0,128650
4819,Лада Самара,202301,439731.40203946043,10.0,122247
4820,Лада Самара,202405,492035.8980323961,87.0,137002
4821,Mercedes,202401,7279771.076585417,11.0,210418
4822,Лада Самара,202310,507751.974007226,36.0,113915
4823,Жигули,202306,391979.07839996665,2.0,116562
4824,Lada,202312,580655.0798467464,3.0,115645
4825,Lada,202409,1208681.7670604256,122.0,131578
4826,Киа,202304,2256772.1690979684,7.0,178235
4827,Киа,202311,2980004.7123154746,42.0,146303
4828,Жигули,202401,400435.5284452924,31.0,106016
4829,Мерседес-Бенц,202409,4815178.128930395,15.0,219539
4830,Жигули,202310,227093.49109370922,18.0,122868
4831,Lada,202302,949045.7878203781,24.0,150741
4832,Киа,202305,1537696.6819958508,1.0,144577
4833,Лада Самара,202406,630134.6119935198,22.0,136106
4834,Киа,202306,1979907.4016990063,65.0,158104
4835,Жигули,202303,316976.9776434282,9.0,136422
4836,Жигули,202412,228296.493645682,88.0,110291
4837,Жигули,202403,536308.8177209599,5.0,133576
4838,Лада Самара,202302,415368.7478706064,39.0,138411
4839,Мерседес-Бенц,202411,4250400.006216467,7.0,219975
4840,Жигули,202301,475227.0117087409,27.0,108419
4841,Лада Самара,202410,340357.49585131457,37.0,125166
4842,Лада Самара,202402,521089.1323717811,1.0,109626
4843,Lada,202501,854617.6387736106,0.0,118374
4844,Lada,202312,709957.593001116,6.0,130988
4845,Мерседес-Бенц,202404,5732118.042763947,6.0,178558
4846,Мерседес-Бенц,202311,6575372.730445688,48.0,194767
4847,Лада Самара,202404,442607.4943675664,11.0,138025
4848,Киа,202411,2261725.4887530752,8.0,165648
4849,Жигули,202302,313772.1686513154,36.0,121386
4850,Киа,202310,1540844.1497226404,10.0,151580
4851,Лада Самара,202403,394547.1230337374,99.0,133928
4852,Киа,202302,1154019.3840927281,7.0,139120
4853,Лада Самара,202405,486900.52100393863,-100.0,129073
4854,Лада Самара,202409,440003.696561894,42.0,132121
4855,Lada,202403,887895.965156369,10.0,144320
4856,Мерседес-Бенц,202305,5971925.8591337055,22.0,227081
4857,Лада Самара,202308,263659.64465470496,18.0,134304
4858,Lada,202406,1830247.1712728678,5.0,125365
4859,Лада Самара,202412,402048.37289157277,5.0,106746
4860,Киа,202408,2101687.4293173,0.0,128190
4861,Lada,202404,973287.5656931379,30.0,140793
4862,Киа,202410,1121097.5822200095,23.0,145079
4863,Жигули,202301,258942.5052350666,30.0,118971
4864,Мерседес-Бенц,202304,10212978.158837888,24.0,177760
4865,Мерседес-Бенц,202308,7052498.944544286,59.0,202118
4866,Лада Самара,202311,377670.4194071123,10.0,143881
4867,Киа,202411,1187399.6730823182,14.0,125318
4868,Lada,202501,934871.8688870872,35.0,94156
4869,Мерседес-Бенц,202308,6994483.5586016225,37.0,183001
4870,Жигули,202305,290030.53351434943,16.0,123843
4871,Киа,202402,2761269.070695318,11.0,137056
4872,Мерседес-Бенц,202305,8758373.169165311,1.0,214381
4873,Киа,202401,1335011.93981189,4.0,162228
4874,Мерседес-Бенц,202411,7161571.088980728,7.0,176886
4875,Жигули,202409,455117.7887171553,34.0,133692
4876,Лада Самара,202403,510905.0255173792,2.0,143300
4877,Lada,202408,1205802.2606326747,15.0,138037
4878,Lada,202311,770907.4670116124,0.0,123299
4879,Лада Самара,202501,263470.6176019852,14.0,148587
4880,Жигули,202302,265287.1538400775,65.0,144892
4881,Лада Самара,202310,384513.5431089412,73.0,135498
4882,Lada,202302,695506.3273680218,4.0,136011
4883,Киа,202312,1559623.5581111233,4.0,158756
4884,Lada,202412,1063688.0430476102,13.0,162008
4885,Жигули,202403,347663.6187949339,29.0,139221
4886,Киа,202310,2938353.476117246,13.0,143805
4887,Жигули,202402,342222.86527697265,7.0,136314
4888,Lada,202403,875860.1833173778,61.0,111621
4889,Lada,202501,1055680.7501781413,57.0,145195
4890,Мерседес-Бенц,202312,7538931.9445970245,13.0,273831
4891,Киа,202402,2235570.7008943143,22.0,133858
4892,Жигули,202304,337680.80795955076,0.0,111761
4893,Лада Самара,202409,313766.26889672934,-100.0,126530
4894,Lada,202302,664717.8982874117,40.0,131997
4895,Жигули,202404,457968.04589180736,12.0,133461
4896,Киа,202403,3646653.013237007,27.0,166707
4897,Жигули,202307,292344.2211418998,158.0,132826
4898,Lada,202310,589235.7532684924,20.0,138436
4899,Жигули,202303,298178.3908136313,14.0,130828
4900,Жигули,202410,185547.5683931742,45.0,115438
4901,Жигули,202403,339253.1776427353,3.0,126004
4902,Мерседес-Бенц,202403,4166186.805442692,4.0,212215
4903,Киа,202311,2808581.3171801334,28.0,142230
4904,Лада Самара,202312,319937.79547234887,15.0,133442
4905,Лада Самара,202308,400293.38541001163,-100.0,134720
4906,Мерседес-Бенц,202408,6784396.854193785,27.0,204891
4907,Киа,202304,1918911.6511874238,6.0,141596
4908,Лада Самара,202309,456868.04564871587,22.0,125149
4909,Lada,202407,766590.0691840609,40.0,123964
4910,Лада Самара,202403,487932.6525051729,40.0,132817
4911,Lada,202312,1019558.351856863,10.0,136967
4912,Мерседес-Бенц,202407,4028028.5228399117,95.0,244138
4913,Lada,202412,985460.7004170009,27.0,115231
4914,Жигули,202403,283846.45037392905,54.0,133469
4915,Жигули,202309,359163.44668797014,1.0,142090
4916,Жигули,202304,216373.04658863362,9.0,98318
4917,Киа,202307,2108636.6292933715,5.0,178732
4918,Жигули,202406,334115.82227566664,0.0,133690
4919,Жигули,202307,347099.9583907723,3.0,120076
4920,Жигули,202411,268614.4630847246,29.0,119462
4921,Лада Самара,202308,492203.9041550209,52.0,127985
4922,Лада Самара,202307,541927.3525531063,2.0,126434
4923,Лада Самара,202403,446173.41881959507,0.0,122885
4924,Лада Самара,202409,443880.1058810415,7.0,128397
4925,Lada,202307,759000.3775751184,39.0,130136
4926,Лада Самара,202408,379762.0306258574,14.0,168150
4927,Жигули,202410,464547.52883085294,51.0,122650
4928,Киа,202307,2986437.8090191092,24.0,146686
4929,Lada,202309,956992.2295757202,23.0,141184
4930,Киа,202412,1809421.6645092727,27.0,174553
4931,Киа,202304,1868133.5952854725,98.0,145118
4932,Мерседес-Бенц,202312,3671915.8251981214,10.0,225233
4933,Киа,202410,2183611.427454056,20.0,156475
4934,Лада Самара,202406,403461.67152408697,24.0,130107
4935,Лада Самара,202407,360522.75834953453,18.0,143068
4936,Киа,202312,1384071.9927851555,0.0,164687
4937,Lada,202302,1073307.722721263,137.0,142823
4938,Жигули,202408,395194.3186627703,2.0,128503
4939,Киа,202311,1551258.7899032643,44.0,157099
4940,Киа,202308,2711847.211399072,30.0,214963
4941,Мерседес-Бенц,202401,6303378.756308546,23.0,214193
4942,Киа,202309,1903357.6292451373,5.0,188418
4943,Жигули,202408,276713.3335251846,3.0,137028
4944,Жигули,202303,333969.13576005766,14.0,123141
4945,Киа,202405,1979246.2815850622,17.0,144297
4946,Мерседес-Бенц,202311,6648501.977965908,49.0,209820
4947,Киа,202406,2885124.294362971,57.0,165888
4948,Lada,202403,660843.9608068109,37.0,144292
4949,Лада Самара,202409,490146.2794124977,39.0,124825
4950,Киа,202311,2174555.635713836,3.0,153864
4951,Lada,202304,1291408.3275648032,11.0,125322
4952,Жигули,202311,518914.9027812899,16.0,142863
4953,Лада Самара,202412,342932.35690380604,53.0,121547
4954,Жигули,202409,404173.6498385506,13.0,106693
4955,Жигули,202309,327464.222862675,23.0,125526
4956,Киа,202501,1659529.1753971411,31.0,144897
4957,Лада Самара,202408,320716.61178687215,-100.0,140443
4958,Киа,202308,2013673.5737759327,20.0,174463
4959,Лада Самара,202312,362435.23856304155,12.0,160505
4960,Lada,202408,1392685.3694632654,20.0,118767
4961,Лада Самара,202408,477579.0708077812,8.0,129871
4962,Мерседес-Бенц,202408,6886771.7700215,58.0,226077
4963,Lada,202409,924733.6797103669,17.0,151784
4964,Lada,202408,1244734.0018787917,23.0,117419
4965,Лада Самара,202306,366601.7979485925,72.0,130619
4966,Киа,202406,2320553.7438506177,30.0,184702
4967,Мерседес-Бенц,202412,6131219.23213793,1.0,190500
4968,Киа,202402,3397573.7585993176,6.0,164415
4969,Мерседес-Бенц,202310,7475733.602993803,24.0,238538
4970,Жигули,202409,444468.0017607429,14.0,136669
4971,Мерседес-Бенц,202412,7639755.593142075,11.0,204195
4972,Киа,202409,2086195.724768602,39.0,173823
4973,Мерседес-Бенц,202310,4967820.812959999,13.0,200427
4974,Мерседес-Бенц,202307,6819579.247989243,15.0,170991
4975,Киа,202409,1923137.0307870056,26.0,120600
4976,Lada,202405,581139.3638903929,21.0,131622
4977,Мерседес-Бенц,202305,6375297.795891633,3.0,211045
4978,Lada,202307,769432.3461831077,134.0,127712
4979,Жигули,202301,396546.0179521623,68.0,131233
4980,Lada,202311,667208.4228725464,106.0,124662
4981,Мерседес-Бенц,202301,4659619.45285533,11.0,221743
4982,Lada,202309,1064116.5787705237,56.0,157563
4983,Киа,202307,2278518.185413284,14.0,158373
4984,Жигули,202404,185810.10205106132,32.0,107823
4985,Лада Самара,202305,691389.3587965373,45.0,126212
4986,Мерседес-Бенц,202409,7167525.392304993,36.0,205225
4987,Киа,202501,2130915.726600507,35.0,159698
4988,Мерседес-Бенц,202408,6425206.570436717,11.0,205750
4989,Лада Самара,202303,432089.04055370163,0.0,110039
4990,Киа,202311,2789993.3531453167,16.0,170464
4991,Киа,202405,2150009.6334215063,20.0,178309
4992,Жигули,202311,424077.5385100754,24.0,127761
4993,Lada,202312,656731.9858256778,7.0,135035
4994,Киа,202404,1307619.935071591,6.0,131447
4995,Лада Самара,202405,280694.88960675325,19.0,106041
4996,Жигули,202308,448226.21082576364,11.0,122835
4997,Киа,202304,2412012.3141818964,4.0,154746
4998,Мерседес-Бенц,202303,4550594.360511032,0.0,225195
4999,Киа,202406,1855842.510152107,7.0,161468
5000,Жигули,202402,286682.91128096194,13.0,142344
5001,Мерседес-Бенц,202408,5875987.336650888,6.0,215791
5002,Киа,202307,2844588.259997094,38.0,173308
5003,Лада Самара,202411,495636.29767431883,50.0,122327
5004,Лада Самара,202410,733857.1252358342,86.0,147818
5005,Киа,202306,1996787.9006891998,16.0,147770
5006,Жигули,202308,454003.4252784733,2.0,120824
5007,Киа,202310,2653723.2708309484,42.0,165302
5008,Киа,202302,2382443.518006871,16.0,146592
5009,Lada,202302,564063.960783839,31.0,118865
5010,Лада Самара,202412,426459.8637867984,37.0,134430
5011,Жигули,202303,521583.7705287619,1.0,107065
5012,Киа,202402,2149760.3846795317,134.0,170413
5013,Мерседес-Бенц,202312,3898493.8216082435,88.0,232205
5014,Киа,202501,2246164.1971297297,17.0,161402
5015,Мерседес-Бенц,202412,6586564.2197536575,19.0,238161
5016,Мерседес-Бенц,202306,5606720.584879969,14.0,212808
5017,Lada,202302,707559.1001164824,5.0,134233
5018,Киа,202411,2781183.5175448623,-100.0,164620
5019,Жигули,202501,327807.85372602876,4.0,124870
5020,Киа,202311,2178605.5011738376,5.0,137586
5021,Лада Самара,202403,409408.15233917546,4.0,143598
5022,Lada,202409,1495949.8604852464,3.0,104333
5023,Киа,202308,1755274.455787688,35.0,175596
5024,Mercedes,202408,8099228.862036884,2.0,240989
5025,Лада Самара,202309,597459.6120219803,9.0,118140
5026,Lada,202307,946925.8984860325,15.0,144766
5027,Жигули,202406,443911.56118589616,17.0,131455
5028,Lada,202403,1368782.7768479828,55.0,146669
5029,Киа,202304,3092274.688050056,19.0,157517
5030,Жигули,202309,661119.9571748571,15.0,107955
5031,Lada,202304,1061261.1423916356,33.0,155044
5032,Лада Самара,202410,417133.95914570545,14.0,118164
5033,Мерседес-Бенц,202403,6647719.399864053,20.0,196837
5034,Лада Самара,202408,438629.6458564708,16.0,114740
5035,Жигули,202303,306944.71017311193,54.0,125547
5036,Киа,202306,2593316.659542321,47.0,147941
5037,Киа,202409,2432101.052318174,28.0,133377
5038,Мерседес-Бенц,202305,5794362.347275763,24.0,255958
5039,Киа,202307,2477711.863528504,25.0,132407
5040,Киа,202403,1152101.0336145693,13.0,149112
5041,Киа,202411,2113694.52179263,17.0,149503
5042,Lada,202401,1054699.7114787218,47.0,126541
5043,Киа,202409,2726233.0548975705,49.0,153843
5044,Lada,202302,1197917.1612945974,7.0,135287
5045,Жигули,202408,297605.09662224835,69.0,120553
5046,Мерседес-Бенц,202401,5316219.433302249,5.0,173299
5047,Lada,202312,1033931.5997553044,36.0,129373
5048,Лада Самара,202303,356554.28693722084,96.0,144742
5049,Лада Самара,202308,407574.83609369694,22.0,127843
5050,Киа,202307,1674802.8680120166,30.0,144358
5051,Мерседес-Бенц,202312,5009091.5774914725,3.0,193798
5052,Киа,202309,2001172.0131577505,-100.0,154950
5053,Киа,202308,2498296.3609749186,87.0,173960
5054,Lada,202305,1061392.906836578,73.0,142596
5055,Lada,202303,1025279.734677997,12.0,144472
5056,Жигули,202402,277468.68913318,105.0,138234
5057,Мерседес-Бенц,202404,4296196.857930016,34.0,220298
5058,Жигули,202409,449567.1733358951,30.0,116219
5059,Киа,202410,1784384.6594163652,43.0,149025
5060,Мерседес-Бенц,202404,6537626.008680749,0.0,192223
5061,Мерседес-Бенц,202302,6430547.8566244515,2.0,232513
5062,Жигули,202404,306105.9491873179,16.0,105359
5063,Лада Самара,202307,558638.7771752722,3.0,130527
5064,Киа,202411,3121989.239980459,5.0,148672
5065,Киа,202308,1249400.7801870622,51.0,138078
5066,Lada,202412,1385731.1666690668,13.0,131274
5067,Жигули,202306,584828.3376052742,14.0,114701
5068,Лада Самара,202305,481547.9781623925,4.0,147343
5069,Мерседес-Бенц,202501,2823759.440574996,5.0,198900
5070,Лада Самара,202412,291789.5821629485,44.0,122534
5071,Lada,202405,806737.3373684485,8.0,112922
5072,Лада Самара,202307,347114.38181387004,30.0,130356
5073,Киа,202401,1936879.9989174847,6.0,166739
5074,Lada,202301,1219364.1960115884,35.0,127619
5075,Жигули,202307,354016.39504749986,7.0,106470
5076,Лада Самара,202403,487029.91918636276,30.0,143965
5077,Мерседес-Бенц,202408,6021081.603991625,95.0,207496
5078,Lada,202306,744584.6927238728,77.0,141428
5079,Киа,202303,3480107.6273025144,2.0,188492
5080,Лада Самара,202305,306972.5492004448,14.0,150324
5081,Лада Самара,202305,433269.59227067605,3.0,122647
5082,Lada,202302,780262.1663607752,23.0,123657
5083,Лада Самара,202307,330858.3965247627,9.0,112543
5084,Lada,202309,1448633.3124012523,53.0,136187
5085,Lada,202309,743394.7386169223,3.0,144572
5086,Киа,202308,2111044.032039172,2.0,125633
5087,Жигули,202312,384926.04270814836,28.0,132927
5088,Киа,202310,2904382.6041109627,26.0,162519
5089,Lada,202301,1069713.356911775,36.0,142050
5090,Мерседес-Бенц,202308,4278056.875853301,67.0,197039
5091,Лада Самара,202403,354454.88308771834,2.0,131971
5092,Лада Самара,202303,491719.8951129568,36.0,145558
5093,Lada,202501,895045.1954648496,50.0,144426
5094,Жигули,202310,324122.4550654939,22.0,123311
5095,Lada,202311,1061400.1338521354,0.0,129095
5096,Киа,202501,1709278.4153987502,21.0,168283
5097,Киа,202302,1693215.9824793534,5.0,138897
5098,Lada,202409,587913.4333216338,-100.0,140398
5099,Киа,202304,2372061.729263793,2.0,172679
5100,Киа,202310,2208777.6377311125,7.0,140047
5101,Lada,202306,1085906.6927927048,108.0,133233
5102,Lada,202303,680188.549923996,1.0,108523
5103,Жигули,202311,163944.3218875765,28.0,120745
5104,Киа,202407,2259755.1807445004,25.0,167372
5105,Жигули,202303,292949.81700473174,48.0,130186
5106,Киа,202302,2103616.073644347,0.0,127760
5107,Lada,202308,916832.9171662068,65.0,128749
5108,Киа,202408,1857691.0797165711,39.0,142045
5109,Мерседес-Бенц,202304,6605399.333919719,5.0,223374
5110,Мерседес-Бенц,202312,4168403.870960391,11.0,165716
5111,Лада Самара,202412,451231.01382003725,44.0,123177
5112,Киа,202501,2424915.238304798,2.0,148451
5113,Лада Самара,202409,428574.9134025019,17.0,134416
5114,Мерседес-Бенц,202409,5926873.572194483,3.0,170298
5115,Мерседес-Бенц,202405,5737075.861274055,67.0,238508
5116,Мерседес-Бенц,202309,5320415.436478027,24.0,188132
5117,Мерседес-Бенц,202311,7095795.746928529,28.0,188036
5118,Мерседес-Бенц,202412,3417417.3737164238,13.0,191032
5119,Киа,202412,3124844.7493550293,15.0,147698
5120,Киа,202403,2107853.8614203716,23.0,166160
5121,Лада Самара,202302,500530.1937309182,1.0,142838
5122,Киа,202405,2239445.9562687986,2.0,165324
5123,Lada,202410,483495.18269856356,3.0,112834
5124,Киа,202303,2818542.2228206573,29.0,151456
5125,Жигули,202310,517079.03207147564,13.0,115815
5126,Жигули,202501,339862.1417830366,8.0,124467
5127,Жигули,202411,210908.4286575984,36.0,133572
5128,Лада Самара,202305,283836.5629809989,54.0,128270
5129,Жигули,202302,342859.32697679516,13.0,122855
5130,Киа,202311,2177672.660968382,34.0,146423
5131,Киа,202305,2685182.3838930232,2.0,128736
5132,Киа,202309,2861768.742268905,14.0,132246
5133,Мерседес-Бенц,202302,6064346.532635343,17.0,235011
5134,Киа,202401,2476514.222014177,10.0,183795
5135,Киа,202408,1590040.0392113584,53.0,139200
5136,Мерседес-Бенц,202305,4674330.548799437,14.0,216494
5137,Лада Самара,202304,337243.27325989015,27.0,133200
5138,Жигули,202404,345118.9939453715,15.0,104558
5139,Lada,202310,768013.0860958883,1.0,141130
5140,Киа,202501,2703049.5107384627,0.0,141304
5141,Жигули,202301,336289.23650070716,61.0,102143
5142,Лада Самара,202402,449133.86880714603,74.0,143778
5143,Киа,202310,1307413.6914595466,13.0,175708
5144,Мерседес-Бенц,202409,6568080.423377939,43.0,181932
5145,Киа,202311,2144198.5738088046,14.0,133938
5146,Лада Самара,202308,515001.51646263944,2.0,134797
5147,Лада Самара,202309,479975.5248692557,16.0,150434
5148,Жигули,202403,286642.470285243,30.0,115346
5149,Жигули,202312,424008.9486071189,37.0,127589
5150,Жигули,202312,294779.9543330448,72.0,128832
5151,Лада Самара,202302,384507.99459317833,59.0,158080
5152,Жигули,202407,408755.81618044415,21.0,109513
5153,Lada,202401,1056048.320239181,6.0,139989
5154,Киа,202402,1303497.5929710474,3.0,170295
5155,Лада Самара,202302,549773.1377181751,2.0,138565
5156,Жигули,202312,592920.3171153705,8.0,146390
5157,Мерседес-Бенц,202410,2618530.9394596973,2.0,197760
5158,Lada,202404,892054.8370159732,4.0,132201
5159,Мерседес-Бенц,202411,3060914.070912239,70.0,187825
5160,Лада Самара,202404,175591.49168803592,0.0,135088
5161,Лада Самара,202402,558122.7471456418,48.0,163722
5162,Мерседес-Бенц,202409,4496673.287308023,21.0,163290
5163,Лада Самара,202303,375825.29223514715,7.0,118090
5164,Киа,202403,1844573.5925349074,1.0,157554
5165,Lada,202402,789558.3439642022,60.0,161608
5166,Лада Самара,202303,414866.6085485992,13.0,157524
5167,Киа,202307,1351868.3164170599,32.0,154377
5168,Лада Самара,202312,734555.7520733679,5.0,149933
5169,Киа,202305,1892814.5460061529,29.0,155171
5170,Киа,202402,1366096.1743897563,,127204
5171,Lada,202306,1085281.9197810462,10.0,138278
5172,Жигули,202407,383451.06635932135,15.0,111358
5173,Лада Самара,202406,578702.2532414984,77.0,138082
5174,Киа,202310,2200501.175820688,21.0,165097
5175,Мерседес-Бенц,202401,4922785.385907879,112.0,195048
5176,Lada,202411,757243.1129661186,15.0,115091
5177,Киа,202402,2676073.15598713,29.0,156941
5178,Lada,202309,1089920.3915013985,3.0,151869
5179,Киа,202411,2619002.723836451,12.0,136534
5180,Lada,202303,1008879.256507481,37.0,133214
5181,Киа,202307,3290361.221360502,70.0,167511
5182,Киа,202311,2092057.489320742,4.0,137141
5183,Lada,202311,584507.0226987401,0.0,139684
5184,Жигули,202407,315561.68985115894,4.0,99408
5185,Мерседес-Бенц,202411,4549797.979528688,13.0,211923
5186,Lada,202405,1090712.1274987743,89.0,161425
5187,Lada,202306,574007.1085067244,1.0,121362
5188,Лада Самара,202308,283970.6009233127,37.0,135111
5189,Лада Самара,202309,439011.9358561521,7.0,98916
5190,Жигули,202312,543513.2753558944,41.0,113690
5191,Лада Самара,202501,555502.7984685114,0.0,124385
5192,Lada,202501,927253.8485598349,55.0,152172
5193,Киа,202407,2850136.2046931037,48.0,174346
5194,Киа,202410,1905572.160330345,4.0,157342
5195,Лада Самара,202310,651102.6642104281,41.0,115311
5196,Киа,202401,1416053.8664278497,20.0,147500
5197,Lada,202305,650625.7083811419,21.0,131748
5198,Жигули,202308,439992.16482177004,7.0,126676
5199,Жигули,202308,445490.3231309474,2.0,124804
5200,Жигули,202408,547340.0854937275,2.0,115627
5201,Лада Самара,202407,355633.8368088538,,139231
5202,Lada,202409,1167252.0308348844,48.0,126430
5203,Жигули,202301,385290.3982433645,13.0,134480
5204,Киа,202408,1542097.5802333264,2.0,132690
5205,Lada,202301,574531.9870489924,8.0,129501
5206,Лада Самара,202309,382830.18041338323,13.0,150696
5207,Лада Самара,202303,400453.42366503,4.0,138199
5208,Киа,202410,1353810.3841010816,29.0,141244
5209,Мерседес-Бенц,202311,6650864.146379539,61.0,212666
5210,Мерседес-Бенц,202304,6919225.151197409,-100.0,206302
5211,Лада Самара,202407,379402.69088909804,24.0,161500
5212,Жигули,202310,352679.38783003384,32.0,133850
5213,Жигули,202408,488584.6880839398,40.0,132210
5214,Жигули,202412,423445.681314365,1.0,107085
5215,Lada,202410,999844.6488022574,81.0,127049
5216,Киа,202405,2189329.7480089283,0.0,132178
5217,Lada,202309,890289.9035047715,0.0,150250
5218,Киа,202407,2249065.7868856327,0.0,135296
5219,Киа,202302,1567755.5831305473,36.0,146967
5220,Жигули,202501,343654.65219252394,52.0,107017
5221,Киа,202409,2273157.288254154,5.0,130760
5222,Лада Самара,202412,504824.76678045746,26.0,136565
5223,Киа,202307,2470682.0521347094,13.0,168703
5224,Жигули,202410,400324.76630311203,0.0,112969
5225,Лада Самара,202407,409240.87159953575,13.0,134469
5226,Мерседес-Бенц,202303,6925179.737668982,24.0,245435
5227,Киа,202410,2535677.95793287,2.0,147112
5228,Жигули,202411,350947.7741813156,56.0,122873
5229,Жигули,202302,351304.46617053845,18.0,134869
5230,Мерседес-Бенц,202304,3474675.5706341183,17.0,223433
5231,Киа,202405,3498462.8010522965,19.0,143786
5232,Киа,202309,2386830.2670372645,25.0,148082
5233,Жигули,202412,460179.8305440317,34.0,128100
5234,Киа,202404,2980332.2535253433,41.0,156498
5235,Киа,202405,1289110.5529045078,84.0,178701
5236,Лада Самара,202305,396037.28634825797,15.0,130632
5237,Киа,202304,1941175.1930103381,73.0,164540
5238,Мерседес-Бенц,202302,5379616.992848796,13.0,214805
5239,Жигули,202306,272591.89898599114,40.0,127526
5240,Киа,202412,2973122.159614754,30.0,143532
5241,Лада Самара,202411,440306.0874713238,45.0,135091
5242,Киа,202410,2211517.565510552,3.0,147456
5243,Lada,202304,1030662.5839341049,20.0,156271
5244,Жигули,202402,219951.42438563847,7.0,116108
5245,Лада Самара,202411,421934.3284045335,50.0,135900
5246,Мерседес-Бенц,202402,7310831.704138316,9.0,205129
5247,Лада Самара,202406,618604.4401677217,91.0,165455
5248,Мерседес-Бенц,202408,6441243.400773946,14.0,222043
5249,Киа,202405,2603003.4639360984,3.0,157023
5250,Мерседес-Бенц,202301,7055071.764371836,50.0,211535
5251,Мерседес-Бенц,202303,5684943.748992517,60.0,200063
5252,Киа,202303,2309136.718470203,1.0,161611
5253,Lada,202402,762681.756498129,14.0,130132
5254,Мерседес-Бенц,202411,7598792.041788771,26.0,250870
5255,Лада Самара,202407,322814.15603146225,124.0,139549
5256,Лада Самара,202501,340368.54653097416,23.0,144066
5257,Мерседес-Бенц,202306,4517555.817139956,2.0,199887
5258,Лада Самара,202405,377896.994021626,8.0,174259
5259,Лада Самара,202402,354184.56759541645,32.0,122197
5260,Киа,202308,2030301.1034985392,70.0,148093
5261,Киа,202305,2173621.2047341256,2.0,134004
5262,Лада Самара,202501,524358.7442213772,-100.0,114588
5263,Киа,202410,2155345.689616928,41.0,158249
5264,Жигули,202301,340844.7499049208,110.0,119165
5265,Лада Самара,202403,371717.47374009877,7.0,128729
5266,Жигули,202404,496694.34752748813,,116835
5267,Киа,202311,2242469.5233581467,3.0,148442
5268,Киа,202412,2728910.599681233,14.0,131260
5269,Lada,202308,548370.0737532057,38.0,121439
5270,Киа,202307,1808546.8225259013,40.0,134453
5271,Мерседес-Бенц,202403,7293887.301877293,66.0,211746
5272,Lada,202306,690802.1106487408,35.0,137476
5273,Мерседес-Бенц,202411,7391858.339359771,0.0,193424
5274,Киа,202401,1513080.9327264884,28.0,159309
5275,Киа,202310,1647741.579531381,18.0,156203
5276,Киа,202409,1965684.4419617848,39.0,130209
5277,Жигули,202308,296731.6625745903,10.0,119107
5278,Лада Самара,202410,339378.85362119286,66.0,138866
5279,Lada,202401,1157829.9949860622,13.0,122433
5280,Лада Самара,202312,335351.87468970154,30.0,117325
5281,Киа,202308,2448078.535608967,30.0,164013
5282,Жигули,202304,447545.20773103274,4.0,109453
5283,Lada,202406,640414.3278721871,67.0,149555
5284,Лада Самара,202405,368732.81941817916,5.0,132861
5285,Lada,202411,680384.7144125418,50.0,132962
5286,Жигули,202411,322645.20123142586,66.0,131346
5287,Киа,202310,3181568.2167857974,21.0,154321
5288,Лада Самара,202310,612180.2897919571,7.0,132249
5289,Lada,202303,1153317.62819341,63.0,126801
5290,Жигули,202406,562674.4335199994,41.0,142908
5291,Киа,202406,2471774.099751783,16.0,136950
5292,Жигули,202407,330529.1087436266,19.0,135895
5293,Lada,202406,1077007.872351398,41.0,118586
5294,Lada,202412,1188463.8222452637,2.0,137925
5295,Мерседес-Бенц,202408,4994133.783061336,19.0,222942
5296,Lada,202410,1216351.9253884961,5.0,135373
5297,Мерседес-Бенц,202309,5510872.596650945,55.0,223479
5298,Жигули,202310,290584.15269008325,18.0,136756
5299,Жигули,202411,306595.79928792425,98.0,131436
5300,Lada,202409,827904.819855308,48.0,162294
5301,Киа,202405,2465488.5201069415,26.0,188343
5302,Мерседес-Бенц,202403,5741774.81202834,25.0,241643
5303,Мерседес-Бенц,202407,6666449.167748212,8.0,219053
5304,Жигули,202404,616381.1663475471,6.0,116274
5305,Лада Самара,202309,248861.3645319104,60.0,140239
5306,Лада Самара,202411,461215.24570235336,5.0,140584
5307,Киа,202403,2194368.375098415,17.0,134896
5308,Жигули,202309,337763.3756205095,20.0,120606
5309,Киа,202403,1134641.3469812218,15.0,136032
5310,Мерседес-Бенц,202408,5162367.798416771,29.0,197091
5311,Lada,202405,1061935.015405104,0.0,131528
5312,Киа,202409,2379916.1521175588,24.0,149731
5313,Lada,202307,1097609.7805052556,5.0,126199
5314,Lada,202404,860890.2018992446,45.0,142735
5315,Жигули,202307,206279.64303946547,19.0,120084
5316,Жигули,202407,295737.74165797496,14.0,121481
5317,Киа,202307,1446995.5606341395,2.0,146407
5318,Лада Самара,202411,578161.933441836,17.0,139909
5319,Киа,202305,1271419.5504827476,7.0,126486
5320,Киа,202404,2438288.8481564117,2.0,147330
5321,Lada,202305,1457041.2356454164,69.0,162482
5322,Киа,202407,1224732.4495940146,0.0,108560
5323,Киа,202408,1753030.6265925493,2.0,140989
5324,Лада Самара,202301,476306.00752640766,55.0,138328
5325,Киа,202411,1665253.2844737577,23.0,135187
5326,Лада Самара,202306,288540.1406861859,16.0,114423
5327,Лада Самара,202410,341035.72980596294,15.0,128401
5328,Лада Самара,202312,393065.2855712459,4.0,124325
5329,Мерседес-Бенц,202404,5485178.221210811,19.0,221136
5330,Lada,202304,894937.3431254223,33.0,128898
5331,Lada,202401,328026.2898557062,29.0,142228
5332,Киа,202401,2869773.749843624,5.0,152606
5333,Киа,202411,1674129.4489405777,28.0,162980
5334,Киа,202411,2853546.601819684,7.0,144671
5335,Lada,202301,1490025.448561059,12.0,133640
5336,Киа,202305,2257865.543601207,19.0,169115
5337,Киа,202305,2732740.322427681,4.0,168862
5338,Мерседес-Бенц,202304,7935491.571829477,21.0,245590
5339,Киа,202308,2842211.1830200907,7.0,134414
5340,Лада Самара,202401,329645.24496197025,16.0,122892
5341,Lada,202304,580579.7403639468,2.0,135461
5342,Lada,202406,1216773.7317643256,56.0,133368
5343,Жигули,202501,200642.31233617745,53.0,99630
5344,Мерседес-Бенц,202501,6164135.302429823,16.0,215177
5345,Lada,202305,788763.2239826883,13.0,124186
5346,Киа,202311,2858173.16158411,1.0,145787
5347,Mercedes,202404,5532788.235031728,12.0,232880
5348,Киа,202404,3073703.940104385,111.0,148624
5349,Жигули,202312,393195.85906497005,9.0,117261
5350,Киа,202408,2394297.361378245,2.0,156738
5351,Lada,202402,846132.0440315327,18.0,113843
5352,Lada,202406,668805.5520850591,14.0,118941
5353,Мерседес-Бенц,202308,4645378.116517763,10.0,158248
5354,Lada,202403,495765.51281609276,25.0,127288
5355,Лада Самара,202403,327198.8413494651,115.0,160331
5356,Мерседес-Бенц,202412,5713154.755369652,16.0,184167
5357,Лада Самара,202311,455105.2093848796,16.0,136224
5358,Жигули,202310,133172.25061309742,36.0,120732
5359,Жигули,202302,366223.58287605696,24.0,110342
5360,Мерседес-Бенц,202408,7658951.966383428,2.0,187265
5361,Киа,202403,1603200.5840654334,10.0,122586
5362,Жигули,202305,342326.9994492108,0.0,118577
5363,Жигули,202312,258471.50314914793,55.0,142359
5364,Киа,202304,1821138.1205552171,21.0,133140
5365,Лада Самара,202402,245143.31499068174,5.0,133855
5366,Lada,202407,1051597.8349709176,1.0,145567
5367,Мерседес-Бенц,202306,3874026.799329503,3.0,220067
5368,Жигули,202409,304236.3690052821,16.0,130138
5369,Мерседес-Бенц,202305,4975772.822284979,2.0,232122
5370,Киа,202307,1886207.8214058073,48.0,132994
5371,Лада Самара,202412,378339.9328336621,18.0,125296
5372,Киа,202412,2704783.7927107285,46.0,151477
5373,Киа,202304,2239597.904061743,40.0,163736
5374,Mercedes,202401,5305994.129536996,31.0,251370
5375,Жигули,202412,671211.8459719147,53.0,124204
5376,Lada,202406,972784.0029679127,22.0,143153
5377,Киа,202308,2067598.821095966,6.0,154929
5378,Киа,202405,3872051.095391259,7.0,125655
5379,Lada,202407,848346.1204217018,31.0,127501
5380,Мерседес-Бенц,202410,5120074.886418618,4.0,162955
5381,Лада Самара,202306,435008.8403531836,33.0,130760
5382,Lada,202407,639976.1130991799,6.0,132307
5383,Киа,202405,1210985.826322413,4.0,148386
5384,Киа,202312,1352526.4116470937,24.0,143861
5385,Lada,202501,990175.8503449945,22.0,140793
5386,Лада Самара,202304,288926.5893917753,13.0,133707
5387,Киа,202405,2385212.268220289,17.0,140316
5388,Лада Самара,202305,446521.9186258503,2.0,113912
5389,Лада Самара,202305,496056.8977042316,1.0,119786
5390,Жигули,202410,403305.3212168897,17.0,125175
5391,Мерседес-Бенц,202308,4941430.069869091,32.0,205440
5392,Мерседес-Бенц,202407,10824603.105264938,90.0,215312
5393,Lada,202306,732781.9507758408,31.0,138967
5394,Жигули,202302,327195.845799978,82.0,138897
5395,Мерседес-Бенц,202408,5009550.949594352,47.0,194428
5396,Лада Самара,202303,290836.8938689618,0.0,135317
5397,Киа,202405,1844332.8475586865,81.0,183738
5398,Киа,202412,2893175.0618088446,44.0,132035
5399,Киа,202307,1669211.565106184,10.0,154665
5400,Жигули,202310,492227.2608935605,0.0,108112
5401,Киа,202401,2621805.2909235074,9.0,138346
5402,Лада Самара,202306,590715.4646927571,44.0,169327
5403,Лада Самара,202501,266328.41403669404,22.0,142050
5404,Mercedes,202410,7239219.614449286,9.0,218283
5405,Киа,202303,2108850.1863646144,0.0,156455
5406,Жигули,202409,284027.4961805143,,129486
5407,Киа,202306,1594266.7640453402,6.0,149622
5408,Lada,202307,867541.4987095228,27.0,138148
5409,Лада Самара,202303,397093.51777997735,7.0,131212
5410,Мерседес-Бенц,202403,7279718.943471136,32.0,204658
5411,Lada,202404,1105455.2828115139,7.0,123618
5412,Lada,202401,1135241.9205443282,5.0,126570
5413,Жигули,202410,348294.6824793343,41.0,122419
5414,Lada,202402,1085513.561693031,19.0,131209
5415,Киа,202403,2101057.1326424107,75.0,142764
5416,Lada,202408,763266.5639965541,2.0,156402
5417,Мерседес-Бенц,202304,7438560.196453156,1.0,207160
5418,Киа,202406,2712027.749894171,77.0,149441
5419,Киа,202306,1498302.2941579758,8.0,166636
5420,Лада Самара,202412,524073.74404479517,14.0,129803
5421,Жигули,202406,284384.48961387825,26.0,115741
5422,Киа,202404,2350206.21216104,4.0,134150
5423,Жигули,202410,363748.1976351258,84.0,121487
5424,Жигули,202309,380126.8503521616,0.0,122400
5425,Жигули,202303,379662.5852969056,16.0,129597
5426,Жигули,202403,444309.35506177606,20.0,126810
5427,Жигули,202308,365479.83998320444,37.0,125348
5428,Жигули,202404,461467.37313507334,1.0,112608
5429,Lada,202301,1004817.6045355338,16.0,159799
5430,Мерседес-Бенц,202305,7966187.550758398,21.0,266245
5431,Киа,202404,2219748.9757301863,21.0,150356
5432,Жигули,202404,265632.1011914063,15.0,121327
5433,Lada,202409,962813.8155924412,121.0,115159
5434,Жигули,202401,300911.64715653757,8.0,120576
5435,Lada,202408,521858.8163181741,11.0,124685
5436,Лада Самара,202406,421055.44853783754,14.0,152032
5437,Lada,202307,1373960.3322608024,14.0,155745
5438,Жигули,202304,361116.1817949948,9.0,106297
5439,Лада Самара,202409,511846.3822390189,6.0,126964
5440,Лада Самара,202309,411716.95708601753,25.0,137537
5441,Киа,202307,2937767.8920707684,3.0,171812
5442,Киа,202408,3108179.884482007,6.0,168591
5443,Lada,202309,874388.5468118154,44.0,155719
5444,Лада Самара,202405,545115.0744981006,2.0,128739
5445,Киа,202310,1411647.4057458504,1.0,164806
5446,Лада Самара,202302,372709.24671850743,12.0,112892
5447,Lada,202301,1034725.7059521104,1.0,137777
5448,Жигули,202403,315197.1213738916,24.0,122613
5449,Lada,202307,851388.830026336,27.0,160627
5450,Киа,202405,1486722.3418719126,7.0,140645
5451,Lada,202411,1337490.6934764583,20.0,147479
5452,Жигули,202305,492938.56428279175,20.0,150400
5453,Lada,202401,705714.2717094315,6.0,132278
5454,Lada,202410,622833.8132838978,19.0,141363
5455,Мерседес-Бенц,202402,6967792.90263728,16.0,205674
5456,Жигули,202303,313415.53226906736,5.0,112152
5457,Lada,202308,769211.90706278,38.0,130292
5458,Киа,202301,4749583.120243907,7.0,158678
5459,Lada,202402,695312.5247355272,8.0,127215
5460,Киа,202309,2304310.482768943,16.0,154103
5461,Мерседес-Бенц,202301,5893381.114736338,37.0,192743
5462,Lada,202308,804382.0420129084,21.0,150773
5463,Лада Самара,202308,564457.1514124328,29.0,146133
5464,Lada,202411,858084.6219194718,0.0,113445
5465,Мерседес-Бенц,202501,5557985.7318413975,27.0,198447
5466,Мерседес-Бенц,202308,5889641.164932881,9.0,192040
5467,Lada,202302,869944.568545631,65.0,134448
5468,Лада Самара,202311,486615.505442902,7.0,143975
5469,Жигули,202403,377380.74571639777,24.0,114188
5470,Лада Самара,202305,286625.9468830102,20.0,126692
5471,Киа,202402,1647804.5182804002,6.0,144356
5472,Lada,202411,866628.4247302643,14.0,141193
5473,Лада Самара,202406,250187.14137622193,7.0,107982
5474,Киа,202411,1886950.0101673738,41.0,158347
5475,Лада Самара,202311,475298.1566337315,7.0,107257
5476,Киа,202405,2380010.295385942,135.0,154370
5477,Киа,202401,2387073.604478482,32.0,143606
5478,Лада Самара,202306,558427.597285967,41.0,114895
5479,Лада Самара,202304,433049.5238362774,-100.0,148785
5480,Лада Самара,202308,378990.02850531053,10.0,127513
5481,Жигули,202501,301786.8314151706,6.0,105844
5482,Киа,202403,2021329.520147224,31.0,156948
5483,Жигули,202409,477940.0658087799,39.0,136583
5484,Мерседес-Бенц,202304,5430083.274831974,47.0,184349
5485,Киа,202401,2124317.1599160344,22.0,167435
5486,Lada,202403,1315944.5182038967,60.0,117983
5487,Киа,202302,1945100.1657352287,59.0,124752
5488,Лада Самара,202402,432264.6932395378,1.0,124961
5489,Lada,202407,670161.9986338628,59.0,135955
5490,Лада Самара,202309,321759.0061892962,30.0,149715
5491,Мерседес-Бенц,202310,5075493.452629829,10.0,194732
5492,Lada,202411,1226175.4359724163,0.0,126551
5493,Жигули,202309,436108.77682230243,11.0,113880
5494,Лада Самара,202406,444365.2431474272,16.0,166654
5495,Жигули,202307,339908.0124803054,12.0,115978
5496,Лада Самара,202310,231582.1145478037,12.0,125604
5497,Киа,202402,1511366.6395686455,6.0,144110
5498,Lada,202309,756357.3088897715,65.0,134093
5499,Киа,202408,2777102.2337492076,79.0,126447
5500,Lada,202405,643823.3081622394,2.0,119425
5501,Киа,202410,2320260.7994128973,24.0,133367
5502,Лада Самара,202308,615789.5559448008,19.0,125739
5503,Lada,202310,1002273.8323811358,4.0,156609
5504,Киа,202406,2293989.8121218462,0.0,113784
5505,Мерседес-Бенц,202410,10439587.705969973,14.0,181301
5506,Жигули,202305,567475.0534224235,36.0,129887
5507,Киа,202306,2068802.8692846552,16.0,138903
5508,Киа,202302,1777910.687056762,42.0,168012
5509,Киа,202307,1802135.2080172908,-100.0,165996
5510,Лада Самара,202409,205981.21291914224,12.0,110629
5511,Киа,202401,3488938.292621988,26.0,133754
5512,Жигули,202501,264572.40023064107,10.0,145050
5513,Жигули,202307,446277.5843723257,3.0,124500
5514,Мерседес-Бенц,202404,4869439.46363002,2.0,173350
5515,Lada,202308,786135.2763214381,-100.0,118694
5516,Лада Самара,202306,302382.3939045485,10.0,143069
5517,Lada,202309,1055649.6248155178,21.0,134991
5518,Мерседес-Бенц,202412,2644989.430235974,4.0,205245
5519,Жигули,202402,519338.02529352554,0.0,107357
5520,Мерседес-Бенц,202302,3625153.020740189,2.0,190087
5521,Жигули,202311,278418.0992806732,51.0,136945
5522,Lada,202310,683259.3714207776,20.0,146838
5523,Лада Самара,202301,535123.9854109333,2.0,112596
5524,Киа,202409,2889356.106285978,4.0,141934
5525,Жигули,202405,471496.22578179144,14.0,133231
5526,Жигули,202412,327002.7112656297,6.0,90170
5527,Жигули,202406,596337.72030734,-100.0,97163
5528,Мерседес-Бенц,202411,6760524.44455673,8.0,242332
5529,Lada,202411,972327.2829670119,53.0,137350
5530,Лада Самара,202302,537335.994011809,1.0,127501
5531,Лада Самара,202409,389613.6103452487,4.0,141942
5532,Лада Самара,202402,522746.28254147933,-100.0,112850
5533,Киа,202409,2286613.4082628274,17.0,154020
5534,Lada,202411,1245285.2717412745,-100.0,149619
5535,Жигули,202309,245014.22392096274,55.0,117590
5536,Киа,202404,1977696.5618650399,17.0,177936
5537,Lada,202303,580598.2905454427,64.0,163200
5538,Киа,202301,3307811.962590048,24.0,174423
5539,Lada,202405,1028239.4455696902,20.0,140951
5540,Лада Самара,202308,483379.9679495893,8.0,132038
5541,Жигули,202410,403664.7224368941,56.0,117696
5542,Жигули,202310,419035.3143079842,10.0,120179
5543,Киа,202309,3823130.5058915196,5.0,165591
5544,Жигули,202401,380109.8860476195,20.0,106761
5545,Mercedes,202409,8865864.891787214,3.0,228202
5546,Киа,202304,2923550.1648505772,1.0,157171
5547,Киа,202404,1740411.2597112835,58.0,140738
5548,Lada,202411,834914.5987630747,35.0,135916
5549,Жигули,202309,209051.17896310068,14.0,131114
5550,Киа,202304,2624101.1954333535,15.0,159527
5551,Лада Самара,202311,453165.6437421133,28.0,129067
5552,Мерседес-Бенц,202412,4574884.68566598,1.0,179683
5553,Мерседес-Бенц,202304,5513000.6916263215,19.0,183859
5554,Жигули,202410,308801.43352554634,2.0,116966
5555,Жигули,202307,418116.660594413,41.0,128715
5556,Киа,202501,1693671.5086511045,11.0,148843
5557,Киа,202407,2274162.244813081,7.0,138141
5558,Мерседес-Бенц,202412,5619813.134533161,30.0,218625
5559,Лада Самара,202410,385940.2236316397,67.0,134825
5560,Lada,202305,1097095.9483778046,55.0,125709
5561,Жигули,202408,389775.97095258336,13.0,108129
5562,Мерседес-Бенц,202411,3672243.7425515424,1.0,191056
5563,Жигули,202301,354440.8431510419,23.0,117371
5564,Лада Самара,202412,685981.6053603445,44.0,131767
5565,Киа,202306,1471727.1846963214,21.0,176616
5566,Лада Самара,202303,391230.2753106044,8.0,138675
5567,Жигули,202406,435108.10199757194,33.0,125653
5568,Жигули,202406,366628.74726517533,13.0,114972
5569,Жигули,202305,329262.2325484793,2.0,123248
5570,Жигули,202311,393285.22585927875,10.0,115237
5571,Lada,202401,1024126.060767093,1.0,157528
5572,Lada,202409,735639.705237452,145.0,161022
5573,Киа,202410,2016446.4022771248,,130153
5574,Киа,202407,1812209.547288235,19.0,137892
5575,Киа,202310,2800015.178481797,24.0,178675
5576,Мерседес-Бенц,202309,3899424.6918521887,58.0,203447
5577,Жигули,202406,327330.20277440886,15.0,126372
5578,Лада Самара,202408,369733.466985819,23.0,129306
5579,Лада Самара,202302,425746.72521621105,68.0,103561
5580,Мерседес-Бенц,202404,5987981.213400199,40.0,185250
5581,Lada,202303,605665.9500395975,1.0,134009
5582,Lada,202405,982691.942024857,15.0,134940
5583,Киа,202306,2019845.3450337397,3.0,143066
5584,Lada,202305,1017769.9502639392,0.0,126400
5585,Lada,202307,876153.3372908011,51.0,121657
5586,Мерседес-Бенц,202308,4644047.288941127,15.0,179385
5587,Lada,202312,760010.328722769,76.0,113267
5588,Лада Самара,202401,386179.45799403527,44.0,137160
5589,Лада Самара,202408,591958.3095338633,9.0,147779
5590,Киа,202402,1355839.449014624,35.0,166091
5591,Мерседес-Бенц,202402,4832273.3605339695,14.0,228842
5592,Киа,202409,2022130.7973389796,,123247
5593,Лада Самара,202412,481214.214006354,2.0,124803
5594,Киа,202311,2598344.102004413,48.0,160809
5595,Lada,202306,887752.5281468609,36.0,137247
5596,Киа,202303,2173664.2211007182,37.0,146752
5597,Киа,202401,1520683.4110059915,6.0,161622
5598,Lada,202401,962184.778485014,42.0,164770
5599,Лада Самара,202401,403369.3099953966,9.0,113077
5600,Лада Самара,202501,483255.0038154107,12.0,155862
5601,Мерседес-Бенц,202411,8599409.816366984,71.0,202609
5602,Жигули,202306,382462.1661269118,51.0,124694
5603,Лада Самара,202403,567602.6280500162,6.0,130745
5604,Lada,202407,910683.6850216078,10.0,119948
5605,Лада Самара,202310,516288.3383104002,41.0,138512
5606,Киа,202401,1928901.1254173547,0.0,148470
5607,Mercedes,202405,4363860.761255934,49.0,216273
5608,Мерседес-Бенц,202409,5354227.744411769,36.0,168375
5609,Жигули,202307,397415.7136751114,11.0,122877
5610,Киа,202401,2846581.863187524,7.0,168918
5611,Мерседес-Бенц,202409,5971065.796027735,40.0,206073
5612,Жигули,202305,356532.52680508443,41.0,116021
5613,Мерседес-Бенц,202306,5301178.417940954,11.0,222608
5614,Лада Самара,202310,687192.4514277541,36.0,133320
5615,Жигули,202409,616175.2562554717,14.0,117240
5616,Киа,202303,2443120.882594246,19.0,148968
5617,Мерседес-Бенц,202308,6066578.240719973,33.0,199744
5618,Lada,202311,993382.0908188935,10.0,133185
5619,Киа,202311,1656261.1383728606,1.0,149411
5620,Лада Самара,202404,447577.60034766403,2.0,146971
5621,Киа,202306,2735897.382443324,8.0,120684
5622,Жигули,202407,346483.129281126,11.0,115289
5623,Киа,202308,2207564.6734428066,22.0,174152
5624,Киа,202301,2340500.5837929226,37.0,146810
5625,Киа,202405,2725848.1047266317,3.0,165308
5626,Киа,202403,2944848.3713979037,1.0,148344
5627,Киа,202407,3407437.051823467,31.0,175756
5628,Лада Самара,202311,198301.85437685146,50.0,139223
5629,Lada,202310,1006401.4797222025,0.0,142778
5630,Жигули,202307,375531.3122548226,14.0,125293
5631,Lada,202409,585627.9191787041,18.0,151140
5632,Мерседес-Бенц,202501,3895330.5993061513,23.0,245536
5633,Мерседес-Бенц,202406,5543369.408264988,18.0,220843
5634,Мерседес-Бенц,202407,6847584.127042278,2.0,220231
5635,Киа,202402,1132736.285401665,4.0,138629
5636,Мерседес-Бенц,202311,6552119.791149215,57.0,209225
5637,Киа,202304,2174993.5018292395,92.0,135278
5638,Мерседес-Бенц,202308,6088824.103833955,7.0,214587
5639,Лада Самара,202410,340961.4030188557,98.0,148668
5640,Киа,202406,2328822.685883083,,136461
5641,Лада Самара,202301,347880.0840759807,5.0,157643
5642,Киа,202312,1673032.4601109552,10.0,144242
5643,Киа,202307,2344857.579032674,2.0,161895
5644,Лада Самара,202308,563012.569815185,36.0,132361
5645,Киа,202403,2455375.5266065397,76.0,150311
5646,Жигули,202409,416995.71309053694,6.0,91135
5647,Жигули,202406,284431.8911018938,39.0,122614
5648,Мерседес-Бенц,202404,7320897.177878403,19.0,185787
5649,Lada,202406,594323.8513385277,5.0,143665
5650,Мерседес-Бенц,202411,4069773.0171351493,41.0,192083
5651,Мерседес-Бенц,202403,5920993.693801276,50.0,196218
5652,Lada,202302,792396.1977238861,13.0,134928
5653,Lada,202301,651128.1560177945,8.0,146386
5654,Мерседес-Бенц,202307,7109256.9668334,31.0,211268
5655,Жигули,202308,438505.271796675,116.0,119654
5656,Lada,202412,719753.1630001299,34.0,144079
5657,Мерседес-Бенц,202312,4653487.615236525,31.0,214533
5658,Киа,202301,1993734.5167599719,48.0,146408
5659,Киа,202308,1444307.1632997813,21.0,120640
5660,Лада Самара,202401,351736.74640426255,-100.0,153637
5661,Lada,202309,826057.3824904034,1.0,122473
5662,Киа,202406,1533228.0010830609,1.0,155869
5663,Жигули,202405,246576.11842621505,3.0,124850
5664,Лада Самара,202411,319746.8602012342,34.0,118407
5665,Киа,202406,1590458.6595950457,55.0,144896
5666,Lada,202404,696098.2723096434,19.0,115048
5667,Лада Самара,202408,502848.2682402778,71.0,118817
5668,Киа,202310,1896250.8103913835,49.0,149538
5669,Лада Самара,202309,349956.24491261493,27.0,141592
5670,Жигули,202312,361050.22068130056,1.0,133545
5671,Лада Самара,202309,445391.4785542945,29.0,134469
5672,Лада Самара,202404,462316.5475111976,54.0,121271
5673,Жигули,202305,370431.2819522895,15.0,122266
5674,Мерседес-Бенц,202408,6137344.613434514,59.0,207981
5675,Киа,202403,1582331.2673627352,45.0,151188
5676,Лада Самара,202403,264136.4015420278,16.0,136520
5677,Киа,202401,1661420.6001649217,38.0,187825
5678,Киа,202310,2768758.492771768,5.0,157914
5679,Лада Самара,202403,477509.10553573986,71.0,117986
5680,Киа,202303,1854825.976459291,13.0,152121
5681,Киа,202303,1092081.8533360427,,130242
5682,Лада Самара,202308,561095.1219107133,14.0,141951
5683,Лада Самара,202310,415103.8714080074,65.0,136859
5684,Киа,202302,3200346.122484457,30.0,134677
5685,Жигули,202309,437953.5684983032,25.0,119050
5686,Киа,202408,2271064.22585616,4.0,147217
5687,Мерседес-Бенц,202401,4327538.614895359,1.0,237208
5688,Lada,202402,650269.6845523042,7.0,114129
5689,Жигули,202308,310693.15030463523,,125096
5690,Жигули,202304,403460.2759063053,15.0,123890
5691,Жигули,202301,357884.61100404244,6.0,116264
5692,Lada,202501,1227517.6551270103,47.0,133296
5693,Лада Самара,202411,404847.65556609136,-100.0,120560
5694,Lada,202311,993487.6255001246,7.0,139500
5695,Киа,202311,1575254.4239355393,0.0,134722
5696,Лада Самара,202410,631964.0921626474,52.0,129114
5697,Мерседес-Бенц,202402,4392292.672494741,14.0,222729
5698,Киа,202403,2040516.1352683634,23.0,163353
5699,Lada,202312,1135907.2883880988,4.0,150164
5700,Лада Самара,202405,378681.165201374,4.0,124998
5701,Жигули,202404,332670.21946617356,8.0,141932
5702,Киа,202302,1580065.9553903285,14.0,136117
5703,Жигули,202409,357655.07926168904,9.0,114370
5704,Лада Самара,202411,473788.5273599177,19.0,111333
5705,Киа,202403,3229352.291059648,0.0,123998
5706,Лада Самара,202411,386017.8982130909,1.0,146698
5707,Мерседес-Бенц,202307,7468749.338457463,12.0,187625
5708,Жигули,202312,262588.790296527,32.0,127237
5709,Киа,202409,2494588.698306468,0.0,118575
5710,Lada,202302,1013790.4029709449,5.0,131912
5711,Киа,202312,3043730.3614053307,43.0,114114
5712,Киа,202407,1316855.9080765732,36.0,140066
5713,Mercedes,202408,4147184.4397466755,3.0,233181
5714,Мерседес-Бенц,202306,6769129.373093362,7.0,223126
5715,Lada,202307,1642230.5616512613,62.0,145519
5716,Жигули,202312,289593.3110220809,77.0,149205
5717,Киа,202412,2519352.310649621,3.0,143729
5718,Lada,202303,958444.3292582241,26.0,140977
5719,Лада Самара,202307,434671.0383468848,4.0,132879
5720,Мерседес-Бенц,202305,6065246.796286079,14.0,230469
5721,Киа,202411,1245271.0573896922,20.0,157016
5722,Жигули,202309,511149.70887910144,57.0,125015
5723,Мерседес-Бенц,202402,6906924.14784569,9.0,245840
5724,Киа,202402,1760833.8826787442,4.0,136323
5725,Киа,202301,2179621.5639469945,29.0,164263
5726,Мерседес-Бенц,202312,5791929.61012927,32.0,208505
5727,Лада Самара,202404,326843.93895276944,8.0,112298
5728,Lada,202411,759421.2894755402,57.0,136057
5729,Киа,202406,1721143.5997605172,64.0,166669
5730,Жигули,202410,449781.0792413554,6.0,119800
5731,Lada,202409,687899.326854906,5.0,118311
5732,Жигули,202311,603619.6496375207,23.0,122732
5733,Киа,202310,2055938.3715817172,77.0,122767
5734,Жигули,202307,433624.71212540905,18.0,132497
5735,Лада Самара,202412,300872.4625960087,8.0,117363
5736,Киа,202501,1648127.830573648,1.0,155484
5737,Жигули,202309,478017.9630044949,8.0,123089
5738,Жигули,202402,194067.26942400026,17.0,98764
5739,Киа,202308,1643423.3359158325,51.0,148902
5740,Лада Самара,202305,415766.8967227471,50.0,131813
5741,Лада Самара,202305,580676.872895272,28.0,124509
5742,Лада Самара,202310,453033.8342101468,28.0,146312
5743,Lada,202304,1044312.0262090706,17.0,110242
5744,Киа,202304,2267799.2177441553,0.0,125481
5745,Киа,202304,1962470.1267833395,19.0,148515
5746,Lada,202405,1038864.175393438,33.0,162981
5747,Lada,202305,1299151.1590910242,8.0,150788
5748,Лада Самара,202302,450750.0360920337,19.0,128359
5749,Жигули,202310,290633.0742553777,1.0,108527
5750,Лада Самара,202307,221833.76374556657,17.0,152948
5751,Киа,202409,2156393.6752627753,32.0,167001
5752,Киа,202312,3008210.8199031907,4.0,145977
5753,Лада Самара,202304,258305.84962316244,0.0,137013
5754,Киа,202402,1914023.992072058,16.0,168609
5755,Киа,202410,3126955.6632285872,2.0,139046
5756,Лада Самара,202403,244980.9707667454,4.0,135307
5757,Киа,202403,2609001.1926769656,42.0,128611
5758,Мерседес-Бенц,202304,5303864.199773146,21.0,217752
5759,Лада Самара,202401,370044.1453199548,1.0,131851
5760,Киа,202309,1717526.0895577476,9.0,143883
5761,Киа,202404,2763162.77790779,56.0,137816
5762,Лада Самара,202305,460392.7262877253,38.0,121610
5763,Жигули,202305,416436.79896779713,,139136
5764,Киа,202306,2121062.9420030457,8.0,168426
5765,Жигули,202305,386670.39210777543,60.0,160427
5766,Лада Самара,202302,227518.8091736578,34.0,119557
5767,Lada,202301,700932.9605079874,115.0,140655
5768,Lada,202311,723730.5452980755,5.0,126270
5769,Киа,202403,2245745.1087027695,4.0,131277
5770,Lada,202405,713957.9625373164,-100.0,143559
5771,Жигули,202402,424120.5792637962,22.0,144487
5772,Жигули,202302,447618.901891097,15.0,123544
5773,Лада Самара,202306,511117.083211527,68.0,145885
5774,Лада Самара,202303,537873.3905164675,5.0,154785
5775,Киа,202405,2292618.2364142598,26.0,146192
5776,Лада Самара,202410,379862.0224325367,16.0,124736
5777,Лада Самара,202405,309206.7637224159,-100.0,152867
5778,Lada,202301,760989.8002216805,13.0,129184
5779,Лада Самара,202501,343128.79682767444,2.0,154376
5780,Лада Самара,202412,367437.0933921504,9.0,137679
5781,Мерседес-Бенц,202302,7016407.090534595,6.0,207822
5782,Лада Самара,202310,773154.9595931763,39.0,146330
5783,Жигули,202308,723781.7508789389,10.0,115199
5784,Жигули,202404,421104.98558457004,40.0,118201
5785,Мерседес-Бенц,202411,5286582.583034363,7.0,185644
5786,Лада Самара,202306,392575.3707390545,30.0,123449
5787,Киа,202307,1232517.007408618,72.0,139442
5788,Киа,202312,1722099.7666082266,38.0,159054
5789,Лада Самара,202406,407810.6044831938,39.0,134840
5790,Мерседес-Бенц,202304,7661688.957864009,18.0,206711
5791,Киа,202410,2141425.0184430936,31.0,138676
5792,Жигули,202309,465480.070562177,5.0,137231
5793,Киа,202501,2641106.6479945155,13.0,177299
5794,Киа,202411,1804419.0986565673,70.0,151420
5795,Киа,202404,1968366.922742456,9.0,150659
5796,Жигули,202409,384718.8889499152,27.0,137000
5797,Лада Самара,202312,446097.4657226128,132.0,156444
5798,Лада Самара,202401,721770.0806692844,35.0,148104
5799,Lada,202305,695635.7935383281,76.0,151910
5800,Lada,202501,1125869.5455306545,74.0,124547
5801,Мерседес-Бенц,202305,5721362.412291743,11.0,190529
5802,Лада Самара,202401,570710.7176464649,0.0,153820
5803,Жигули,202412,629977.49915255,53.0,124415
5804,Киа,202501,2055283.642213575,16.0,150834
5805,Киа,202411,2526872.7455302086,26.0,175057
5806,Mercedes,202406,6825350.4566799365,15.0,213708
5807,Лада Самара,202406,302164.08503753337,30.0,141796
5808,Lada,202301,1022103.9901468226,50.0,166810
5809,Мерседес-Бенц,202310,4225462.452834033,16.0,194373
5810,Киа,202406,2110502.2631174247,59.0,133506
5811,Мерседес-Бенц,202301,6434860.995911181,4.0,183961
5812,Киа,202312,2453737.1125872643,45.0,146601
5813,Киа,202408,1785054.2961983182,15.0,139574
5814,Мерседес-Бенц,202407,7269366.10559687,13.0,214164
5815,Мерседес-Бенц,202402,4992364.468346777,-100.0,206742
5816,Киа,202410,3065949.745552842,16.0,181427
5817,Киа,202403,3048278.8059513806,4.0,147991
5818,Киа,202411,1993978.0912745504,107.0,159866
5819,Лада Самара,202411,567444.69520503,20.0,136684
5820,Мерседес-Бенц,202411,6851230.6426442815,29.0,223059
5821,Лада Самара,202407,458041.6241946682,5.0,122789
5822,Лада Самара,202405,520598.14040155784,24.0,130418
5823,Жигули,202302,412680.92416007526,41.0,140183
5824,Киа,202405,2819987.753814627,21.0,163835
5825,Лада Самара,202407,336806.30694810714,20.0,149408
5826,Lada,202308,1128239.099410079,6.0,129613
5827,Жигули,202404,408276.66804588033,35.0,143031
5828,Лада Самара,202309,363952.0196210797,14.0,126742
5829,Жигули,202409,361801.49344929797,-100.0,113877
5830,Киа,202406,2481732.998817819,5.0,148110
5831,Жигули,202402,409356.12175043544,29.0,141195
5832,Жигули,202405,287410.2146466807,5.0,112191
5833,Киа,202310,1609904.2853537432,32.0,133738
5834,Киа,202409,2460193.078781817,17.0,172983
5835,Lada,202406,803703.989978243,49.0,128211
5836,Lada,202403,1143122.3208811039,41.0,154249
5837,Жигули,202501,448932.24573726795,89.0,116016
5838,Киа,202303,2670960.62742555,2.0,144169
5839,Lada,202309,706248.4866001895,3.0,155684
5840,Мерседес-Бенц,202410,9799019.566809952,9.0,235830
5841,Киа,202501,2748612.838890487,22.0,177034
5842,Lada,202304,1272647.286918834,9.0,129690
5843,Лада Самара,202409,376656.03233724996,13.0,138810
5844,Киа,202310,3230931.301374701,46.0,161838
5845,Киа,202309,1962151.0061862888,11.0,161567
5846,Мерседес-Бенц,202312,6203793.389377686,11.0,206720
5847,Жигули,202310,373219.5672442323,30.0,142961
5848,Жигули,202411,278237.3405071498,10.0,107120
5849,Лада Самара,202308,301886.69809006096,0.0,140908
5850,Мерседес-Бенц,202407,5845155.309105357,69.0,214776
5851,Мерседес-Бенц,202405,5819967.514733574,21.0,278767
5852,Киа,202404,2871824.274221824,7.0,149581
5853,Мерседес-Бенц,202310,6051195.866735996,28.0,185399
5854,Киа,202401,1887389.7933976839,6.0,146824
5855,Киа,202307,3334426.9783535823,10.0,136648
5856,Lada,202307,1539413.5526755652,25.0,156321
5857,Мерседес-Бенц,202405,4210742.405504676,28.0,200207
5858,Лада Самара,202306,495755.49631069094,-100.0,135833
5859,Киа,202312,1422678.195503288,23.0,151566
5860,Киа,202410,1904582.2854416678,3.0,135811
5861,Киа,202310,1747487.8927161384,55.0,142662
5862,Жигули,202306,236288.56349602342,14.0,105448
5863,Lada,202310,959468.4648538032,23.0,111085
5864,Лада Самара,202303,578610.01690309,0.0,124644
5865,Мерседес-Бенц,202304,6188379.42015289,12.0,195267
5866,Киа,202312,1585945.377620444,0.0,127678
5867,Киа,202408,1632858.540937135,36.0,159846
5868,Киа,202305,2736471.9064632156,7.0,163794
5869,Киа,202407,2588453.9501924776,2.0,152733
5870,Lada,202406,648232.1316855885,14.0,136807
5871,Киа,202305,1489151.5166054878,1.0,173284
5872,Mercedes,202411,4583866.955995129,28.0,219785
5873,Lada,202410,807774.2674050677,29.0,151394
5874,Мерседес-Бенц,202303,7660247.655879716,10.0,269995
5875,Мерседес-Бенц,202301,5452485.799210233,5.0,225834
5876,Жигули,202403,441254.9800764178,0.0,103983
5877,Жигули,202405,450642.8396145936,19.0,111904
5878,Лада Самара,202312,465414.8436281269,59.0,123478
5879,Жигули,202501,404939.18951046653,48.0,130404
5880,Жигули,202305,378531.72582045913,21.0,112052
5881,Киа,202307,1722214.069873694,30.0,154374
5882,Киа,202401,1780489.3805085411,31.0,126452
5883,Жигули,202303,334872.4099456462,2.0,142231
5884,Жигули,202411,315566.64870806405,13.0,118298
5885,Мерседес-Бенц,202412,6737916.47571371,14.0,218925
5886,Киа,202404,3027800.039422453,46.0,146291
5887,Мерседес-Бенц,202405,7824153.91478216,48.0,192597
5888,Lada,202402,793252.8879047681,17.0,153530
5889,Киа,202309,1589721.9935448996,16.0,150876
5890,Мерседес-Бенц,202404,5184490.725825893,43.0,187382
5891,Киа,202304,2174604.935637382,15.0,158415
5892,Lada,202410,661368.3637256569,3.0,143322
5893,Мерседес-Бенц,202406,4852548.922560942,58.0,206513
5894,Жигули,202402,189045.0971287984,1.0,101360
5895,Жигули,202412,370276.83773801103,19.0,140980
5896,Лада Самара,202405,434334.4037582343,52.0,149892
5897,Жигули,202308,406508.6008648363,14.0,112408
5898,Lada,202302,759204.9735248293,26.0,131415
5899,Мерседес-Бенц,202409,4612830.038906151,19.0,206184
5900,Lada,202304,624740.690818712,5.0,151555
5901,Lada,202304,697231.6464426103,35.0,142936
5902,Киа,202305,3166643.243717544,24.0,172866
5903,Киа,202405,3172451.026133519,3.0,143440
5904,Мерседес-Бенц,202310,7887302.684457718,35.0,232641
5905,Мерседес-Бенц,202307,7108505.999011948,24.0,230292
5906,Лада Самара,202310,567125.1918521789,11.0,142544
5907,Lada,202302,928577.9421493054,2.0,111602
5908,Мерседес-Бенц,202403,7308101.377938695,28.0,222354
5909,Lada,202407,914300.2471760763,5.0,136446
5910,Киа,202401,2074479.5349908513,52.0,204279
5911,Киа,202405,1979068.3190230436,70.0,162726
5912,Lada,202305,1196891.0909211002,40.0,128164
5913,Lada,202308,608896.9158870677,26.0,146374
5914,Жигули,202306,208824.57502384807,13.0,114403
5915,Лада Самара,202405,373668.8669506322,21.0,134981
5916,Киа,202401,2179676.370191882,11.0,129530
5917,Мерседес-Бенц,202309,5150367.952222181,72.0,226768
5918,Киа,202301,2420018.3597499975,4.0,129472
5919,Жигули,202407,557978.0303212971,10.0,125396
5920,Киа,202410,2377424.434417848,108.0,148907
5921,Лада Самара,202304,423737.3950263449,40.0,133819
5922,Жигули,202402,231910.94748223797,15.0,126947
5923,Киа,202308,1243393.9758522674,13.0,132412
5924,Lada,202310,846681.0214023922,5.0,149180
5925,Лада Самара,202306,465898.98261051683,8.0,128695
5926,Мерседес-Бенц,202312,8138552.163161961,5.0,231937
5927,Жигули,202306,469265.1455196992,15.0,109305
5928,Лада Самара,202310,524586.9269863992,32.0,138130
5929,Киа,202312,1575119.1919658442,5.0,147439
5930,Lada,202306,991562.2537275252,15.0,152703
5931,Киа,202407,2567250.6967281154,25.0,174977
5932,Киа,202411,1818908.4580744486,36.0,170965
5933,Лада Самара,202305,274978.4038745036,2.0,141749
5934,Киа,202406,2682129.7655039732,8.0,140476
5935,Киа,202411,2268645.023689044,18.0,152345
5936,Lada,202312,829425.6760662148,54.0,155894
5937,Мерседес-Бенц,202411,6096357.749704663,-100.0,196735
5938,Жигули,202408,462662.2397427332,8.0,119532
5939,Лада Самара,202306,758747.6189589682,32.0,107390
5940,Жигули,202304,210905.90774542204,13.0,108126
5941,Киа,202312,2770262.809213989,6.0,145457
5942,Киа,202409,2351567.82675109,2.0,148479
5943,Лада Самара,202411,391019.4267226387,36.0,142419
5944,Lada,202310,1246384.072447015,7.0,108600
5945,Lada,202401,697509.1872424943,5.0,166202
5946,Жигули,202402,415619.69790197315,3.0,115953
5947,Мерседес-Бенц,202301,5758868.151605233,23.0,201191
5948,Жигули,202401,260319.26736488182,26.0,109802
5949,Lada,202305,622667.0324961359,42.0,118410
5950,Lada,202310,685380.0439382297,72.0,151228
5951,Киа,202312,3013037.0565682626,65.0,161305
5952,Киа,202409,2093491.6461730993,19.0,153155
5953,Киа,202407,1813919.9046800134,53.0,155298
5954,Киа,202402,2154621.594282701,3.0,152088
5955,Лада Самара,202406,346831.2722002804,18.0,141571
5956,Мерседес-Бенц,202411,5849889.043712506,31.0,195871
5957,Lada,202401,725433.4481204352,7.0,142229
5958,Мерседес-Бенц,202310,4041385.737734654,4.0,199944
5959,Lada,202306,1320395.5694802748,33.0,120322
5960,Киа,202304,1431860.303652098,22.0,159134
5961,Киа,202501,3116509.9888906963,14.0,135386
5962,Мерседес-Бенц,202412,3299823.6772075016,3.0,178138
5963,Киа,202302,2627077.7643074635,27.0,166960
5964,Жигули,202301,254211.43870584868,3.0,109709
5965,Киа,202404,2095006.5448441424,36.0,136995
5966,Киа,202411,2948019.8653958016,52.0,145011
5967,Киа,202311,2762512.0168598546,32.0,140045
5968,Лада Самара,202402,570731.21794313,12.0,170337
5969,Лада Самара,202303,713419.2032307433,3.0,132086
5970,Lada,202306,816851.6040068645,9.0,143344
5971,Киа,202411,2812826.5131974933,7.0,168630
5972,Лада Самара,202411,510210.4818678788,9.0,136481
5973,Киа,202405,2294778.2124105636,16.0,171482
5974,Киа,202407,2072214.3504565516,60.0,166071
5975,Жигули,202404,332625.350989094,24.0,129273
5976,Lada,202303,886372.0359277123,62.0,139848
5977,Жигули,202307,366770.3837063712,-100.0,136223
5978,Мерседес-Бенц,202307,3913260.593972753,-100.0,165008
5979,Лада Самара,202401,667112.5740079813,17.0,134228
5980,Киа,202406,2062474.36203379,69.0,149777
5981,Киа,202308,2308266.7548908615,38.0,152831
5982,Киа,202408,3599878.505505585,5.0,167442
5983,Lada,202501,705074.4343278958,39.0,135013
5984,Киа,202411,1969400.2417867756,3.0,135559
5985,Жигули,202409,264257.96126806433,7.0,95262
5986,Lada,202407,1110833.3821099186,27.0,134956
5987,Lada,202407,658975.6118267581,22.0,149466
5988,Lada,202303,1395794.0554443276,45.0,136192
5989,Лада Самара,202406,323808.647523731,23.0,137711
5990,Киа,202310,2171148.648764978,13.0,149517
5991,Lada,202310,704607.510643221,17.0,144542
5992,Лада Самара,202301,628366.2388464338,63.0,141429
5993,Киа,202401,2154311.9260879485,23.0,151165
5994,Мерседес-Бенц,202303,5197355.483968683,7.0,175742
5995,Жигули,202303,388237.89018795616,8.0,110985
5996,Lada,202304,889832.8214584305,12.0,136830
5997,Жигули,202402,634581.2382727562,5.0,134859
5998,Мерседес-Бенц,202304,8515682.487492768,-100.0,208817
5999,Киа,202410,2025534.0133574659,32.0,154570
6000,Киа,202412,2236518.7886838084,58.0,146218
6001,Мерседес-Бенц,202305,8515591.161030117,30.0,208687
6002,Лада Самара,202307,450713.3005703318,8.0,137349
6003,Киа,202410,2877309.2079257104,6.0,160925
6004,Lada,202306,859824.416568936,5.0,112629
6005,Жигули,202410,356103.4399606227,8.0,109463
6006,Жигули,202409,269232.96535739093,14.0,122211
6007,Лада Самара,202309,383159.37661554036,4.0,140741
6008,Жигули,202309,394936.43618364696,79.0,110848
6009,Lada,202406,846487.5449863732,7.0,112692
6010,Lada,202307,871475.5664692053,36.0,151618
6011,Лада Самара,202309,378253.44837825577,4.0,131914
6012,Жигули,202301,338471.9901173938,21.0,122106
6013,Мерседес-Бенц,202308,5757724.22358068,0.0,189455
6014,Лада Самара,202412,495366.9412957559,27.0,116029
6015,Лада Самара,202411,549202.9484840309,7.0,147200
6016,Lada,202307,652646.9815902131,133.0,155809
6017,Lada,202405,813692.3885664006,12.0,145227
6018,Киа,202402,2196766.4291564017,15.0,133154
6019,Лада Самара,202304,484047.5270282163,33.0,129116
6020,Lada,202306,928018.4982378449,2.0,107732
6021,Киа,202308,2090452.3391520677,24.0,165374
6022,Киа,202302,2598921.2885474437,3.0,176795
6023,Мерседес-Бенц,202401,3650296.2118314444,16.0,188867
6024,Киа,202412,2585282.917727686,8.0,174043
6025,Киа,202410,2001486.2765529808,2.0,150280
6026,Жигули,202412,411837.79463747214,0.0,106717
6027,Жигули,202402,514287.5126180037,37.0,107271
6028,Жигули,202404,272168.9066605186,6.0,106521
6029,Mercedes,202404,7002748.375650047,66.0,226319
6030,Мерседес-Бенц,202402,5067798.24759183,35.0,201554
6031,Lada,202310,711753.3703864799,22.0,119038
6032,Жигули,202410,424218.31093288,7.0,135641
6033,Лада Самара,202305,315067.73306589935,3.0,148312
6034,Лада Самара,202412,408112.5663260253,32.0,118448
6035,Лада Самара,202412,314651.61992889544,44.0,143785
6036,Киа,202303,2865323.6209654496,30.0,162224
6037,Lada,202301,840548.3018620219,4.0,152701
6038,Жигули,202411,495608.87251675536,10.0,102096
6039,Киа,202412,2440704.626010254,8.0,140402
6040,Киа,202309,1329651.3863659843,15.0,131928
6041,Киа,202302,1204653.0701274858,12.0,149043
6042,Lada,202305,725274.5263424694,71.0,133560
6043,Жигули,202309,448350.8921735359,47.0,113519
6044,Лада Самара,202312,343383.1522837502,16.0,190236
6045,Lada,202310,989972.0874900209,32.0,122313
6046,Лада Самара,202408,457532.66829515435,21.0,127125
6047,Lada,202409,761537.9158736947,33.0,151968
6048,Lada,202306,718114.9370351204,20.0,133834
6049,Жигули,202407,308932.19778024167,20.0,120998
6050,Жигули,202308,599129.1347217433,6.0,125629
6051,Жигули,202309,444317.9905564928,65.0,139897
6052,Киа,202308,2463174.6586295757,15.0,158338
6053,Лада Самара,202410,445062.79394218884,32.0,120499
6054,Мерседес-Бенц,202402,4972104.319736198,26.0,195394
6055,Lada,202303,628928.0104927721,44.0,147271
6056,Лада Самара,202308,474043.508686723,0.0,119765
6057,Жигули,202305,386440.381332226,37.0,130589
6058,Мерседес-Бенц,202303,4070936.957037969,24.0,217333
6059,Киа,202308,1906059.422159587,27.0,136566
6060,Киа,202301,1532070.8246866148,24.0,156180
6061,Жигули,202406,365996.607071115,10.0,116569
6062,Жигули,202411,453332.13130419725,14.0,105042
6063,Лада Самара,202404,244546.28287141453,32.0,122964
6064,Лада Самара,202408,328451.854403724,20.0,134503
6065,Lada,202311,718537.5295011239,5.0,126114
6066,Лада Самара,202308,489637.3287924296,5.0,137909
6067,Киа,202411,2594201.8175375964,12.0,141670
6068,Киа,202310,3935140.4387808857,23.0,187032
6069,Мерседес-Бенц,202405,4670831.252071918,1.0,185926
6070,Жигули,202402,403350.8537378946,7.0,131804
6071,Мерседес-Бенц,202311,5287676.317228261,14.0,195445
6072,Lada,202303,757004.7112777128,65.0,147097
6073,Лада Самара,202405,444489.0476307581,16.0,127987
6074,Жигули,202405,367558.56759753154,46.0,161169
6075,Lada,202409,640394.7574091222,1.0,118088
6076,Киа,202501,2526183.7964030514,1.0,141715
6077,Киа,202411,1966017.6320808278,17.0,162395
6078,Киа,202311,1971617.6797472415,1.0,130492
6079,Жигули,202311,398364.30183466896,64.0,136142
6080,Lada,202302,1444842.560867475,62.0,178622
6081,Жигули,202310,394755.25638887397,5.0,108276
6082,Жигули,202407,324003.57227683,38.0,124711
6083,Мерседес-Бенц,202307,5119174.066411329,-100.0,213678
6084,Киа,202308,1689865.7948208954,36.0,134409
6085,Жигули,202305,464018.2575046996,43.0,112253
6086,Жигули,202409,352355.29780117807,9.0,95275
6087,Киа,202306,2026844.1569713617,46.0,150502
6088,Lada,202406,549879.3650447557,4.0,134800
6089,Киа,202309,1961325.5259103766,1.0,148854
6090,Lada,202306,982292.230995546,10.0,145452
6091,Киа,202409,1600661.075112428,4.0,165478
6092,Киа,202409,1990908.7409121878,15.0,149557
6093,Lada,202308,445007.2113430435,34.0,131933
6094,Lada,202307,543362.9246748757,1.0,137628
6095,Киа,202303,1917608.6769375557,21.0,185827
6096,Жигули,202411,438138.0828446004,40.0,104954
6097,Киа,202305,2197842.047394373,1.0,127017
6098,Киа,202410,2492929.5886413027,9.0,134185
6099,Жигули,202405,466909.926094476,11.0,107477
6100,Киа,202406,1823861.6703947783,11.0,124251
6101,Киа,202311,2433631.8529388146,16.0,148639
6102,Киа,202310,2502746.9644655087,15.0,128115
6103,Киа,202305,1329207.95044431,5.0,156771
6104,Lada,202406,710505.4769176252,7.0,152081
6105,Жигули,202405,526895.2432398563,-100.0,107984
6106,Лада Самара,202401,308104.4724784266,29.0,130123
6107,Жигули,202309,384470.13450487773,40.0,123456
6108,Киа,202305,2036334.9763217121,10.0,171252
6109,Lada,202312,1139419.7367126402,6.0,131438
6110,Киа,202304,2191855.875794588,60.0,142520
6111,Лада Самара,202309,564719.3751292849,15.0,145207
6112,Лада Самара,202408,415149.83783121046,10.0,122321
6113,Киа,202405,2577438.643854364,5.0,139200
6114,Лада Самара,202305,528571.9456531105,72.0,143471
6115,Киа,202403,1604982.909308338,31.0,157343
6116,Киа,202307,2403278.546015071,44.0,138873
6117,Жигули,202412,260886.72370997482,37.0,127321
6118,Киа,202408,2443070.905115369,3.0,133365
6119,Lada,202308,1008650.1954163341,9.0,122611
6120,Киа,202407,2720083.326713608,37.0,140676
6121,Жигули,202404,539199.4351536407,101.0,122282
6122,Жигули,202309,289960.99515187246,27.0,124977
6123,Киа,202406,2111933.821250826,101.0,147818
6124,Mercedes,202301,3979055.9439832876,10.0,243400
6125,Лада Самара,202311,531473.8124900102,9.0,136288
6126,Киа,202406,3751813.404299678,124.0,157706
6127,Киа,202302,1957055.1523295555,64.0,160291
6128,Киа,202412,1644277.5760870378,29.0,169696
6129,Lada,202301,817429.685222543,20.0,142561
6130,Лада Самара,202405,482947.9400790565,28.0,152448
6131,Лада Самара,202304,414854.5081653172,71.0,147771
6132,Лада Самара,202306,363731.2425651641,26.0,133834
6133,Киа,202311,1716578.5622573534,59.0,147492
6134,Жигули,202306,280701.96089074825,0.0,127712
6135,Киа,202410,2018749.1507767958,9.0,160374
6136,Lada,202403,636858.4901760946,4.0,125105
6137,Lada,202302,619967.0111273362,15.0,125042
6138,Киа,202306,1525498.5874249346,6.0,147758
6139,Мерседес-Бенц,202407,4883684.476838446,2.0,219809
6140,Лада Самара,202402,490319.9200825156,5.0,119227
6141,Жигули,202308,302180.9895317027,2.0,109375
6142,Киа,202305,2101234.5497770277,22.0,148314
6143,Мерседес-Бенц,202310,3592889.8587387274,62.0,215354
6144,Лада Самара,202410,561655.8911003963,15.0,104674
6145,Лада Самара,202303,259632.2999911747,11.0,124297
6146,Lada,202411,1067992.4656098143,1.0,123655
6147,Киа,202411,2552144.762186917,1.0,132945
6148,Жигули,202306,430018.4840290409,3.0,123364
6149,Жигули,202306,717055.85627054,26.0,107663
6150,Жигули,202412,602864.3917661483,7.0,123305
6151,Лада Самара,202307,306515.5080487107,95.0,116020
6152,Жигули,202412,315502.066890827,28.0,115601
6153,Лада Самара,202311,487327.6714988233,5.0,119360
6154,Киа,202501,1322096.5046891966,34.0,144384
6155,Мерседес-Бенц,202301,5811150.981111128,21.0,207166
6156,Мерседес-Бенц,202401,6695780.745722608,23.0,212062
6157,Lada,202501,1104073.6959594989,157.0,133159
6158,Лада Самара,202406,474680.4838589119,33.0,141338
6159,Мерседес-Бенц,202301,6293069.743229435,39.0,228406
6160,Lada,202305,1599546.7529434448,14.0,117082
6161,Лада Самара,202306,573950.9789836719,31.0,135995
6162,Lada,202309,955760.9270387804,-100.0,120639
6163,Жигули,202306,378485.5375563824,54.0,126303
6164,Жигули,202310,471604.3842080373,128.0,99851
6165,Мерседес-Бенц,202408,4008171.184244951,6.0,175210
6166,Киа,202401,2617252.6039406024,47.0,154770
6167,Lada,202404,818063.8353453494,17.0,131996
6168,Жигули,202301,367287.62406794156,27.0,137167
6169,Lada,202403,1127617.875104124,18.0,150712
6170,Киа,202408,1441690.960373046,39.0,158341
6171,Лада Самара,202405,293324.2907195476,23.0,144564
6172,Лада Самара,202501,535733.6035215276,22.0,113721
6173,Мерседес-Бенц,202311,5454874.938229126,41.0,215988
6174,Киа,202412,2573281.230405646,20.0,138318
6175,Киа,202308,1596472.7184906288,30.0,165128
6176,Киа,202402,1858033.518997799,40.0,140826
6177,Lada,202309,1045381.9750256825,69.0,148649
6178,Киа,202402,1809914.6495479767,15.0,161496
6179,Мерседес-Бенц,202312,7217332.3667316465,7.0,205850
6180,Киа,202406,2210545.678676534,15.0,135278
6181,Жигули,202406,247288.84876345927,9.0,106978
6182,Мерседес-Бенц,202406,4003907.3755742805,33.0,232847
6183,Лада Самара,202403,500121.99067545874,12.0,146713
6184,Lada,202404,1049384.3416224183,1.0,118235
6185,Лада Самара,202305,365908.54571830726,43.0,119733
6186,Lada,202411,781322.9985635622,46.0,127107
6187,Lada,202402,847983.4305481418,20.0,166317
6188,Жигули,202404,442405.1653183729,19.0,135662
6189,Lada,202402,790207.0724989974,21.0,142980
6190,Жигули,202312,300074.9622781201,5.0,112437
6191,Киа,202307,1809499.7974466635,14.0,173013
6192,Киа,202405,1865011.858791453,19.0,153430
6193,Лада Самара,202401,520616.0889493187,0.0,105659
6194,Лада Самара,202410,321400.10347246786,11.0,106762
6195,Жигули,202308,285244.87452776986,0.0,131687
6196,Киа,202404,1837489.5890619338,42.0,138601
6197,Лада Самара,202303,433476.49881527113,19.0,113477
6198,Киа,202309,2871513.9349141703,1.0,168236
6199,Lada,202311,1081892.551946212,19.0,158506
6200,Lada,202405,858993.5701714838,44.0,142751
6201,Lada,202412,1220288.0039162207,31.0,108916
6202,Киа,202304,2098416.9833900384,14.0,134399
6203,Лада Самара,202308,563656.2238593916,20.0,127984
6204,Lada,202408,1222610.6472560917,10.0,158182
6205,Лада Самара,202303,493497.7688399604,4.0,139004
6206,Киа,202405,1957219.257471743,33.0,138340
6207,Киа,202409,1342859.1411577207,30.0,165675
6208,Жигули,202404,593113.8794493555,35.0,118438
6209,Киа,202405,2260007.1472436627,2.0,127254
6210,Лада Самара,202311,401281.4112110439,48.0,142447
6211,Lada,202309,1037004.3161352973,9.0,155095
6212,Жигули,202311,334638.61216918234,0.0,103700
6213,Мерседес-Бенц,202406,7309107.960872862,15.0,192338
6214,Киа,202307,1857860.5383319866,0.0,129772
6215,Мерседес-Бенц,202311,8705426.669182792,1.0,187798
6216,Жигули,202406,530985.385530961,19.0,121305
6217,Lada,202302,875180.1287407491,4.0,132230
6218,Мерседес-Бенц,202402,4986758.008293789,43.0,208742
6219,Lada,202310,1242255.0096881962,2.0,120654
6220,Киа,202403,2491795.9424066134,5.0,163260
6221,Лада Самара,202307,358014.7214671483,72.0,108136
6222,Лада Самара,202304,379090.7716413519,8.0,120008
6223,Киа,202302,1519768.9907852302,24.0,139005
6224,Lada,202305,942035.765670063,1.0,119489
6225,Жигули,202501,354573.2501440265,10.0,119398
6226,Лада Самара,202303,461016.5247437824,10.0,137501
6227,Mercedes,202405,3626895.9819764826,23.0,214939
6228,Киа,202312,1870050.5991570787,21.0,140779
6229,Киа,202410,1645280.108019713,5.0,133067
6230,Киа,202409,2440069.268338384,63.0,171637
6231,Лада Самара,202308,361935.31022755377,,129011
6232,Lada,202311,1294481.6500662623,76.0,122634
6233,Мерседес-Бенц,202302,5946065.404468262,29.0,202444
6234,Lada,202401,1097217.8754554552,8.0,122588
6235,Lada,202308,706126.722459697,22.0,131208
6236,Киа,202405,2127619.8220747295,91.0,169581
6237,Киа,202311,1900331.5765514406,1.0,167964
6238,Лада Самара,202409,699178.0985374273,25.0,136921
6239,Мерседес-Бенц,202402,4003192.1044719797,46.0,195053
6240,Киа,202310,2591563.1281796102,12.0,151203
6241,Киа,202407,1820390.0459818377,10.0,154041
6242,Жигули,202304,296667.82295780204,7.0,117691
6243,Lada,202306,888770.8192580574,63.0,146380
6244,Жигули,202307,332539.6548048316,,131192
6245,Жигули,202301,429792.8994116089,13.0,98799
6246,Лада Самара,202412,323150.67615952226,35.0,144736
6247,Мерседес-Бенц,202306,6620613.293029436,13.0,228773
6248,Lada,202307,602919.2853153138,60.0,155380
6249,Lada,202310,1326187.5655817345,166.0,140116
6250,Мерседес-Бенц,202410,6656179.684717428,8.0,255751
6251,Киа,202404,1340504.9845731591,39.0,145510
6252,Жигули,202310,457380.03969085525,0.0,96957
6253,Жигули,202304,282488.0880068542,27.0,104985
6254,Lada,202310,837140.4325596353,9.0,135326
6255,Lada,202310,784273.7644218768,3.0,141838
6256,Киа,202302,2608337.9925610893,30.0,142928
6257,Мерседес-Бенц,202406,5903081.933270975,3.0,246475
6258,Лада Самара,202305,373311.3742187646,4.0,117082
6259,Мерседес-Бенц,202404,5021843.696302877,4.0,141764
6260,Lada,202301,1100819.4617807167,38.0,167961
6261,Киа,202312,2634753.898100381,56.0,134852
6262,Киа,202412,948250.7518703302,63.0,138560
6263,Жигули,202306,296399.6069725174,4.0,126510
6264,Киа,202311,3878477.7242742274,41.0,149731
6265,Lada,202305,968095.8605114721,8.0,132116
6266,Киа,202307,2592541.2967424155,6.0,144353
6267,Lada,202311,803628.5470191773,53.0,125748
6268,Киа,202305,2828663.884265542,2.0,159196
6269,Лада Самара,202403,424118.66385604464,27.0,128901
6270,Жигули,202411,324613.0895889764,13.0,133303
6271,Киа,202408,2223212.79280995,2.0,147435
6272,Мерседес-Бенц,202401,6645566.548889766,36.0,188241
6273,Лада Самара,202405,706073.0123174724,5.0,125738
6274,Мерседес-Бенц,202402,6633787.703453738,2.0,200479
6275,Lada,202405,662604.5541253499,22.0,126281
6276,Лада Самара,202303,379527.41278561606,14.0,140156
6277,Lada,202406,581154.1163938347,36.0,140532
6278,Киа,202312,2493801.9427950084,21.0,131655
6279,Киа,202408,1716441.7342176936,22.0,159901
6280,Киа,202301,1514483.7931451576,6.0,159357
6281,Киа,202303,1745757.9159431104,19.0,145200
6282,Лада Самара,202301,423870.09062088927,24.0,121511
6283,Mercedes,202312,4581174.798022546,27.0,236020
6284,Lada,202404,797811.9314371139,19.0,128681
6285,Lada,202411,1569452.511164735,18.0,113951
6286,Lada,202402,950190.2794915306,26.0,133133
6287,Киа,202402,1534236.695332244,10.0,158037
6288,Lada,202411,1173848.9879992406,23.0,126038
6289,Лада Самара,202411,502986.6912026095,72.0,117411
6290,Киа,202405,2876746.759207792,22.0,146805
6291,Киа,202302,1938334.563384578,41.0,153976
6292,Киа,202312,1528870.832031214,2.0,156112
6293,Лада Самара,202301,520889.67948720255,0.0,143973
6294,Lada,202401,790269.1000603213,23.0,124426
6295,Киа,202404,1745966.8261802178,10.0,145837
6296,Киа,202302,2526810.3120710356,,150799
6297,Жигули,202409,387495.7626419224,3.0,115525
6298,Lada,202402,840497.9526592541,13.0,113753
6299,Lada,202403,682352.2973853424,34.0,133534
6300,Жигули,202408,408187.81776693213,12.0,142553
6301,Жигули,202402,419904.7547366708,21.0,112796
6302,Киа,202305,2282180.1752163256,77.0,148512
6303,Lada,202308,693799.4799121374,16.0,180715
6304,Киа,202303,1328810.217185385,115.0,165147
6305,Жигули,202311,346419.40748091874,3.0,110424
6306,Киа,202402,1654880.7470042587,24.0,134926
6307,Киа,202403,4149997.2688262374,5.0,140666
6308,Киа,202309,1848165.0823968565,1.0,121816
6309,Жигули,202411,452243.6267028866,6.0,113191
6310,Мерседес-Бенц,202303,3482366.552412732,23.0,229238
6311,Мерседес-Бенц,202312,6790491.605952518,23.0,223287
6312,Киа,202307,2537135.8574116467,4.0,141276
6313,Lada,202301,950444.7721949149,44.0,144835
6314,Жигули,202308,452209.37048190593,0.0,120658
6315,Жигули,202309,361837.6129387696,17.0,127886
6316,Киа,202302,2075991.0846084484,28.0,156898
6317,Lada,202309,957240.6844308643,10.0,124181
6318,Киа,202305,2124130.553027422,26.0,160264
6319,Жигули,202410,336463.0821785894,13.0,115247
6320,Lada,202310,623520.6845453642,38.0,134353
6321,Мерседес-Бенц,202407,6991992.414018793,8.0,219481
6322,Жигули,202410,459505.41134638543,10.0,137649
6323,Жигули,202311,303780.2371357376,2.0,111848
6324,Киа,202405,2424647.5748592927,6.0,153528
6325,Киа,202411,2004637.8050747395,43.0,145678
6326,Lada,202311,884582.6035554318,5.0,109351
6327,Lada,202307,724696.0555061934,72.0,156035
6328,Lada,202311,733211.929510103,14.0,140987
6329,Лада Самара,202411,585077.5718141035,36.0,124242
6330,Lada,202405,637752.0383991802,22.0,140548
6331,Киа,202405,2982039.0128465504,9.0,166484
6332,Жигули,202409,404979.7280917895,0.0,105641
6333,Киа,202410,1783446.0710827315,6.0,149041
6334,Киа,202401,2919255.2956148693,64.0,157060
6335,Киа,202405,1212931.066710023,0.0,124836
6336,Жигули,202308,409578.43514504534,2.0,111131
6337,Мерседес-Бенц,202409,5144072.660833833,16.0,209909
6338,Lada,202405,594837.7356382625,1.0,131408
6339,Киа,202305,2025277.8061338556,8.0,150179
6340,Lada,202402,1020338.7451271223,11.0,152316
6341,Мерседес-Бенц,202306,4165907.6355781658,34.0,232686
6342,Лада Самара,202312,608554.1677989755,28.0,140171
6343,Мерседес-Бенц,202410,8317355.393709135,9.0,186320
6344,Жигули,202408,617742.1821824666,9.0,128742
6345,Lada,202303,684604.0777605276,0.0,113033
6346,Киа,202311,2653884.2512161466,6.0,136678
6347,Мерседес-Бенц,202407,4743564.299226868,2.0,189077
6348,Лада Самара,202501,401857.4162953384,9.0,124394
6349,Лада Самара,202410,637324.3216324998,4.0,137232
6350,Жигули,202403,309098.40119411435,1.0,122200
6351,Киа,202412,2775865.027946061,10.0,133580
6352,Lada,202412,572816.0046794815,42.0,144105
6353,Жигули,202306,480480.4725791939,278.0,125173
6354,Киа,202411,2758202.3416314973,8.0,128106
6355,Мерседес-Бенц,202403,3879093.9457534067,12.0,254965
6356,Киа,202406,1895378.537332262,22.0,148721
6357,Киа,202310,2875507.9886534037,12.0,143302
6358,Киа,202302,2050508.81335979,3.0,137084
6359,Киа,202409,1229847.0915041692,14.0,138632
6360,Киа,202401,2052864.0080586488,6.0,152769
6361,Lada,202308,1221304.0017722766,9.0,122699
6362,Киа,202310,1679356.780098717,31.0,149654
6363,Lada,202301,681794.7141621478,32.0,121741
6364,Киа,202312,1039848.9810049175,33.0,170652
6365,Киа,202306,2837269.775618633,-100.0,155769
6366,Лада Самара,202312,389796.82319083146,0.0,116951
6367,Киа,202308,2893374.239973075,0.0,113633
6368,Лада Самара,202301,630783.0874105073,12.0,120634
6369,Мерседес-Бенц,202312,4293882.194581736,4.0,183691
6370,Киа,202401,2027911.1246785682,4.0,139120
6371,Lada,202407,956710.5529137615,1.0,151569
6372,Lada,202408,772092.9091301857,37.0,140460
6373,Киа,202311,2619959.598416961,13.0,148543
6374,Лада Самара,202409,428707.15958297125,15.0,139471
6375,Lada,202401,599856.1332966194,14.0,148460
6376,Lada,202306,619314.6919885981,7.0,143004
6377,Лада Самара,202410,258799.9630209891,5.0,143105
6378,Жигули,202412,357399.8804106156,2.0,117423
6379,Lada,202501,540258.1888094493,11.0,144402
6380,Жигули,202404,385692.9913946056,9.0,91346
6381,Мерседес-Бенц,202501,4368471.406932365,12.0,223501
6382,Lada,202302,1061669.6077688306,44.0,134379
6383,Мерседес-Бенц,202411,5204570.548900039,3.0,188114
6384,Лада Самара,202311,447730.1207600211,20.0,140139
6385,Мерседес-Бенц,202312,5155993.938860455,24.0,219326
6386,Киа,202411,1877035.9330029546,73.0,196609
6387,Жигули,202402,397471.1437002964,19.0,124457
6388,Лада Самара,202404,238326.86648805294,32.0,128915
6389,Жигули,202402,398921.265176345,0.0,113213
6390,Лада Самара,202301,629502.5586102534,11.0,141915
6391,Киа,202402,2977447.4449242363,10.0,118632
6392,Lada,202404,853800.2269195339,10.0,138595
6393,Лада Самара,202408,488178.21287468646,3.0,143860
6394,Лада Самара,202411,540327.8538950592,3.0,128659
6395,Жигули,202311,363012.13844483,2.0,115584
6396,Лада Самара,202401,387134.396917153,35.0,117660
6397,Киа,202308,2296585.8806327544,,138775
6398,Лада Самара,202409,343229.4514426045,7.0,123458
6399,Лада Самара,202410,469953.05844970024,182.0,144187
6400,Киа,202401,1918535.4497503599,17.0,162576
6401,Лада Самара,202301,597311.8187136464,-100.0,156166
6402,Жигули,202409,297452.67508331913,6.0,124073
6403,Киа,202408,2181292.8687818777,9.0,126242
6404,Lada,202409,1190809.6622976705,19.0,155364
6405,Лада Самара,202403,219390.13800507743,28.0,119878
6406,Мерседес-Бенц,202407,5148747.337196682,31.0,207041
6407,Жигули,202409,577517.0697477537,0.0,105224
6408,Киа,202405,4049071.2046606685,22.0,149835
6409,Киа,202406,2266408.053479289,6.0,159261
6410,Жигули,202404,406120.198403658,55.0,126513
6411,Лада Самара,202401,290559.8732847741,64.0,125435
6412,Киа,202401,2922584.0885630953,21.0,162620
6413,Жигули,202308,504211.28220932634,71.0,149120
6414,Киа,202308,1438606.016647779,18.0,151678
6415,Лада Самара,202304,475048.45789220574,28.0,127416
6416,Киа,202405,2060399.8334201362,11.0,164103
6417,Жигули,202406,501080.76323566947,33.0,111682
6418,Мерседес-Бенц,202303,7158644.110660223,34.0,207109
6419,Lada,202501,764323.1166452895,30.0,129935
6420,Киа,202305,1681198.7742631552,7.0,176173
6421,Лада Самара,202302,385338.08690324036,15.0,134816
6422,Киа,202406,2505656.6071521835,40.0,144292
6423,Lada,202410,1039543.5281847167,8.0,128356
6424,Киа,202304,1218367.116889624,1.0,112277
6425,Мерседес-Бенц,202401,10980369.596964488,0.0,187696
6426,Киа,202405,1707721.7758920756,51.0,157262
6427,Мерседес-Бенц,202303,2808410.1073782807,31.0,199200
6428,Лада Самара,202410,654847.5604117399,6.0,120387
6429,Лада Самара,202310,513316.11401254387,6.0,142846
6430,Лада Самара,202307,280011.0463112536,5.0,131802
6431,Lada,202405,840047.2894726373,9.0,163706
6432,Lada,202401,741686.5054970908,30.0,127379
6433,Жигули,202308,457022.3120542128,0.0,113767
6434,Киа,202312,2155881.8286577174,5.0,145505
6435,Жигули,202305,284926.68961696007,54.0,116821
6436,Lada,202408,857269.8768852392,13.0,146522
6437,Lada,202410,428157.18349785946,66.0,136575
6438,Lada,202405,780589.3638139997,59.0,139521
6439,Мерседес-Бенц,202308,7154055.811938249,8.0,205821
6440,Киа,202405,2913858.9819263234,-100.0,167679
6441,Лада Самара,202306,408381.00165990496,6.0,155273
6442,Жигули,202404,270394.868611323,14.0,112098
6443,Мерседес-Бенц,202310,5141587.968887026,10.0,202141
6444,Lada,202501,1097213.685691741,42.0,143487
6445,Киа,202305,2129226.435551441,11.0,156259
6446,Жигули,202501,485524.63807627454,0.0,124396
6447,Киа,202301,1579920.6447636513,8.0,141299
6448,Lada,202306,890607.4416081134,42.0,134981
6449,Киа,202301,1790002.5065633242,11.0,164365
6450,Киа,202401,1824422.0430478624,,143851
6451,Жигули,202410,401025.2227668948,31.0,124527
6452,Мерседес-Бенц,202409,5514754.545048691,8.0,187067
6453,Лада Самара,202306,279497.49878441,15.0,165451
6454,Lada,202304,875845.0804599622,35.0,138882
6455,Лада Самара,202301,557751.5865108038,14.0,153180
6456,Лада Самара,202408,351944.39351692284,15.0,134747
6457,Киа,202402,1635286.9144299629,0.0,149853
6458,Лада Самара,202302,322108.66863147204,11.0,137789
6459,Киа,202302,2283967.054155645,5.0,163449
6460,Жигули,202304,286648.3359940816,10.0,130970
6461,Киа,202307,2464308.068674172,1.0,140963
6462,Мерседес-Бенц,202406,5274155.549684426,22.0,200602
6463,Lada,202311,664529.1444767299,18.0,147041
6464,Лада Самара,202405,368546.49134346365,21.0,162470
6465,Мерседес-Бенц,202408,3847654.8213940295,19.0,197663
6466,Lada,202401,1092678.7010160666,4.0,125441
6467,Жигули,202410,392201.7023819176,76.0,109930
6468,Лада Самара,202408,482027.6429325693,39.0,144073
6469,Mercedes,202308,7874167.245518508,5.0,227443
6470,Lada,202303,1046470.8937698189,13.0,135952
6471,Lada,202304,1084639.2913110238,18.0,140458
6472,Мерседес-Бенц,202309,8578567.942073219,68.0,218468
6473,Жигули,202308,447446.8972297099,1.0,118520
6474,Мерседес-Бенц,202408,3976879.4133465574,10.0,215309
6475,Мерседес-Бенц,202306,6943460.87551322,48.0,224859
6476,Lada,202407,1005196.4387868528,28.0,146807
6477,Lada,202301,731280.8294427984,8.0,134697
6478,Жигули,202308,292185.4845722464,1.0,118221
6479,Жигули,202311,348554.63977506716,24.0,112238
6480,Лада Самара,202310,460605.5765836625,40.0,127785
6481,Жигули,202301,403365.8857792693,28.0,136101
6482,Киа,202312,1167747.5811361638,16.0,138960
6483,Lada,202303,1104237.946778036,11.0,120378
6484,Жигули,202304,392610.38961435755,1.0,124592
6485,Киа,202408,2280978.419568821,23.0,161001
6486,Мерседес-Бенц,202403,7822337.5673324,22.0,211004
6487,Lada,202301,1101276.7838038597,,147117
6488,Lada,202310,1015637.2145372878,1.0,109763
6489,Киа,202310,2312036.40694616,46.0,159515
6490,Мерседес-Бенц,202405,5851712.610382633,43.0,202250
6491,Киа,202501,1841045.7204083563,6.0,144008
6492,Lada,202311,669655.5945894928,0.0,138513
6493,Lada,202407,902689.8718995751,9.0,149611
6494,Лада Самара,202405,292846.8384760825,2.0,121430
6495,Киа,202304,1276700.2326205177,47.0,165482
6496,Лада Самара,202408,461626.9538319281,6.0,151443
6497,Мерседес-Бенц,202410,5223041.616548662,5.0,202154
6498,Мерседес-Бенц,202302,4405980.454555475,20.0,208015
6499,Киа,202403,2811788.307169677,2.0,152779
6500,Киа,202303,2230852.805776569,4.0,136196
6501,Жигули,202409,533946.5752999854,14.0,109610
6502,Жигули,202407,402812.50907467963,12.0,156618
6503,Лада Самара,202307,291309.24237221974,4.0,129402
6504,Киа,202309,1418116.2279891097,39.0,128024
6505,Lada,202307,762302.4365507078,29.0,141838
6506,Жигули,202401,295333.3011449332,7.0,128101
6507,Мерседес-Бенц,202309,6210164.536802142,30.0,171881
6508,Лада Самара,202310,507928.5372585265,29.0,129710
6509,Жигули,202405,418528.4023911481,80.0,134443
6510,Киа,202406,2398882.5240065707,5.0,158665
6511,Киа,202312,3165013.5007208367,34.0,149288
6512,Lada,202302,501881.9271614248,2.0,118776
6513,Лада Самара,202311,601396.465151538,7.0,149643
6514,Лада Самара,202306,432712.10220659984,1.0,114907
6515,Мерседес-Бенц,202309,6300237.835319495,42.0,255354
6516,Лада Самара,202403,438485.1170385574,5.0,140790
6517,Жигули,202309,392342.154769405,15.0,111732
6518,Lada,202307,1300787.4292845367,65.0,134357
6519,Киа,202301,2925235.50055669,34.0,145608
6520,Лада Самара,202501,629571.4077845342,51.0,138624
6521,Киа,202303,2598753.513847642,5.0,147971
6522,Lada,202311,640380.685559739,9.0,145304
6523,Киа,202405,2152249.7021564306,45.0,152732
6524,Мерседес-Бенц,202306,6909144.128393599,20.0,204384
6525,Жигули,202407,353399.5347207045,58.0,119819
6526,Киа,202304,3968726.9264663314,87.0,168617
6527,Киа,202309,2515278.486888044,1.0,163572
6528,Жигули,202407,333071.5040480191,1.0,104156
6529,Мерседес-Бенц,202309,7251523.833146207,27.0,228546
6530,Жигули,202306,299321.3461872708,155.0,142274
6531,Мерседес-Бенц,202304,6375144.2956290785,93.0,198427
6532,Лада Самара,202308,491945.563811611,6.0,130632
6533,Лада Самара,202305,628980.7982368472,-100.0,130615
6534,Киа,202401,3130350.3332321323,64.0,162288
6535,Киа,202401,2542387.3081022543,51.0,144746
6536,Киа,202410,1445226.7874777901,-100.0,170099
6537,Киа,202311,2086287.2292333157,13.0,119218
6538,Lada,202306,824825.9396938673,22.0,134643
6539,Жигули,202404,317493.7243948517,8.0,117450
6540,Мерседес-Бенц,202410,5083504.074391232,8.0,192271
6541,Lada,202408,1087589.5621949236,5.0,140248
6542,Мерседес-Бенц,202405,7908364.960583524,8.0,205990
6543,Киа,202305,2408866.5435067606,36.0,156406
6544,Лада Самара,202304,440281.2243144795,36.0,141611
6545,Киа,202409,3379833.103706627,13.0,182077
6546,Киа,202304,2341318.0852295905,46.0,192250
6547,Жигули,202410,264475.56955231726,6.0,109184
6548,Lada,202307,821325.3428553994,13.0,120530
6549,Жигули,202409,395437.3966621971,13.0,117524
6550,Мерседес-Бенц,202410,4105256.9304779423,81.0,191825
6551,Mercedes,202404,6244565.397082446,3.0,232090
6552,Киа,202407,1501778.4408301096,55.0,150845
6553,Мерседес-Бенц,202312,6315336.991240259,30.0,223176
6554,Лада Самара,202412,406390.0249384176,0.0,124555
6555,Киа,202307,2599351.9286745824,54.0,163023
6556,Жигули,202302,356883.3157513863,32.0,132601
6557,Киа,202408,2566225.030977227,16.0,139899
6558,Киа,202408,2089514.1540355352,0.0,117603
6559,Lada,202307,647083.1612343441,15.0,133326
6560,Киа,202304,2535573.060381052,164.0,147886
6561,Киа,202412,2191324.4277159786,9.0,154999
6562,Lada,202407,475066.94742792804,42.0,142125
6563,Киа,202401,1297866.374000103,85.0,144469
6564,Киа,202401,1690291.2212801974,20.0,161150
6565,Мерседес-Бенц,202310,8058627.363624386,6.0,217204
6566,Мерседес-Бенц,202501,9916274.684106741,45.0,187507
6567,Lada,202307,781092.9568011854,1.0,116280
6568,Киа,202411,2181160.962203863,24.0,160500
6569,Жигули,202309,173175.43057723422,49.0,112629
6570,Мерседес-Бенц,202408,6922125.755493646,8.0,236258
6571,Киа,202411,2227497.2491874974,15.0,146677
6572,Мерседес-Бенц,202310,5491923.437513607,43.0,226508
6573,Lada,202307,598939.4379769388,10.0,125386
6574,Жигули,202308,294145.61191305594,30.0,115032
6575,Лада Самара,202305,299247.1730543799,43.0,116562
6576,Киа,202301,1628974.2537595644,38.0,145764
6577,Киа,202303,1567743.5334834883,35.0,140359
6578,Киа,202304,2121866.2680469225,37.0,131397
6579,Лада Самара,202409,315205.77045291377,5.0,130827
6580,Лада Самара,202306,543409.3580778451,39.0,156062
6581,Lada,202309,829398.402229092,12.0,125355
6582,Киа,202310,1758133.6021212605,78.0,149689
6583,Жигули,202306,306127.6461332638,9.0,141612
6584,Мерседес-Бенц,202412,3929709.6232229373,6.0,210538
6585,Киа,202312,1742441.9350901693,8.0,142854
6586,Киа,202311,2924260.678228164,1.0,128568
6587,Жигули,202406,510326.78832081426,24.0,116476
6588,Мерседес-Бенц,202305,4021687.886859352,37.0,189844
6589,Жигули,202301,378415.2597737205,3.0,110297
6590,Киа,202310,2510477.1430175835,4.0,142789
6591,Lada,202501,942829.9654806033,11.0,127361
6592,Жигули,202402,375106.5533314826,15.0,102470
6593,Лада Самара,202302,301782.6050237905,5.0,130412
6594,Киа,202303,2614489.713753604,4.0,140492
6595,Жигули,202402,341599.7282055755,16.0,114586
6596,Киа,202402,2163912.931733816,78.0,153644
6597,Мерседес-Бенц,202312,7587451.695060975,74.0,198409
6598,Киа,202305,2114078.6895009335,51.0,156701
6599,Lada,202312,1247164.7876649208,7.0,133283
6600,Киа,202410,1615133.5107351788,22.0,148587
6601,Киа,202409,3104406.0946438764,42.0,148418
6602,Жигули,202311,314114.2361726637,54.0,112142
6603,Мерседес-Бенц,202501,6054032.08248796,-100.0,211399
6604,Киа,202402,3292719.438001782,0.0,154816
6605,Киа,202310,1948271.1719636978,4.0,138990
6606,Lada,202411,729805.5855483244,-100.0,141265
6607,Жигули,202309,333434.3256058457,16.0,113102
6608,Lada,202408,788275.7577243603,7.0,117407
6609,Лада Самара,202403,491583.6001746946,12.0,122392
6610,Lada,202402,924222.7631460483,32.0,121434
6611,Киа,202501,3524386.0022695847,15.0,173621
6612,Лада Самара,202411,299559.850300111,43.0,129446
6613,Лада Самара,202403,186194.6679407104,1.0,126743
6614,Киа,202310,2409670.465805779,70.0,165923
6615,Киа,202410,1219585.0666823818,20.0,135805
6616,Lada,202311,1050933.4053435894,9.0,124375
6617,Lada,202402,666415.2585641383,23.0,125672
6618,Лада Самара,202306,270521.2382992975,29.0,122048
6619,Киа,202312,1486988.1410860538,14.0,154353
6620,Lada,202409,1530752.8726695464,0.0,148064
6621,Жигули,202310,322348.83158284007,11.0,133111
6622,Лада Самара,202404,431103.34848772077,6.0,112233
6623,Киа,202305,3147385.4945812337,37.0,160941
6624,Киа,202406,2554533.3911315766,1.0,165476
6625,Жигули,202409,482722.28318653995,10.0,110889
6626,Lada,202310,986513.7506822685,26.0,118812
6627,Лада Самара,202407,345229.4428745666,32.0,148901
6628,Лада Самара,202402,822280.0873806964,54.0,136289
6629,Лада Самара,202406,505554.10536311654,17.0,139064
6630,Lada,202304,937950.7556671262,22.0,136287
6631,Лада Самара,202306,338431.4494034993,72.0,145705
6632,Киа,202303,2658212.224067218,29.0,157800
6633,Жигули,202305,342778.08353699395,7.0,119834
6634,Лада Самара,202401,479432.7828749721,7.0,139523
6635,Лада Самара,202302,429497.4919066414,6.0,142594
6636,Мерседес-Бенц,202304,5438608.741695265,10.0,209406
6637,Жигули,202501,216204.30196570224,52.0,115188
6638,Лада Самара,202303,460572.1276702801,9.0,135055
6639,Мерседес-Бенц,202410,4911697.619467458,14.0,213417
6640,Жигули,202410,390067.02796366415,32.0,124770
6641,Жигули,202406,371021.5002586606,5.0,127850
6642,Мерседес-Бенц,202305,4042188.8612445476,14.0,218469
6643,Жигули,202305,415018.60367879475,4.0,121597
6644,Киа,202302,1812804.8262256952,22.0,146635
6645,Киа,202410,2179329.119350562,18.0,157278
6646,Жигули,202306,269273.42772413814,7.0,99418
6647,Киа,202410,2049836.7517733285,36.0,177075
6648,Киа,202306,2946947.4746658457,34.0,188242
6649,Киа,202407,2427518.1934782364,127.0,157707
6650,Киа,202406,1674144.1775776015,4.0,147346
6651,Мерседес-Бенц,202405,4679177.818998144,3.0,205996
6652,Лада Самара,202301,456331.4261620784,4.0,144488
6653,Мерседес-Бенц,202403,9347281.130258095,4.0,231986
6654,Киа,202309,2149080.606845691,5.0,163049
6655,Жигули,202405,230080.5381705784,0.0,132344
6656,Киа,202307,2416748.5043452973,23.0,164347
6657,Киа,202312,2243848.9454754014,48.0,189379
6658,Киа,202401,1399015.0725717503,3.0,158393
6659,Жигули,202401,356843.50159192184,36.0,120471
6660,Киа,202407,2071471.9739769506,1.0,122040
6661,Мерседес-Бенц,202405,7295187.3749694815,4.0,200674
6662,Жигули,202401,348851.3036850289,88.0,125829
6663,Мерседес-Бенц,202307,10075449.809115794,48.0,222900
6664,Lada,202307,827142.2788036336,4.0,129298
6665,Мерседес-Бенц,202302,6838777.703351102,8.0,204204
6666,Жигули,202409,538478.3568482121,10.0,99968
6667,Киа,202410,2161962.120324855,87.0,176162
6668,Lada,202403,706953.0948394332,61.0,156585
6669,Лада Самара,202403,464711.9015348516,34.0,147273
6670,Мерседес-Бенц,202306,5246644.8895810805,8.0,213935
6671,Киа,202312,1914848.679552174,53.0,158508
6672,Жигули,202302,474000.7754796244,36.0,123828
6673,Lada,202306,663670.2172557245,26.0,158273
6674,Жигули,202406,256927.2046965402,73.0,117096
6675,Lada,202501,1126201.659587999,22.0,115638
6676,Жигули,202402,307512.0163490393,21.0,126268
6677,Лада Самара,202311,498859.5340361108,11.0,148514
6678,Киа,202408,3616173.3390157106,21.0,153583
6679,Мерседес-Бенц,202303,4799590.871904207,39.0,235339
6680,Лада Самара,202312,392209.0518265463,37.0,161351
6681,Жигули,202309,298802.4034696932,19.0,125679
6682,Мерседес-Бенц,202402,6720299.46236127,59.0,256245
6683,Lada,202410,981248.2428600187,14.0,109720
6684,Киа,202302,2585995.141617111,80.0,141100
6685,Lada,202303,785418.7120816106,28.0,150638
6686,Мерседес-Бенц,202308,4319248.143814506,5.0,217466
6687,Lada,202302,1079198.2770633819,3.0,125542
6688,Мерседес-Бенц,202305,5184405.743911659,143.0,208486
6689,Мерседес-Бенц,202501,6352254.0954123605,27.0,261008
6690,Мерседес-Бенц,202307,4902989.240840599,3.0,229788
6691,Мерседес-Бенц,202311,7334383.010305202,31.0,166656
6692,Лада Самара,202402,410593.52726331993,21.0,130524
6693,Мерседес-Бенц,202307,4935556.477844992,0.0,191463
6694,Lada,202407,733555.2595233711,14.0,148714
6695,Жигули,202406,272979.5124939643,19.0,128215
6696,Лада Самара,202412,514308.9584732469,33.0,152874
6697,Киа,202304,2438081.9866438974,68.0,159415
6698,Мерседес-Бенц,202410,4661791.5458237445,21.0,212070
6699,Жигули,202302,268309.3541396905,15.0,129503
6700,Лада Самара,202306,502362.47871326236,33.0,128959
6701,Мерседес-Бенц,202305,7315855.627019997,9.0,214855
6702,Киа,202403,2574619.765316672,49.0,181733
6703,Лада Самара,202408,309269.1564138303,7.0,109778
6704,Жигули,202411,389553.6529849329,27.0,128041
6705,Lada,202311,1066124.5083690728,11.0,108057
6706,Киа,202303,3531751.425951924,10.0,163319
6707,Киа,202308,2609715.6502138977,33.0,155743
6708,Жигули,202311,327217.46615089284,41.0,134790
6709,Киа,202401,2298731.0486660535,37.0,141184
6710,Киа,202301,2034598.80875434,3.0,141128
6711,Киа,202303,1867589.975857095,26.0,168820
6712,Lada,202301,868026.0096177892,5.0,151189
6713,Киа,202303,1950022.0207097107,3.0,132971
6714,Lada,202309,745165.3467956191,23.0,130198
6715,Жигули,202305,272581.30889013514,4.0,107708
6716,Lada,202301,700050.8885122413,16.0,148416
6717,Lada,202402,617109.6885455477,115.0,143758
6718,Киа,202403,2898195.8886559545,7.0,160395
6719,Киа,202310,1536521.9552894118,35.0,152812
6720,Мерседес-Бенц,202403,5547053.95642979,17.0,166400
6721,Киа,202402,1562324.0018453198,10.0,139089
6722,Жигули,202401,450987.8193804364,42.0,121094
6723,Лада Самара,202307,423872.3547631415,2.0,115201
6724,Мерседес-Бенц,202309,7095131.370991217,15.0,166957
6725,Жигули,202304,498508.36217454437,4.0,132195
6726,Киа,202301,2207958.178395672,6.0,137693
6727,Мерседес-Бенц,202409,4922397.846085518,5.0,213865
6728,Lada,202302,1049936.3046150135,56.0,158218
6729,Lada,202402,997707.1895976594,50.0,130301
6730,Киа,202412,2244782.3342961567,5.0,148018
6731,Киа,202411,3303277.976558756,3.0,158733
6732,Жигули,202309,404095.93203238974,1.0,113439
6733,Киа,202305,963137.506818095,16.0,153003
6734,Lada,202311,886161.2606137975,20.0,147613
6735,Киа,202307,2176144.4699449115,56.0,128493
6736,Мерседес-Бенц,202404,3487906.445302572,86.0,249016
6737,Жигули,202312,265125.5195987316,,128072
6738,Жигули,202408,247798.01063488456,32.0,125548
6739,Киа,202310,3037887.035417851,61.0,156913
6740,Lada,202305,602803.2546922069,14.0,160691
6741,Киа,202303,1683621.436659135,24.0,133786
6742,Мерседес-Бенц,202308,6615582.683242806,0.0,204772
6743,Жигули,202401,262525.6925472485,9.0,136974
6744,Киа,202408,2223577.0200235764,66.0,174328
6745,Лада Самара,202305,465130.60196642234,39.0,149039
6746,Мерседес-Бенц,202304,4891934.427688274,9.0,196903
6747,Лада Самара,202306,228028.68103589985,17.0,143671
6748,Жигули,202308,602445.2414705454,49.0,135531
6749,Киа,202401,2631344.518270441,85.0,158136
6750,Мерседес-Бенц,202405,4632156.362388665,3.0,190116
6751,Киа,202404,1589570.6596818746,43.0,151472
6752,Мерседес-Бенц,202501,5144792.129472825,-100.0,203224
6753,Мерседес-Бенц,202411,6186935.459730824,47.0,193836
6754,Жигули,202312,497219.0802990967,,132738
6755,Лада Самара,202306,472605.8040959761,0.0,128828
6756,Мерседес-Бенц,202408,6536283.094576456,37.0,248150
6757,Lada,202404,645207.8673991801,17.0,124445
6758,Киа,202406,1259947.527514205,1.0,146913
6759,Мерседес-Бенц,202501,6523596.872267591,35.0,238293
6760,Киа,202306,1847171.2404521343,7.0,140631
6761,Киа,202411,2091516.2570657895,2.0,128600
6762,Мерседес-Бенц,202311,4866833.253794973,5.0,214136
6763,Лада Самара,202501,510888.8484969783,1.0,108270
6764,Жигули,202301,374595.62693019863,102.0,132252
6765,Lada,202309,907362.3576618131,5.0,109503
6766,Киа,202304,1319181.064187313,-100.0,151290
6767,Киа,202409,1932686.2477225824,81.0,173722
6768,Lada,202404,909183.5605707234,113.0,138154
6769,Жигули,202303,483219.430971005,20.0,125199
6770,Киа,202404,1691891.759558487,62.0,149344
6771,Киа,202405,1559979.7082841322,61.0,178480
6772,Лада Самара,202412,460703.8255481401,101.0,129934
6773,Lada,202306,1423678.5023032634,38.0,162657
6774,Жигули,202301,325403.7097426599,9.0,127020
6775,Lada,202305,918205.8741414476,11.0,143170
6776,Киа,202404,1864833.3974069825,2.0,164954
6777,Мерседес-Бенц,202404,8488264.829320166,36.0,195498
6778,Lada,202501,546487.6320237254,36.0,143175
6779,Жигули,202402,331107.8876414007,19.0,111497
6780,Киа,202305,2397368.780077613,8.0,180460
6781,Киа,202404,924900.6348999282,18.0,153217
6782,Киа,202309,2344201.0541006965,11.0,162188
6783,Лада Самара,202405,319860.8691390401,51.0,171415
6784,Lada,202409,658017.4169598307,36.0,154343
6785,Жигули,202302,728328.5215714026,30.0,124341
6786,Lada,202407,806020.6597316524,19.0,177430
6787,Mercedes,202410,6770330.248704765,17.0,208064
6788,Киа,202403,1394943.1142157796,55.0,147683
6789,Жигули,202311,416468.79541116435,44.0,127645
6790,Киа,202303,2102986.126534869,30.0,143888
6791,Лада Самара,202304,431275.967590713,9.0,138193
6792,Киа,202301,2000586.1668697824,8.0,139517
6793,Жигули,202403,255393.81595608467,14.0,121880
6794,Лада Самара,202401,280258.26935980626,41.0,125115
6795,Киа,202501,2018807.9738063815,6.0,135871
6796,Мерседес-Бенц,202307,7884846.273189873,7.0,228387
6797,Киа,202501,1689871.7679319882,23.0,163989
6798,Жигули,202308,543809.0000652388,11.0,113266
6799,Жигули,202411,394018.62751545146,4.0,118337
6800,Киа,202401,2136068.728098112,6.0,175234
6801,Киа,202412,2059857.6572010457,50.0,156949
6802,Лада Самара,202411,516083.558932667,13.0,126449
6803,Lada,202404,772333.3025651422,0.0,124480
6804,Лада Самара,202407,462104.2612490967,3.0,131916
6805,Киа,202308,1940447.523963606,39.0,139254
6806,Мерседес-Бенц,202407,8664874.730581215,12.0,213512
6807,Lada,202407,631291.325697781,39.0,143706
6808,Киа,202304,1788990.8852802957,7.0,164447
6809,Киа,202307,2664910.6557750935,35.0,153526
6810,Жигули,202304,439348.61124025256,1.0,109540
6811,Жигули,202309,294155.2991686665,11.0,126640
6812,Киа,202307,2358711.214723993,10.0,157171
6813,Киа,202401,2246591.9818172525,4.0,138045
6814,Киа,202501,1852261.7539198021,14.0,162205
6815,Lada,202305,826760.578038739,10.0,159415
6816,Lada,202307,805045.4630624538,4.0,153707
6817,Киа,202407,2198136.291412244,1.0,125360
6818,Киа,202301,1767714.2607708515,44.0,171518
6819,Lada,202406,584256.752308707,32.0,136688
6820,Жигули,202406,195836.91924349408,5.0,112395
6821,Мерседес-Бенц,202402,7202716.574168075,65.0,159221
6822,Лада Самара,202308,293586.32792125957,39.0,144039
6823,Жигули,202407,407608.79129307147,-100.0,131302
6824,Киа,202406,2299159.535146131,15.0,143913
6825,Жигули,202412,363629.9786102602,13.0,110627
6826,Lada,202410,1000124.8996858116,3.0,128370
6827,Киа,202401,3028359.876794212,4.0,159312
6828,Lada,202408,812658.0050936786,18.0,154411
6829,Киа,202311,1963112.8564159796,2.0,134715
6830,Лада Самара,202411,439995.5700814476,31.0,129541
6831,Мерседес-Бенц,202406,5900096.896043969,18.0,192050
6832,Лада Самара,202302,475194.1486462685,4.0,130822
6833,Lada,202405,988665.0317500529,37.0,130763
6834,Киа,202305,2030553.4469668157,17.0,140620
6835,Киа,202409,1088066.6592539346,10.0,172932
6836,Lada,202408,1305353.6426093858,45.0,115477
6837,Lada,202308,1196158.6113052787,8.0,120556
6838,Киа,202311,2786206.5230020406,14.0,149549
6839,Жигули,202402,465641.84642500454,36.0,131309
6840,Лада Самара,202310,283409.4985593071,26.0,149222
6841,Жигули,202308,326095.60930516466,5.0,117499
6842,Lada,202308,719206.2694081254,56.0,144314
6843,Киа,202407,3867755.5986141665,57.0,127377
6844,Lada,202303,1285082.1721691773,4.0,122169
6845,Мерседес-Бенц,202308,5545707.579927965,1.0,182616
6846,Lada,202405,1186172.5068525472,44.0,151407
6847,Киа,202312,3464441.4668021374,15.0,158128
6848,Киа,202307,2377972.9354236615,77.0,153668
6849,Жигули,202401,559218.7507853514,27.0,123000
6850,Киа,202410,2152432.7178878877,14.0,145325
6851,Жигули,202406,406760.69713774085,18.0,123026
6852,Lada,202405,666412.1573721989,12.0,134716
6853,Lada,202309,701683.7230926305,17.0,127665
6854,Лада Самара,202309,388433.53514075687,27.0,127197
6855,Киа,202307,2246678.7443214776,69.0,154497
6856,Lada,202301,1148264.9939738708,26.0,125116
6857,Киа,202401,1913164.514287806,22.0,161145
6858,Мерседес-Бенц,202401,6815484.0078955535,6.0,190959
6859,Лада Самара,202408,465550.5318383943,7.0,112015
6860,Киа,202501,1838292.1116893908,35.0,148711
6861,Киа,202405,1360982.147783353,64.0,165383
6862,Киа,202311,2489154.2464376935,3.0,158361
6863,Киа,202409,1356844.2092341313,91.0,138765
6864,Мерседес-Бенц,202302,5149090.739268409,11.0,190413
6865,Жигули,202501,655706.6857520448,0.0,123088
6866,Жигули,202408,378917.79105808417,20.0,125987
6867,Лада Самара,202401,330665.4657377895,42.0,128556
6868,Лада Самара,202311,402094.45154785924,14.0,120230
6869,Киа,202305,2593121.060445791,1.0,152444
6870,Lada,202304,632265.5437070136,6.0,112879
6871,Киа,202410,2307015.6349008833,13.0,120374
6872,Киа,202304,1613823.7484467146,14.0,170228
6873,Мерседес-Бенц,202404,6834669.725411351,14.0,199104
6874,Жигули,202301,560136.9345327044,2.0,117333
6875,Lada,202401,928289.3615843983,14.0,138350
6876,Lada,202308,617619.3830537761,35.0,146641
6877,Жигули,202309,277549.1175522887,1.0,109942
6878,Киа,202408,2936653.7437821445,26.0,154169
6879,Киа,202409,2373117.027092779,13.0,152668
6880,Жигули,202310,380657.10631071543,21.0,120051
6881,Жигули,202501,343377.9831968424,74.0,107495
6882,Жигули,202307,244856.2512935013,13.0,123549
6883,Киа,202303,2248143.4137941403,11.0,158011
6884,Lada,202402,803397.3365647082,2.0,132078
6885,Мерседес-Бенц,202406,7812599.258924358,14.0,195957
6886,Lada,202303,996959.8177575585,2.0,137028
6887,Lada,202404,1073628.7883784904,6.0,142099
6888,Lada,202304,829934.7000537444,228.0,149896
6889,Lada,202407,755195.6302533224,2.0,151828
6890,Лада Самара,202409,377621.62206555123,1.0,134159
6891,Lada,202302,992248.6364086673,57.0,143696
6892,Lada,202408,935539.9568667868,1.0,121360
6893,Жигули,202403,229537.70918714185,40.0,106670
6894,Киа,202308,3674064.7041542716,29.0,167284
6895,Lada,202304,1092050.8321969914,5.0,149289
6896,Лада Самара,202303,437940.77792280755,20.0,151773
6897,Мерседес-Бенц,202404,7890150.332689278,86.0,198472
6898,Лада Самара,202309,480418.1666578612,5.0,126998
6899,Лада Самара,202501,558607.719717313,40.0,120607
6900,Киа,202302,2857303.217247959,13.0,127883
6901,Жигули,202304,421903.2814959596,107.0,121104
6902,Жигули,202304,303582.5323788884,14.0,137446
6903,Жигули,202408,363922.07661128626,9.0,117475
6904,Киа,202303,2977870.235680479,2.0,174301
6905,Лада Самара,202402,356121.39434636274,38.0,138303
6906,Киа,202302,1163502.850388977,5.0,139913
6907,Жигули,202403,380855.12145754625,,114222
6908,Жигули,202311,300193.1426172994,75.0,135848
6909,Жигули,202403,429646.3433372124,15.0,134312
6910,Lada,202412,825308.900041961,8.0,144197
6911,Lada,202408,1350094.1811351997,14.0,115335
6912,Lada,202306,856817.917436798,0.0,124014
6913,Лада Самара,202308,621901.037666987,24.0,138653
6914,Киа,202304,1772599.1817937114,43.0,156145
6915,Mercedes,202302,6767031.497748403,53.0,236543
6916,Киа,202312,2548942.8006080585,41.0,156992
6917,Lada,202408,962328.6975592211,3.0,129324
6918,Киа,202310,1981599.089864786,11.0,135491
6919,Киа,202402,2320022.012268404,10.0,144223
6920,Lada,202304,1139847.324623409,18.0,131117
6921,Киа,202406,2121558.5893143336,12.0,149067
6922,Мерседес-Бенц,202403,4937685.40711825,13.0,238614
6923,Лада Самара,202409,350080.53153014777,19.0,132079
6924,Жигули,202302,96543.28731681986,70.0,112341
6925,Жигули,202308,324171.0380046128,15.0,141356
6926,Лада Самара,202304,297121.1542912009,50.0,114970
6927,Lada,202402,704758.297579776,2.0,115577
6928,Лада Самара,202412,254375.7357158451,3.0,139269
6929,Киа,202303,1616914.47260607,3.0,119841
6930,Мерседес-Бенц,202308,4426616.603635943,22.0,190626
6931,Киа,202303,1476872.959602011,62.0,147240
6932,Lada,202409,940258.8444942175,11.0,126493
6933,Киа,202409,3037007.8503937265,1.0,133668
6934,Жигули,202501,479103.8568585065,51.0,124846
6935,Lada,202307,800186.1502462747,5.0,134037
6936,Лада Самара,202411,603177.9397399774,12.0,126426
6937,Лада Самара,202309,474808.58594755334,4.0,115872
6938,Lada,202309,699941.8329881578,21.0,131949
6939,Киа,202304,2074049.5256802682,13.0,143521
6940,Lada,202412,1176661.3718281628,68.0,141579
6941,Киа,202403,2053606.1146923255,45.0,145367
6942,Лада Самара,202406,343046.9613958934,16.0,130454
6943,Жигули,202403,300450.6758219328,10.0,130724
6944,Lada,202406,1251686.5225216688,15.0,156060
6945,Lada,202405,1107765.7826436185,54.0,141084
6946,Киа,202304,1855759.0739605932,20.0,132488
6947,Lada,202303,765289.18968142,32.0,120265
6948,Lada,202311,644377.341195255,20.0,151111
6949,Жигули,202312,284629.4289596192,4.0,121631
6950,Жигули,202405,460395.4897358449,81.0,120861
6951,Лада Самара,202501,363153.9089978629,1.0,142114
6952,Lada,202302,727765.3828773788,57.0,171176
6953,Лада Самара,202305,448594.5557552739,20.0,128288
6954,Мерседес-Бенц,202312,6293172.087448903,11.0,220752
6955,Мерседес-Бенц,202406,8154517.8130150335,10.0,221827
6956,Жигули,202312,331873.64605350303,6.0,104620
6957,Мерседес-Бенц,202301,5704253.636399121,-100.0,209982
6958,Жигули,202410,354840.6719090363,16.0,124165
6959,Жигули,202308,381387.0485202311,12.0,129678
6960,Лада Самара,202301,270275.09734240815,0.0,125835
6961,Жигули,202312,393469.2611591215,1.0,111278
6962,Лада Самара,202302,513915.0596727404,23.0,125732
6963,Лада Самара,202402,446808.27241283347,58.0,128968
6964,Lada,202309,554072.7477245808,8.0,129025
6965,Lada,202408,1176639.3946351581,5.0,134672
6966,Мерседес-Бенц,202412,7036267.17545277,1.0,228905
6967,Лада Самара,202308,592439.5704024694,34.0,161861
6968,Жигули,202408,419463.9222417346,75.0,143132
6969,Lada,202303,808784.4361064796,33.0,124906
6970,Лада Самара,202402,850308.5538698953,10.0,167856
6971,Киа,202306,2129030.9391166945,9.0,157314
6972,Киа,202311,2666909.405077099,4.0,132108
6973,Киа,202302,2159629.742866253,24.0,147602
6974,Лада Самара,202409,517249.6367100611,9.0,145167
6975,Киа,202305,1916412.3970155413,7.0,150343
6976,Lada,202401,1194082.8165947597,12.0,125084
6977,Лада Самара,202407,498584.73324111063,16.0,134351
6978,Киа,202308,2760589.0839107833,164.0,157202
6979,Мерседес-Бенц,202404,5461494.647952074,35.0,207784
6980,Киа,202404,1965306.9420668972,74.0,147418
6981,Жигули,202308,389620.4560241266,1.0,109577
6982,Жигули,202412,278331.7738819833,4.0,116912
6983,Киа,202412,2481862.6017855457,74.0,158472
6984,Киа,202304,2243863.4683085526,10.0,165013
6985,Киа,202401,3051062.563289559,1.0,173548
6986,Киа,202304,2578155.7794712386,70.0,165110
6987,Киа,202307,2338833.41671077,49.0,158399
6988,Мерседес-Бенц,202409,4862901.2261964725,38.0,208932
6989,Lada,202410,1065943.603296534,7.0,134204
6990,Лада Самара,202405,506703.9204037005,0.0,121789
6991,Киа,202401,1915923.7573030572,52.0,159216
6992,Киа,202408,3049601.279270772,2.0,121382
6993,Мерседес-Бенц,202407,4674972.38380714,6.0,220090
6994,Киа,202310,2631947.891582487,18.0,146479
6995,Мерседес-Бенц,202311,8087660.316786736,78.0,192202
6996,Лада Самара,202306,380833.61312998715,9.0,128297
6997,Киа,202305,2717065.777892538,7.0,139142
6998,Мерседес-Бенц,202311,6855293.863174915,42.0,266931
6999,Жигули,202401,464565.5886657511,20.0,117321
7000,Лада Самара,202305,376218.7597229202,33.0,138215
7001,Мерседес-Бенц,202303,6965798.781308068,23.0,190913
7002,Жигули,202303,333143.90480311256,13.0,133052
7003,Киа,202404,1943923.2494755082,23.0,134316
7004,Мерседес-Бенц,202410,6688433.08539789,0.0,213108
7005,Киа,202404,1659885.8424444282,0.0,145793
7006,Lada,202304,1190892.6856373865,20.0,140993
7007,Киа,202402,2146764.1456122953,11.0,159200
7008,Киа,202410,1926125.885402091,5.0,144656
7009,Лада Самара,202309,448447.9788324675,4.0,141410
7010,Жигули,202311,319196.0729876758,44.0,119040
7011,Lada,202310,823283.6371382354,32.0,128380
7012,Жигули,202406,341728.89164936775,27.0,111814
7013,Жигули,202501,334911.611830094,17.0,134950
7014,Lada,202302,875654.1479589408,25.0,152996
7015,Lada,202403,608993.8117035865,2.0,161992
7016,Лада Самара,202409,388615.35521899053,0.0,122455
7017,Киа,202402,2881130.5029317746,7.0,143391
7018,Лада Самара,202402,470390.0481346636,24.0,127965
7019,Киа,202501,3389038.8852349585,7.0,128765
7020,Lada,202402,836869.8391106474,42.0,141714
7021,Жигули,202403,295058.86825774243,38.0,124927
7022,Жигули,202412,298466.0342650018,1.0,111940
7023,Киа,202406,2409174.4773883373,0.0,160401
7024,Жигули,202309,388287.6861475431,44.0,112608
7025,Киа,202408,3962583.893045419,0.0,128196
7026,Мерседес-Бенц,202409,6011594.662178585,42.0,226168
7027,Мерседес-Бенц,202309,7675886.176207045,113.0,232732
7028,Лада Самара,202404,551831.8434324502,9.0,126961
7029,Киа,202402,1867850.8927536695,26.0,110885
7030,Киа,202405,3466955.6985918474,19.0,148535
7031,Мерседес-Бенц,202304,6980958.871682906,0.0,180079
7032,Лада Самара,202401,471132.3169485301,6.0,164738
7033,Мерседес-Бенц,202403,6264036.173582344,1.0,226996
7034,Lada,202307,958965.9477425375,31.0,132616
7035,Лада Самара,202401,427959.2838332704,57.0,137611
7036,Lada,202402,840237.4851437696,13.0,145590
7037,Киа,202305,1995139.782943146,6.0,151291
7038,Жигули,202406,400493.5539385813,4.0,118525
7039,Lada,202403,646647.8747416645,66.0,151614
7040,Киа,202402,2807431.2241032664,66.0,175360
7041,Мерседес-Бенц,202501,5412954.797293721,8.0,236243
7042,Lada,202409,580077.7941597356,39.0,145498
7043,Мерседес-Бенц,202402,9362345.667799974,38.0,223840
7044,Мерседес-Бенц,202309,5677133.266704993,62.0,223001
7045,Лада Самара,202312,498475.45677828736,20.0,134238
7046,Мерседес-Бенц,202303,5393842.831103967,28.0,214717
7047,Lada,202408,741469.1634129861,13.0,127315
7048,Лада Самара,202311,796212.0046099342,3.0,114773
7049,Lada,202301,1043859.6438549866,18.0,139219
7050,Лада Самара,202304,515958.23161761026,12.0,156885
7051,Киа,202408,2008777.4103303526,7.0,143816
7052,Lada,202402,934162.8625418183,32.0,144074
7053,Lada,202312,697753.2830446129,17.0,123856
7054,Жигули,202309,306244.64007661835,11.0,131319
7055,Мерседес-Бенц,202501,4338976.689084264,6.0,197083
7056,Киа,202405,2231291.2518031625,21.0,174043
7057,Lada,202501,888259.6842607256,75.0,128805
7058,Лада Самара,202310,490962.536586983,42.0,161275
7059,Киа,202407,2048199.1327359194,58.0,170136
7060,Лада Самара,202310,502029.22249862505,18.0,126750
7061,Киа,202305,2393278.8025083635,8.0,140588
7062,Лада Самара,202402,535248.3329063907,101.0,130135
7063,Жигули,202412,284656.6430831512,22.0,138575
7064,Lada,202306,496473.90398869105,54.0,118134
7065,Lada,202309,770393.063756005,14.0,140521
7066,Mercedes,202411,5145418.704822858,47.0,195753
7067,Жигули,202305,385979.7991193114,8.0,104300
7068,Mercedes,202401,7610245.581994271,9.0,192884
7069,Киа,202310,3220287.610454964,4.0,139857
7070,Киа,202406,2648331.4284754507,25.0,137201
7071,Жигули,202304,447997.18913246907,37.0,112117
7072,Lada,202304,966189.1191479993,73.0,127091
7073,Лада Самара,202312,366300.3490658522,19.0,132925
7074,Лада Самара,202309,521292.4490569565,34.0,125554
7075,Лада Самара,202404,442408.85317882383,-100.0,123712
7076,Жигули,202405,627361.1447064327,-100.0,153667
7077,Жигули,202301,444489.0716627624,33.0,116906
7078,Киа,202302,2085926.6224595334,27.0,123996
7079,Жигули,202404,263460.9751844224,9.0,131709
7080,Киа,202402,2121498.909343858,22.0,145686
7081,Жигули,202303,458676.1751157571,3.0,109103
7082,Lada,202410,1212421.3079868346,3.0,120603
7083,Киа,202301,2230856.353912983,35.0,161340
7084,Lada,202401,1006620.8903232055,1.0,134158
7085,Киа,202312,1749286.6870764713,0.0,133092
7086,Лада Самара,202402,579905.2514867486,4.0,135766
7087,Lada,202310,1275685.0239278318,50.0,140800
7088,Lada,202302,406839.871906664,3.0,135655
7089,Мерседес-Бенц,202501,6878125.587794021,22.0,188419
7090,Lada,202306,920891.4999989674,5.0,144258
7091,Жигули,202310,313317.9813590689,9.0,110291
7092,Lada,202401,824652.2169114612,15.0,136034
7093,Lada,202411,1238547.5378986842,10.0,130345
7094,Лада Самара,202404,390556.33591523377,39.0,136506
7095,Лада Самара,202402,451422.1876129543,10.0,151751
7096,Лада Самара,202412,317075.64478661906,0.0,127058
7097,Жигули,202410,421007.8312776974,12.0,133521
7098,Киа,202305,1778003.716428707,65.0,156267
7099,Киа,202410,2121190.9390738667,21.0,183046
7100,Лада Самара,202402,352178.4182369783,2.0,136879
7101,Киа,202501,1709742.1446763466,5.0,128793
7102,Лада Самара,202408,352145.54223532823,22.0,122798
7103,Жигули,202412,302999.1038409902,6.0,111442
7104,Жигули,202402,306380.8846843567,2.0,114301
7105,Жигули,202410,383612.60504717217,14.0,113719
7106,Lada,202310,685390.3933753266,45.0,118603
7107,Киа,202307,2133088.9776500016,18.0,150438
7108,Киа,202409,2199250.301709738,14.0,121808
7109,Lada,202309,1206762.5741018113,17.0,161799
7110,Lada,202404,1297149.961865697,3.0,131733
7111,Жигули,202406,522367.1084037943,30.0,144574
7112,Lada,202306,794855.2800834754,-100.0,121713
7113,Киа,202408,2414453.2458497845,11.0,148937
7114,Жигули,202304,348320.8853730895,9.0,132949
7115,Мерседес-Бенц,202311,6332623.501929638,5.0,245677
7116,Мерседес-Бенц,202407,6262516.620111927,37.0,220511
7117,Киа,202411,2043436.393779311,7.0,131767
7118,Мерседес-Бенц,202306,4441466.134568194,,204069
7119,Lada,202401,639566.9803648788,14.0,120281
7120,Киа,202406,1786355.5790043448,12.0,165354
7121,Лада Самара,202409,334192.4713854668,11.0,140429
7122,Лада Самара,202410,508756.52232644334,25.0,150298
7123,Лада Самара,202303,521636.4537392291,13.0,142158
7124,Киа,202411,2079207.9131509825,13.0,155947
7125,Жигули,202412,414156.3975887653,1.0,102610
7126,Мерседес-Бенц,202410,6980627.008605003,8.0,198318
7127,Лада Самара,202408,459234.9113808141,36.0,145903
7128,Жигули,202407,339534.9779094495,21.0,112156
7129,Мерседес-Бенц,202403,7280355.869623013,3.0,179610
7130,Киа,202501,1686250.662232966,20.0,164235
7131,Жигули,202408,341880.28147025866,15.0,121864
7132,Жигули,202412,245532.06133238884,1.0,129830
7133,Мерседес-Бенц,202406,5150413.703894499,57.0,203148
7134,Киа,202401,2043928.3516006686,0.0,143965
7135,Lada,202406,1037524.6525425423,17.0,132987
7136,Lada,202409,760617.5331892931,39.0,140281
7137,Жигули,202312,449235.2881929721,62.0,150623
7138,Лада Самара,202307,383224.4588358861,11.0,151266
7139,Киа,202301,1330414.7401184281,103.0,170826
7140,Мерседес-Бенц,202305,5726603.664576581,48.0,188758
7141,Киа,202402,2388218.9746603374,36.0,147672
7142,Жигули,202305,491223.8592220179,0.0,115082
7143,Киа,202308,3222832.399369936,30.0,146589
7144,Киа,202401,2019315.4988256095,23.0,163923
7145,Lada,202409,880334.6194262623,31.0,145980
7146,Лада Самара,202301,596195.7301525318,8.0,116485
7147,Мерседес-Бенц,202306,6660462.409584435,76.0,206484
7148,Лада Самара,202407,447100.94895062735,6.0,115319
7149,Lada,202302,526806.4586430636,21.0,123151
7150,Мерседес-Бенц,202406,7079515.22032735,19.0,220094
7151,Киа,202304,2532560.4704256384,9.0,165694
7152,Мерседес-Бенц,202303,4661340.561029731,82.0,169317
7153,Жигули,202405,428660.07545492373,13.0,123118
7154,Лада Самара,202404,575302.4465411723,43.0,151824
7155,Жигули,202309,318764.29452505993,108.0,104357
7156,Лада Самара,202401,469266.34124683973,16.0,133853
7157,Лада Самара,202304,286731.58113694045,20.0,109865
7158,Лада Самара,202302,411083.9069447245,1.0,129065
7159,Мерседес-Бенц,202301,5048901.686445809,1.0,225597
7160,Жигули,202501,504389.85384454136,26.0,126104
7161,Киа,202405,2547837.255448854,82.0,147115
7162,Киа,202304,2593972.861228314,-100.0,167138
7163,Мерседес-Бенц,202411,4901812.945645605,21.0,188848
7164,Lada,202304,781878.8716043156,2.0,153380
7165,Киа,202403,2547028.1567918076,5.0,151532
7166,Lada,202308,847484.2701740869,18.0,130127
7167,Лада Самара,202310,660308.5796904723,55.0,142066
7168,Жигули,202407,412822.2106768218,0.0,118847
7169,Lada,202301,929067.2741136319,34.0,155054
7170,Жигули,202402,320776.08714469033,25.0,128992
7171,Киа,202304,2872589.6200145064,11.0,164940
7172,Киа,202304,2115295.9725097273,26.0,150529
7173,Мерседес-Бенц,202411,10014040.269669663,11.0,196816
7174,Мерседес-Бенц,202309,6848926.743352473,69.0,208827
7175,Киа,202403,1933738.7284340735,36.0,166057
7176,Lada,202404,716414.749967432,50.0,144375
7177,Лада Самара,202303,432520.9941659247,67.0,127294
7178,Мерседес-Бенц,202408,5030710.448237972,23.0,185586
7179,Лада Самара,202307,276139.5711472076,9.0,142085
7180,Жигули,202309,199495.00476362035,36.0,145266
7181,Киа,202412,2365038.5084488527,15.0,150301
7182,Мерседес-Бенц,202303,6345868.826232353,32.0,229564
7183,Киа,202306,2046551.1443711128,31.0,135108
7184,Мерседес-Бенц,202302,11805705.238590378,66.0,230563
7185,Киа,202305,2261322.209703303,49.0,150202
7186,Жигули,202401,686378.1589489216,77.0,132479
7187,Жигули,202310,351552.67800414993,,152069
7188,Lada,202310,873865.5652718613,0.0,136741
7189,Жигули,202405,440835.3622045047,92.0,114095
7190,Мерседес-Бенц,202407,4184073.355424571,3.0,179285
7191,Киа,202301,967531.7415196854,55.0,127366
7192,Киа,202501,2105492.404302755,5.0,149004
7193,Жигули,202303,378479.2273714783,18.0,111965
7194,Lada,202309,975375.363006929,8.0,112830
7195,Жигули,202305,337407.99020492745,21.0,137453
7196,Lada,202407,1033693.4347243616,23.0,138619
7197,Лада Самара,202302,497899.39102296496,2.0,135349
7198,Жигули,202301,319368.932952116,1.0,105622
7199,Киа,202307,2153436.38337927,1.0,158495
7200,Lada,202407,1117056.793379373,37.0,132358
7201,Киа,202407,1450557.948548982,33.0,138606
7202,Киа,202405,1940583.7976272886,2.0,152675
7203,Lada,202302,687411.2355594583,15.0,129005
7204,Lada,202305,882903.7037756039,17.0,156498
7205,Lada,202305,930965.0248261568,11.0,137819
7206,Lada,202302,1202107.5365614486,9.0,109525
7207,Киа,202305,1310112.7531449343,31.0,159938
7208,Жигули,202306,197370.3843872232,4.0,154906
7209,Киа,202407,2223257.6399041857,14.0,138014
7210,Lada,202305,946660.1738409047,59.0,117586
7211,Мерседес-Бенц,202403,5086269.730990773,2.0,241347
7212,Киа,202403,2145422.011071101,50.0,141440
7213,Лада Самара,202501,389729.37032797915,7.0,134857
7214,Мерседес-Бенц,202402,6175030.070511899,-100.0,168860
7215,Lada,202406,699822.910084183,17.0,125335
7216,Лада Самара,202301,536344.9101281681,0.0,121726
7217,Жигули,202410,265830.3560212932,39.0,126136
7218,Lada,202405,1095886.9186004729,2.0,119895
7219,Lada,202403,792381.4218652394,30.0,138310
7220,Lada,202303,1340198.2414171358,36.0,124200
7221,Лада Самара,202407,478537.5415345241,48.0,140711
7222,Жигули,202301,329510.0661447545,39.0,119458
7223,Lada,202303,769438.5330215844,66.0,135621
7224,Лада Самара,202305,531763.0813385214,47.0,129428
7225,Lada,202401,1043425.0105882817,25.0,147652
7226,Lada,202306,995997.2766513351,4.0,144577
7227,Лада Самара,202407,476278.0331667728,57.0,132037
7228,Киа,202308,1523247.3393036972,50.0,146587
7229,Мерседес-Бенц,202308,8765211.211014872,9.0,248531
7230,Мерседес-Бенц,202405,5318886.389781903,15.0,215810
7231,Киа,202305,2694647.6815932076,0.0,151256
7232,Жигули,202307,265760.5499575644,146.0,142189
7233,Жигули,202403,310869.5399434742,37.0,118822
7234,Жигули,202404,322185.51275972225,6.0,138472
7235,Киа,202305,2409915.6318254853,4.0,122274
7236,Лада Самара,202306,458113.14458054135,9.0,159363
7237,Lada,202311,611416.6248587974,27.0,127131
7238,Киа,202310,2217785.335880319,56.0,161667
7239,Lada,202311,831179.9613411538,6.0,143119
7240,Киа,202501,3421809.7907523583,101.0,147211
7241,Жигули,202404,332121.2772599392,1.0,128764
7242,Lada,202307,895259.2026875573,17.0,148519
7243,Киа,202308,3114971.1359432912,2.0,146657
7244,Мерседес-Бенц,202303,5906765.888458939,41.0,189631
7245,Мерседес-Бенц,202308,5750928.975931619,4.0,233668
7246,Lada,202302,698877.3225408406,6.0,137981
7247,Мерседес-Бенц,202309,4079198.4886842775,10.0,230646
7248,Lada,202303,838773.407877469,89.0,109189
7249,Мерседес-Бенц,202406,7498643.5390977245,6.0,217417
7250,Жигули,202304,241346.445118162,15.0,114986
7251,Киа,202403,2113580.2436065953,4.0,147133
7252,Мерседес-Бенц,202308,7453695.306129412,-100.0,226703
7253,Киа,202311,1452683.5756905011,7.0,123332
7254,Лада Самара,202410,321549.61629319936,17.0,125343
7255,Киа,202406,2142033.963009477,18.0,157256
7256,Lada,202411,864923.2088619592,68.0,116423
7257,Лада Самара,202408,496290.3597120807,19.0,139426
7258,Жигули,202303,288859.24638838175,19.0,107948
7259,Киа,202409,2863433.7222564616,4.0,178146
7260,Жигули,202308,352519.29463079013,27.0,129454
7261,Лада Самара,202403,362407.1841259328,24.0,145275
7262,Лада Самара,202409,611506.6239244272,,123065
7263,Киа,202302,2721376.3472111523,27.0,152807
7264,Киа,202308,1736415.514311122,52.0,147434
7265,Лада Самара,202406,470231.82991778996,56.0,143317
7266,Киа,202307,2377949.85911837,1.0,156239
7267,Жигули,202304,436413.19269778073,3.0,117572
7268,Киа,202309,2343215.1461553816,54.0,155061
7269,Жигули,202412,589973.5667700914,19.0,119347
7270,Киа,202309,2529570.7727239965,16.0,181035
7271,Жигули,202310,398850.39170151687,12.0,108389
7272,Киа,202302,2413390.8627649443,167.0,135028
7273,Мерседес-Бенц,202404,6414923.16164979,9.0,211068
7274,Лада Самара,202407,730913.0031401779,79.0,129364
7275,Жигули,202301,404195.6522412504,37.0,110952
7276,Мерседес-Бенц,202411,7704898.984687236,5.0,211401
7277,Жигули,202301,426984.41878222936,46.0,110636
7278,Lada,202410,716944.5559843355,24.0,137663
7279,Киа,202304,2114633.374551669,45.0,149449
7280,Киа,202410,2402499.2130935374,55.0,151952
7281,Lada,202303,1038997.3890302303,21.0,124651
7282,Жигули,202406,419183.5485648633,7.0,109944
7283,Киа,202408,3664899.0972670154,41.0,148699
7284,Киа,202408,1478326.1638545636,57.0,179488
7285,Lada,202411,920741.1632337641,49.0,117619
7286,Lada,202307,668665.5771759211,4.0,138709
7287,Мерседес-Бенц,202311,5020716.125496432,43.0,185170
7288,Киа,202404,1921277.416208846,9.0,152231
7289,Lada,202312,583952.3712216691,46.0,136692
7290,Лада Самара,202412,448795.5231479154,10.0,137110
7291,Киа,202501,1567504.1008629687,33.0,180477
7292,Жигули,202307,385845.2765136554,37.0,134503
7293,Киа,202306,2720151.5677114655,10.0,149498
7294,Киа,202307,2818076.5942954975,29.0,176892
7295,Лада Самара,202405,402054.2945488878,21.0,122606
7296,Lada,202307,773355.7915688221,19.0,120833
7297,Жигули,202405,301095.4830760328,1.0,138320
7298,Лада Самара,202407,270228.9678222882,26.0,136649
7299,Лада Самара,202308,353010.5728459686,6.0,142808
7300,Киа,202303,1895234.802640948,28.0,136944
7301,Лада Самара,202308,524371.3115628691,8.0,125822
7302,Лада Самара,202501,597981.9468128127,19.0,158218
7303,Лада Самара,202301,429540.0193933897,29.0,111359
7304,Жигули,202401,436784.443794408,17.0,125134
7305,Lada,202403,1366998.2703909143,39.0,156034
7306,Мерседес-Бенц,202301,8675873.059146624,32.0,174712
7307,Киа,202409,1665034.1577759818,18.0,151233
7308,Лада Самара,202305,442840.4752673392,1.0,102991
7309,Жигули,202310,313872.4854142692,1.0,114427
7310,Киа,202407,3011607.0073366333,9.0,154923
7311,Mercedes,202311,4232426.175784509,13.0,231794
7312,Киа,202306,1428035.2449216372,7.0,165461
7313,Жигули,202310,216151.1454578054,13.0,122696
7314,Lada,202501,874391.8193555225,2.0,134205
7315,Лада Самара,202311,451924.9796778466,11.0,139759
7316,Киа,202402,2586351.7047251137,,136794
7317,Lada,202403,899058.2702495761,5.0,134077
7318,Лада Самара,202309,680045.74417271,32.0,120050
7319,Лада Самара,202405,521556.67593898345,-100.0,194772
7320,Киа,202311,2093879.3955530273,7.0,156319
7321,Жигули,202305,355057.9131912406,59.0,114809
7322,Киа,202406,2292500.5652807183,51.0,178431
7323,Жигули,202302,229354.01612647774,6.0,146333
7324,Lada,202407,814836.1529578303,23.0,128683
7325,Киа,202304,2078313.1940906225,5.0,139588
7326,Мерседес-Бенц,202404,5915640.446487931,14.0,247483
7327,Мерседес-Бенц,202310,6509369.89696267,65.0,187894
7328,Жигули,202303,439101.8689888443,11.0,127626
7329,Мерседес-Бенц,202301,10023571.953667985,58.0,204566
7330,Киа,202310,2064243.0769180758,44.0,168473
7331,Киа,202308,1878558.2063789305,12.0,161584
7332,Lada,202403,798688.5710153157,12.0,137981
7333,Лада Самара,202303,365266.0904562253,5.0,137047
7334,Lada,202302,686285.1789007412,9.0,122045
7335,Лада Самара,202408,469182.058084633,15.0,135213
7336,Lada,202402,1079539.5480781028,22.0,136026
7337,Жигули,202401,220541.57092047346,79.0,115846
7338,Киа,202304,1305895.7538483886,1.0,135790
7339,Lada,202403,583355.6983010519,47.0,126178
7340,Жигули,202407,383367.86400737945,8.0,132230
7341,Киа,202501,1796071.1394716892,30.0,153276
7342,Мерседес-Бенц,202302,6928373.09828324,1.0,178942
7343,Жигули,202411,359238.25852272316,2.0,128574
7344,Киа,202401,1881293.6927021602,4.0,165807
7345,Киа,202406,1828156.9134664177,4.0,143536
7346,Жигули,202405,490170.2559536721,14.0,113682
7347,Жигули,202405,323533.01666262257,36.0,140351
7348,Киа,202403,1831884.9337383213,16.0,180678
7349,Жигули,202306,329368.34463301895,0.0,127959
7350,Лада Самара,202309,489458.2329688058,5.0,131734
7351,Жигули,202501,500797.93975759007,3.0,110649
7352,Лада Самара,202411,362165.43080153153,3.0,107383
7353,Жигули,202403,318197.9867516391,0.0,128096
7354,Мерседес-Бенц,202306,7930195.156717797,9.0,176634
7355,Жигули,202302,306930.5985863594,5.0,109526
7356,Lada,202309,611744.6030542135,33.0,130179
7357,Лада Самара,202306,492244.39892240334,0.0,133495
7358,Киа,202411,2391207.605373586,21.0,115150
7359,Жигули,202309,334525.21351682185,58.0,124234
7360,Lada,202410,1118907.3327672337,17.0,161516
7361,Лада Самара,202406,282882.30750902777,29.0,126501
7362,Киа,202412,3255920.5008789715,7.0,161202
7363,Lada,202501,901216.8789805509,7.0,127864
7364,Киа,202307,3748734.7106510084,9.0,155155
7365,Киа,202308,2338121.7189456495,15.0,148941
7366,Мерседес-Бенц,202406,3816389.4832376405,45.0,187642
7367,Лада Самара,202301,428532.70612074976,4.0,138709
7368,Жигули,202407,388151.972845647,60.0,126392
7369,Лада Самара,202501,294968.9882684462,17.0,134908
7370,Мерседес-Бенц,202411,5270471.31618087,,233698
7371,Лада Самара,202312,377591.14854022424,27.0,134101
7372,Lada,202410,916856.1763553482,51.0,142442
7373,Киа,202301,1285934.3886542402,,141610
7374,Lada,202311,1041658.5847516468,34.0,146800
7375,Lada,202305,1313889.0614013742,19.0,121009
7376,Лада Самара,202301,545663.0943560452,130.0,139368
7377,Киа,202407,2108137.482148294,25.0,145092
7378,Mercedes,202312,6086608.210808021,7.0,235160
7379,Жигули,202312,410958.7592148068,15.0,112380
7380,Жигули,202411,443778.2411195095,13.0,127275
7381,Лада Самара,202304,405616.039224152,13.0,134305
7382,Жигули,202309,324821.3662578149,8.0,137609
7383,Лада Самара,202311,566397.4256750828,-100.0,108673
7384,Мерседес-Бенц,202302,8982230.780311031,7.0,186286
7385,Киа,202410,3570107.7419055304,31.0,144532
7386,Lada,202303,966028.0076361548,31.0,140322
7387,Жигули,202408,431638.83289834583,24.0,127553
7388,Киа,202403,2270746.030993029,12.0,159469
7389,Киа,202311,2845265.6240029205,9.0,153594
7390,Lada,202412,996769.8096334938,1.0,129552
7391,Мерседес-Бенц,202410,6160329.117883927,16.0,195600
7392,Лада Самара,202404,307008.1600325014,112.0,147675
7393,Lada,202401,483850.7644250573,2.0,121040
7394,Лада Самара,202408,320075.6072711065,0.0,130520
7395,Киа,202311,2803663.635833795,8.0,152840
7396,Киа,202409,2059235.1976154377,2.0,125349
7397,Жигули,202308,480102.5182076503,7.0,125550
7398,Лада Самара,202407,567208.6344140288,19.0,175931
7399,Киа,202403,2027131.784927064,124.0,188787
7400,Жигули,202301,400019.9700381181,15.0,136011
7401,Лада Самара,202405,234596.24007896823,11.0,141564
7402,Мерседес-Бенц,202307,5732765.487133333,1.0,176738
7403,Lada,202309,701746.261575623,10.0,140095
7404,Лада Самара,202408,374661.420688518,1.0,159354
7405,Lada,202311,1135409.4081031408,32.0,129797
7406,Киа,202305,1548686.6758800487,15.0,128884
7407,Lada,202306,1156517.126653233,15.0,148621
7408,Жигули,202501,350335.93411770806,55.0,114140
7409,Жигули,202306,398607.7843423755,43.0,110801
7410,Жигули,202411,241002.5901484568,7.0,124078
7411,Lada,202410,529274.7674208243,8.0,145991
7412,Жигули,202409,275408.24319356144,7.0,121692
7413,Жигули,202401,314060.4170328966,17.0,132656
7414,Жигули,202303,372809.7311659596,21.0,139480
7415,Жигули,202309,314143.6372334431,15.0,127333
7416,Lada,202311,983533.8043032801,13.0,143802
7417,Lada,202307,694707.8132993829,4.0,128867
7418,Киа,202312,1666676.58248834,7.0,180266
7419,Лада Самара,202412,519898.3235704576,15.0,142169
7420,Лада Самара,202410,415387.57875975175,7.0,139912
7421,Мерседес-Бенц,202305,4042967.0722860117,37.0,201382
7422,Киа,202401,2933662.1129402225,59.0,143602
7423,Киа,202403,1396055.6240745017,28.0,140357
7424,Жигули,202304,441062.8077247308,39.0,118533
7425,Киа,202301,2315259.3530572494,3.0,148655
7426,Киа,202403,2249335.634764458,5.0,154364
7427,Жигули,202307,393844.1025374406,8.0,101162
7428,Киа,202410,1569930.3172961504,1.0,165365
7429,Лада Самара,202410,530546.8131446304,31.0,133971
7430,Жигули,202412,282606.4826417572,7.0,140243
7431,Киа,202303,2711967.58427182,6.0,157995
7432,Киа,202407,3026148.125322889,31.0,158320
7433,Лада Самара,202406,492484.5507975709,5.0,149295
7434,Жигули,202306,337542.44339818787,15.0,141131
7435,Лада Самара,202401,709101.5545582696,53.0,137251
7436,Жигули,202308,301614.0620756982,17.0,140935
7437,Lada,202501,884751.4586474316,0.0,128462
7438,Киа,202402,2396706.757872251,6.0,148095
7439,Жигули,202410,154801.04863249144,38.0,119531
7440,Lada,202309,898458.1243353831,26.0,120121
7441,Lada,202312,649719.2051221807,4.0,102255
7442,Lada,202310,623426.023283348,32.0,128138
7443,Лада Самара,202309,625473.3871713859,30.0,141449
7444,Мерседес-Бенц,202407,5434847.882759339,64.0,221298
7445,Жигули,202303,302209.220243278,4.0,99690
7446,Жигули,202302,325628.40815068706,34.0,129861
7447,Жигули,202405,503145.4113035476,62.0,111282
7448,Мерседес-Бенц,202410,3673753.109718023,,227897
7449,Жигули,202307,400923.07843439,22.0,128987
7450,Lada,202411,1089960.4176922305,15.0,120701
7451,Lada,202412,902927.1482778995,14.0,128507
7452,Lada,202310,730053.5073580573,135.0,120648
7453,Жигули,202409,412285.1937132199,22.0,131820
7454,Жигули,202307,271397.97646455216,112.0,123500
7455,Lada,202412,931205.6754399274,21.0,131399
7456,Мерседес-Бенц,202406,4619415.879545024,8.0,194450
7457,Киа,202301,1858678.5921382613,4.0,172048
7458,Киа,202406,1810693.349533696,5.0,149999
7459,Жигули,202307,314961.3554996248,28.0,131738
7460,Киа,202304,2561156.6819489137,39.0,153517
7461,Лада Самара,202410,404393.42229185073,82.0,133218
7462,Лада Самара,202306,326687.3454641015,24.0,168883
7463,Мерседес-Бенц,202410,4364351.059505704,35.0,183441
7464,Lada,202306,1294416.9814861903,10.0,123517
7465,Мерседес-Бенц,202303,5859992.591248907,78.0,213433
7466,Мерседес-Бенц,202403,4204737.624639924,15.0,177161
7467,Киа,202309,2366406.495050157,84.0,130805
7468,Киа,202301,2489665.131547086,34.0,149573
7469,Киа,202302,1838484.3712862062,10.0,136215
7470,Жигули,202401,272200.4576662888,17.0,134789
7471,Мерседес-Бенц,202406,5451479.008705481,38.0,221749
7472,Мерседес-Бенц,202401,4215706.783748458,7.0,213279
7473,Lada,202301,749381.7937833278,1.0,133048
7474,Жигули,202409,417466.6619758211,16.0,100432
7475,Киа,202405,2010913.0290389215,26.0,147167
7476,Мерседес-Бенц,202405,6229393.273794367,12.0,229436
7477,Лада Самара,202410,563171.9252409384,15.0,127303
7478,Мерседес-Бенц,202401,7705668.415381932,39.0,255417
7479,Lada,202408,684171.5286808138,21.0,147136
7480,Жигули,202404,565802.1111675476,6.0,131944
7481,Лада Самара,202311,407717.42944160313,1.0,132100
7482,Мерседес-Бенц,202406,5402400.740171379,15.0,226124
7483,Мерседес-Бенц,202407,6571551.635213362,10.0,195791
7484,Lada,202405,854396.3352514872,13.0,156275
7485,Жигули,202302,422355.74523526104,10.0,106015
7486,Лада Самара,202501,460919.7598685968,2.0,115412
7487,Лада Самара,202408,399028.61034502165,87.0,133945
7488,Лада Самара,202408,466639.84646397235,20.0,119876
7489,Lada,202309,954401.9264612572,46.0,121352
7490,Жигули,202306,633098.8701771079,18.0,125908
7491,Жигули,202308,427085.28061823995,11.0,113908
7492,Жигули,202406,207352.86228698576,14.0,125850
7493,Lada,202411,776801.9943921438,13.0,164895
7494,Киа,202401,2559861.1214248533,2.0,135925
7495,Киа,202310,1772357.7170782217,14.0,171535
7496,Киа,202406,2014739.7564537036,11.0,148083
7497,Киа,202409,2371251.0642856816,5.0,153124
7498,Lada,202307,1053633.5765966636,13.0,155258
7499,Lada,202501,1386073.9534199866,34.0,170112
7500,Жигули,202404,518685.78393687005,27.0,127494
7501,Lada,202405,854686.970829398,,137500
7502,Жигули,202307,271983.65689703694,27.0,129063
7503,Жигули,202403,549637.7653151163,19.0,142972
7504,Лада Самара,202412,538067.455447299,-100.0,143414
7505,Киа,202312,2070685.4943370644,5.0,157656
7506,Lada,202401,830335.5398720889,0.0,117538
7507,Lada,202306,581049.1035963371,30.0,138285
7508,Жигули,202411,329546.0702680089,8.0,114782
7509,Lada,202406,660056.8918591256,2.0,119158
7510,Lada,202402,1074655.727712033,45.0,134742
7511,Жигули,202312,512339.59729448165,21.0,112089
7512,Киа,202308,2347493.4233637825,30.0,127317
7513,Киа,202305,2341681.478178885,38.0,143012
7514,Lada,202304,760033.0159095421,31.0,144329
7515,Lada,202501,696810.280967171,35.0,129901
7516,Лада Самара,202401,585762.4643882392,5.0,125398
7517,Лада Самара,202301,409830.1141640065,12.0,130111
7518,Жигули,202308,475514.5165588903,0.0,101541
7519,Мерседес-Бенц,202405,8529492.10444846,98.0,190905
7520,Мерседес-Бенц,202410,6615891.914794365,12.0,200346
7521,Киа,202405,1714031.9675807469,98.0,158131
7522,Жигули,202407,258652.71915533597,16.0,99435
7523,Киа,202402,1502633.0777529955,16.0,141243
7524,Киа,202412,1967136.2260251292,,130020
7525,Киа,202402,2137081.023728452,0.0,139664
7526,Киа,202406,1810024.7449244456,21.0,174941
7527,Лада Самара,202302,324853.93908747635,14.0,125224
7528,Жигули,202412,506863.8555766023,8.0,114254
7529,Киа,202310,2292133.896261763,1.0,154414
7530,Lada,202301,899905.4002534694,10.0,150251
7531,Лада Самара,202310,327845.01732067467,0.0,122003
7532,Lada,202307,839623.2636760023,5.0,149907
7533,Лада Самара,202309,536976.7187375276,0.0,106482
7534,Киа,202302,3548433.4551571705,42.0,182213
7535,Lada,202302,788510.8837542457,6.0,141761
7536,Лада Самара,202501,457245.8539353896,9.0,117829
7537,Мерседес-Бенц,202309,6998970.900169948,9.0,177844
7538,Лада Самара,202308,491545.63156582654,-100.0,118307
7539,Мерседес-Бенц,202409,6117761.561131235,4.0,207705
7540,Киа,202301,3374247.2708760276,4.0,172915
7541,Лада Самара,202409,507511.66229369014,13.0,130849
7542,Жигули,202410,312684.6068766419,17.0,123592
7543,Lada,202311,1251817.280124321,36.0,155896
7544,Киа,202312,2723653.886498951,31.0,145631
7545,Lada,202305,1083340.8636981777,17.0,143388
7546,Лада Самара,202309,462865.6668548269,44.0,144383
7547,Lada,202405,778116.8063652505,9.0,125282
7548,Мерседес-Бенц,202407,4118085.35965496,9.0,234107
7549,Киа,202310,1723809.7047002304,60.0,144231
7550,Лада Самара,202311,532052.573982155,32.0,140441
7551,Лада Самара,202310,428784.93880351755,37.0,137851
7552,Lada,202410,1162648.8587165363,21.0,120519
7553,Мерседес-Бенц,202501,6189721.691667528,14.0,177931
7554,Lada,202309,812507.5555703739,62.0,177547
7555,Киа,202302,2567692.553237209,15.0,158158
7556,Киа,202311,3138842.303584398,12.0,178044
7557,Киа,202401,2088082.7770914983,37.0,165535
7558,Lada,202302,966823.7505393942,17.0,139406
7559,Мерседес-Бенц,202404,6683345.957213804,2.0,208002
7560,Лада Самара,202501,485965.3061666646,1.0,150552
7561,Мерседес-Бенц,202407,4983994.824573733,22.0,207564
7562,Lada,202401,832348.4009167837,6.0,129275
7563,Мерседес-Бенц,202412,8714898.004428156,44.0,228985
7564,Киа,202501,1928123.8924527336,12.0,131868
7565,Lada,202403,741723.4427563193,15.0,141857
7566,Киа,202312,2585482.0692295074,20.0,169287
7567,Lada,202412,941773.8339353665,17.0,120336
7568,Мерседес-Бенц,202404,6246644.683926782,29.0,233921
7569,Киа,202402,1219089.491058831,3.0,124289
7570,Мерседес-Бенц,202312,3218475.673379315,39.0,184440
7571,Жигули,202303,393894.3806506687,77.0,127624
7572,Жигули,202303,398015.896881532,42.0,156635
7573,Лада Самара,202408,363367.0465176854,24.0,116958
7574,Lada,202302,964291.2196322838,10.0,135907
7575,Мерседес-Бенц,202303,6778121.132287942,27.0,192152
7576,Жигули,202303,385466.7808862737,5.0,126327
7577,Мерседес-Бенц,202304,8464833.380195182,1.0,211714
7578,Киа,202411,1585241.9273529057,36.0,136629
7579,Лада Самара,202404,343103.06533701863,37.0,140752
7580,Лада Самара,202405,356874.0836135439,69.0,148374
7581,Лада Самара,202311,292931.9291035899,,163950
7582,Мерседес-Бенц,202404,7318239.519997222,-100.0,199311
7583,Лада Самара,202311,374751.12047410925,57.0,167194
7584,Мерседес-Бенц,202405,3563825.1322598676,0.0,180605
7585,Lada,202301,693969.6807043301,49.0,146956
7586,Лада Самара,202409,292565.1622166326,14.0,121326
7587,Жигули,202305,254779.2195475066,17.0,128123
7588,Lada,202309,937639.7058783146,49.0,107288
7589,Киа,202409,2832155.5862910664,39.0,157456
7590,Киа,202401,1627763.3517199985,9.0,182057
7591,Киа,202306,2514900.894835283,7.0,143991
7592,Киа,202408,2808241.474497538,8.0,167435
7593,Киа,202412,1572528.8371835547,0.0,131568
7594,Жигули,202401,457877.7523806298,7.0,143649
7595,Лада Самара,202410,450797.6037975539,10.0,120996
7596,Жигули,202308,395512.57702326257,-100.0,120990
7597,Lada,202305,987329.6828733818,35.0,130144
7598,Киа,202410,2608430.202800192,15.0,166099
7599,Киа,202410,2887416.121923746,32.0,144740
7600,Киа,202403,2732458.617473979,23.0,148219
7601,Киа,202410,3172817.0575944935,19.0,116319
7602,Жигули,202301,311859.4220166126,21.0,124333
7603,Лада Самара,202404,286724.4694911744,4.0,134777
7604,Жигули,202304,475849.5841332281,91.0,119312
7605,Lada,202308,655217.9837615095,20.0,109509
7606,Киа,202405,2250908.030676672,5.0,140321
7607,Lada,202401,1032740.7269777773,18.0,142604
7608,Жигули,202410,817147.477354853,67.0,105218
7609,Киа,202303,2169996.0391754056,19.0,116530
7610,Киа,202403,1612274.9457829834,11.0,164803
7611,Киа,202309,1977747.662936213,0.0,141050
7612,Жигули,202409,402205.94868875045,13.0,141582
7613,Жигули,202311,365637.93358420336,5.0,116000
7614,Лада Самара,202501,439860.57125336694,25.0,128198
7615,Мерседес-Бенц,202309,5641418.379353648,24.0,169281
7616,Киа,202307,1664014.31151098,3.0,185627
7617,Lada,202408,575829.9757094367,74.0,137718
7618,Жигули,202303,393426.89650756615,13.0,114033
7619,Киа,202401,2120434.868787817,3.0,136166
7620,Жигули,202402,548867.4093343966,66.0,156206
7621,Киа,202403,2449739.655557471,49.0,155803
7622,Лада Самара,202306,465435.3893881463,,151270
7623,Киа,202301,2443831.2897621533,30.0,158900
7624,Жигули,202312,488207.0104377028,39.0,141247
7625,Lada,202411,668168.8183409367,0.0,125809
7626,Lada,202410,908388.921220955,2.0,132410
7627,Жигули,202303,374466.35316691996,16.0,119239
7628,Мерседес-Бенц,202303,5683954.332232753,21.0,234121
7629,Мерседес-Бенц,202412,4505958.529062157,30.0,219690
7630,Жигули,202406,378793.4663474565,18.0,145429
7631,Киа,202312,2446846.846501433,10.0,148116
7632,Мерседес-Бенц,202306,5472088.269826985,-100.0,186098
7633,Лада Самара,202404,394855.7734118905,24.0,144689
7634,Мерседес-Бенц,202406,7973161.2959545,27.0,214287
7635,Киа,202501,3444760.6720232237,5.0,140497
7636,Мерседес-Бенц,202406,4995791.036039092,63.0,185160
7637,Мерседес-Бенц,202303,8602430.786333838,8.0,213075
7638,Жигули,202302,320390.9054932137,12.0,96946
7639,Киа,202407,2477795.204230981,36.0,148343
7640,Lada,202304,577394.3632373933,67.0,151749
7641,Лада Самара,202308,397213.550047023,43.0,136257
7642,Киа,202304,1208303.8590529999,17.0,133657
7643,Жигули,202409,502536.4644168626,23.0,121256
7644,Киа,202303,3102419.106124367,14.0,146991
7645,Жигули,202402,316165.9466499024,30.0,160814
7646,Жигули,202402,457314.0743268244,13.0,151504
7647,Жигули,202302,572273.2833316283,91.0,130664
7648,Киа,202307,2626748.573643068,80.0,162345
7649,Lada,202311,721094.84789252,22.0,123081
7650,Мерседес-Бенц,202312,4586129.552266526,34.0,186250
7651,Лада Самара,202308,417254.7286794191,41.0,135290
7652,Киа,202308,1858331.8255406623,14.0,154000
7653,Lada,202306,1295702.6674997984,54.0,143528
7654,Киа,202407,2733282.6730216034,5.0,136115
7655,Мерседес-Бенц,202409,7503355.757139177,0.0,204592
7656,Киа,202309,1570850.8565632307,7.0,129195
7657,Киа,202412,1981737.8476636752,10.0,143894
7658,Жигули,202409,328956.68312126875,45.0,128062
7659,Киа,202409,2127658.5953565305,12.0,121247
7660,Киа,202410,2660554.314938314,12.0,137988
7661,Лада Самара,202305,282416.35237519426,0.0,124450
7662,Лада Самара,202402,454111.42820807936,36.0,134481
7663,Киа,202403,2673125.6854474894,13.0,134870
7664,Жигули,202311,353082.7867372892,22.0,108299
7665,Киа,202307,3375580.755037311,83.0,159320
7666,Lada,202402,886458.2279497754,74.0,118139
7667,Лада Самара,202405,589545.4028077187,32.0,128331
7668,Lada,202306,896899.6098364827,13.0,140161
7669,Жигули,202302,350661.5591217402,1.0,113641
7670,Киа,202308,2474044.3066936466,2.0,143882
7671,Мерседес-Бенц,202410,6231788.139009887,98.0,226890
7672,Lada,202411,1092220.6134118051,68.0,125323
7673,Киа,202306,1760389.2574051104,15.0,139693
7674,Жигули,202412,525852.211640511,28.0,123191
7675,Лада Самара,202501,424170.10297657544,4.0,123030
7676,Киа,202403,1898076.1215737732,27.0,148345
7677,Lada,202302,742039.8967306397,9.0,123464
7678,Лада Самара,202401,350866.22204627324,31.0,128272
7679,Lada,202411,370169.5903827816,40.0,145428
7680,Lada,202402,939533.5528380875,21.0,126983
7681,Мерседес-Бенц,202402,5506899.432824698,42.0,223419
7682,Жигули,202309,261733.71368951706,9.0,131081
7683,Мерседес-Бенц,202501,4132989.6084421626,1.0,176829
7684,Лада Самара,202407,351965.5850384887,15.0,145407
7685,Жигули,202308,468076.87049059436,18.0,104420
7686,Киа,202311,2257450.1702541197,9.0,119093
7687,Жигули,202404,218667.00868616079,2.0,131658
7688,Мерседес-Бенц,202310,4458791.625759044,0.0,194323
7689,Жигули,202304,379472.1887053907,30.0,119709
7690,Лада Самара,202405,365215.06128041435,7.0,137141
7691,Lada,202403,895964.1283534018,0.0,113177
7692,Жигули,202311,276219.6332632718,7.0,117309
7693,Lada,202310,1574660.8910619072,52.0,151442
7694,Жигули,202408,498291.49946645723,51.0,149281
7695,Жигули,202310,308902.966205566,23.0,122665
7696,Лада Самара,202403,508461.4102303631,33.0,153038
7697,Лада Самара,202410,653330.9333854724,18.0,126326
7698,Киа,202312,1878531.5108262184,38.0,169516
7699,Mercedes,202311,6879869.771157203,1.0,217348
7700,Киа,202404,1859470.3359411887,5.0,149008
7701,Киа,202308,2736324.8756170673,13.0,148440
7702,Мерседес-Бенц,202305,5411327.998451524,55.0,185680
7703,Lada,202310,808591.2739285716,27.0,123317
7704,Киа,202408,1971230.518655721,,157270
7705,Мерседес-Бенц,202312,6136841.84387618,13.0,186876
7706,Киа,202308,1808994.3918651377,2.0,154448
7707,Киа,202406,2906166.794288643,37.0,133840
7708,Киа,202405,1776111.5271677168,18.0,135613
7709,Киа,202309,1915292.2111502483,52.0,158349
7710,Мерседес-Бенц,202402,6167439.926824294,44.0,223442
7711,Лада Самара,202405,523300.5291258828,19.0,157629
7712,Киа,202410,2501716.599255474,56.0,147125
7713,Лада Самара,202406,760613.3700488904,21.0,148475
7714,Киа,202302,2112961.828765676,35.0,146846
7715,Мерседес-Бенц,202305,3666929.7687635464,15.0,244042
7716,Киа,202307,2472269.561854079,13.0,136881
7717,Мерседес-Бенц,202402,5064501.394072393,3.0,197689
7718,Жигули,202310,493900.1620517791,11.0,111053
7719,Лада Самара,202405,397228.4773646621,3.0,141283
7720,Киа,202302,2265619.899073131,1.0,155145
7721,Жигули,202408,335600.47140377184,32.0,143261
7722,Лада Самара,202405,442947.56996024697,14.0,155649
7723,Киа,202305,2834225.4838825227,6.0,147233
7724,Киа,202408,2367009.0287167854,15.0,136554
7725,Жигули,202305,431172.91950253065,17.0,145512
7726,Киа,202310,2616223.5074493415,12.0,162407
7727,Мерседес-Бенц,202402,9155984.74234939,1.0,204201
7728,Lada,202404,1304636.4605293872,62.0,130241
7729,Lada,202407,973859.2581808133,0.0,117219
7730,Мерседес-Бенц,202408,5516922.841487326,1.0,202558
7731,Киа,202302,2127227.48239461,3.0,156856
7732,Жигули,202311,469587.7641948743,62.0,138072
7733,Lada,202402,1044437.9367628095,1.0,149669
7734,Жигули,202405,619446.3296475799,76.0,127056
7735,Лада Самара,202402,483106.6751364974,39.0,131427
7736,Мерседес-Бенц,202303,6002493.783086144,24.0,253146
7737,Жигули,202409,472789.8202832671,0.0,114255
7738,Жигули,202309,364757.53719348763,16.0,103679
7739,Lada,202407,436623.92941771494,29.0,127066
7740,Лада Самара,202305,383691.04500550946,38.0,119315
7741,Жигули,202403,321131.63104537193,33.0,122305
7742,Жигули,202404,321658.1817675727,0.0,141653
7743,Киа,202501,1612858.496846556,4.0,161784
7744,Жигули,202302,336711.5595799804,5.0,130724
7745,Жигули,202307,343377.5821247936,25.0,127323
7746,Киа,202408,1632308.518827224,111.0,184233
7747,Lada,202309,686220.571536415,40.0,151359
7748,Лада Самара,202408,344877.0346345393,11.0,145787
7749,Киа,202410,1521090.224756647,102.0,150570
7750,Lada,202307,1034538.8272161672,7.0,111567
7751,Лада Самара,202306,217475.90354569608,0.0,102815
7752,Мерседес-Бенц,202312,5891563.887341429,48.0,191359
7753,Lada,202310,884465.1658999831,46.0,172653
7754,Киа,202410,1849396.3323421753,20.0,137600
7755,Киа,202407,2625209.4696931294,6.0,166323
7756,Жигули,202302,222594.04138787292,29.0,126660
7757,Киа,202308,1921128.7982474458,15.0,164467
7758,Мерседес-Бенц,202311,3221177.99097276,4.0,208424
7759,Жигули,202303,369636.7833181665,15.0,107054
7760,Жигули,202301,478473.88699074974,35.0,140350
7761,Киа,202309,2562470.1636167183,47.0,176049
7762,Лада Самара,202412,323318.3695537404,32.0,146430
7763,Lada,202303,1172945.5326134097,4.0,145204
7764,Киа,202407,2019130.6279624088,30.0,159183
7765,Киа,202302,2090276.0965351756,31.0,148127
7766,Киа,202501,2262979.6110362005,21.0,162305
7767,Киа,202405,3912315.915378066,34.0,156895
7768,Жигули,202311,412884.16419637605,4.0,112287
7769,Жигули,202307,290804.0140241286,24.0,128897
7770,Лада Самара,202402,490377.7306379085,19.0,146943
7771,Лада Самара,202401,373351.8075447194,32.0,137848
7772,Лада Самара,202409,447602.0595169399,36.0,140213
7773,Лада Самара,202304,384095.49196637655,12.0,127787
7774,Киа,202407,2142912.8399648597,7.0,147456
7775,Киа,202402,2598379.5779289133,4.0,140001
7776,Жигули,202403,373671.8066454248,124.0,112606
7777,Мерседес-Бенц,202411,5424711.4987932155,52.0,188256
7778,Киа,202411,2761300.471884001,14.0,154927
7779,Лада Самара,202407,492373.2962154821,-100.0,148935
7780,Мерседес-Бенц,202408,7465279.923840366,10.0,208903
7781,Мерседес-Бенц,202307,8283588.92595158,20.0,228236
7782,Лада Самара,202309,530794.8666963704,2.0,130647
7783,Lada,202403,1075797.0025025103,49.0,146199
7784,Киа,202501,1916935.655475153,33.0,162296
7785,Мерседес-Бенц,202406,5988919.332789797,43.0,206820
7786,Киа,202501,1319657.755654449,5.0,121138
7787,Жигули,202410,296565.87498620496,2.0,122500
7788,Lada,202301,778575.8863179282,25.0,124790
7789,Киа,202306,2080397.290746073,11.0,144373
7790,Мерседес-Бенц,202302,6235160.712021493,74.0,248943
7791,Lada,202401,657504.4436157782,2.0,138117
7792,Lada,202308,835136.357673662,6.0,126199
7793,Лада Самара,202302,605272.8248253454,13.0,141511
7794,Лада Самара,202303,396419.066742589,3.0,129186
7795,Мерседес-Бенц,202403,6819945.881705644,4.0,185792
7796,Киа,202401,2544420.3351805243,69.0,144385
7797,Киа,202310,3196093.681401722,23.0,163933
7798,Lada,202312,838934.2330850885,8.0,137118
7799,Мерседес-Бенц,202407,4359567.247025516,9.0,179784
7800,Lada,202404,824828.3746901265,3.0,138368
7801,Жигули,202307,422928.51559907006,6.0,116561
7802,Киа,202307,1770713.4149989907,12.0,145955
7803,Мерседес-Бенц,202302,6927484.331058323,0.0,213042
7804,Lada,202410,1017062.1725121606,1.0,141138
7805,Киа,202401,1530132.5774453385,5.0,150327
7806,Lada,202305,707655.4819262499,5.0,142474
7807,Киа,202303,1647359.8105593482,70.0,151140
7808,Жигули,202403,434360.86905202596,44.0,116377
7809,Жигули,202312,318049.85276370816,12.0,98275
7810,Киа,202409,1866745.072396476,6.0,162971
7811,Киа,202408,1678001.392346702,16.0,166096
7812,Мерседес-Бенц,202402,5913817.233283188,60.0,236199
7813,Киа,202303,2136051.4968469604,13.0,139057
7814,Жигули,202404,288248.98431676655,41.0,121325
7815,Lada,202308,1026230.6992728426,25.0,118049
7816,Киа,202411,2349669.142632542,75.0,162256
7817,Lada,202307,775111.3001034908,37.0,135383
7818,Мерседес-Бенц,202403,5779958.291643135,16.0,205582
7819,Киа,202309,2906313.8304535216,64.0,186140
7820,Lada,202302,1265476.6312759633,30.0,139816
7821,Мерседес-Бенц,202312,7663804.596945194,29.0,242469
7822,Жигули,202302,355311.19134503684,14.0,127187
7823,Lada,202410,652659.4413491865,66.0,142421
7824,Жигули,202310,324243.14785975224,3.0,102700
7825,Лада Самара,202410,384372.56771204696,26.0,125089
7826,Киа,202303,1830061.0208227467,38.0,135616
7827,Мерседес-Бенц,202408,5357773.94809563,72.0,215473
7828,Жигули,202311,310500.8502095658,,96327
7829,Лада Самара,202303,498442.25687071204,39.0,167312
7830,Киа,202405,1790560.0277133775,52.0,157366
7831,Киа,202302,2451664.3676031525,19.0,132929
7832,Киа,202305,2946724.102221293,3.0,144221
7833,Lada,202402,1019514.0175060409,-100.0,160035
7834,Мерседес-Бенц,202412,6378623.742480721,3.0,200527
7835,Лада Самара,202501,388967.99667620624,0.0,117661
7836,Lada,202311,834035.100043673,2.0,136102
7837,Киа,202301,1348621.532381154,90.0,151345
7838,Мерседес-Бенц,202403,5907226.249481817,8.0,209998
7839,Жигули,202402,468585.29551738675,8.0,115596
7840,Киа,202302,1861237.0495553543,1.0,146050
7841,Лада Самара,202408,452706.3094351701,3.0,135070
7842,Лада Самара,202306,373438.1346751639,0.0,133419
7843,Lada,202501,792880.1536538635,4.0,145858
7844,Лада Самара,202403,387288.2101656164,-100.0,116334
7845,Киа,202305,1913900.513518346,11.0,135666
7846,Жигули,202312,269488.39706339483,24.0,111507
7847,Мерседес-Бенц,202411,4668969.140417319,6.0,251671
7848,Жигули,202303,412804.45943215746,18.0,108743
7849,Lada,202410,1017295.3791009792,59.0,147301
7850,Киа,202303,3451747.840548364,20.0,140431
7851,Lada,202306,974200.447989758,78.0,136587
7852,Мерседес-Бенц,202409,4404728.476958506,74.0,209203
7853,Киа,202305,1850249.6680009076,8.0,120029
7854,Киа,202406,1928210.603443853,10.0,172141
7855,Lada,202407,673120.7211491759,0.0,135576
7856,Жигули,202403,389235.96728859073,25.0,125990
7857,Мерседес-Бенц,202309,4461761.172990163,3.0,218722
7858,Lada,202410,1196307.3702285048,28.0,121662
7859,Жигули,202405,267205.6961761429,12.0,107756
7860,Киа,202302,2694946.490893237,37.0,152992
7861,Лада Самара,202411,447508.7597398098,28.0,141896
7862,Киа,202311,1695124.8071939256,41.0,129595
7863,Киа,202303,2580201.7422225736,13.0,172431
7864,Киа,202304,2161480.8593829917,4.0,164784
7865,Лада Самара,202401,464563.528839222,29.0,125296
7866,Мерседес-Бенц,202411,4041332.212299872,36.0,221683
7867,Lada,202301,611072.5689325823,13.0,131833
7868,Жигули,202304,308778.62865255924,12.0,115258
7869,Жигули,202407,248894.9888475494,23.0,121228
7870,Lada,202305,983853.5732760832,34.0,119432
7871,Lada,202403,710405.1991302534,16.0,141732
7872,Жигули,202409,502644.62153728824,5.0,129158
7873,Жигули,202406,322859.04049210803,14.0,128309
7874,Жигули,202301,295841.82812759915,-100.0,141189
7875,Мерседес-Бенц,202302,7198510.366639646,56.0,191358
7876,Киа,202501,1635629.4886511653,83.0,162245
7877,Lada,202303,643889.0240592585,37.0,168552
7878,Mercedes,202302,5014117.5040091565,10.0,264507
7879,Жигули,202407,520189.71762964956,27.0,139314
7880,Киа,202501,1421923.8814826761,3.0,155819
7881,Lada,202304,502634.8496534345,18.0,136464
7882,Киа,202408,1662574.4978538754,21.0,154767
7883,Lada,202407,1028233.6650907795,34.0,138219
7884,Lada,202404,1190144.6740802245,23.0,147870
7885,Lada,202302,670331.103379736,35.0,150153
7886,Мерседес-Бенц,202405,7596588.815319595,3.0,177548
7887,Жигули,202309,237374.66901609782,17.0,110950
7888,Мерседес-Бенц,202301,3459206.4460102124,24.0,187545
7889,Киа,202501,1908833.5635669697,43.0,145940
7890,Киа,202401,1652086.7985556314,7.0,148055
7891,Киа,202403,2393181.6528822687,6.0,153059
7892,Жигули,202406,328949.46346785536,13.0,127269
7893,Жигули,202410,407433.9379246178,66.0,133896
7894,Lada,202404,991074.3158648063,25.0,139202
7895,Lada,202410,1164083.8236517585,23.0,134666
7896,Киа,202311,1824658.296132237,7.0,137259
7897,Lada,202304,598112.473192241,11.0,127449
7898,Жигули,202406,315346.51284992864,48.0,116924
7899,Жигули,202310,354005.93068984733,22.0,131814
7900,Мерседес-Бенц,202410,4067499.908031022,1.0,208155
7901,Мерседес-Бенц,202501,8186523.50879829,6.0,208850
7902,Киа,202401,1673559.2918204316,29.0,160096
7903,Mercedes,202403,8194499.638366202,42.0,226716
7904,Жигули,202306,243659.41699796435,17.0,114473
7905,Киа,202409,2648691.8766007223,21.0,128218
7906,Киа,202401,1959617.7546548797,2.0,140168
7907,Киа,202309,2050185.0972097032,33.0,130434
7908,Жигули,202406,436246.3301363652,16.0,124629
7909,Лада Самара,202408,430773.3465307162,48.0,123058
7910,Киа,202302,2018495.7875499066,11.0,147339
7911,Киа,202411,2213622.577480953,10.0,146719
7912,Лада Самара,202405,702594.0985627773,21.0,108578
7913,Мерседес-Бенц,202406,6791126.794528827,2.0,164907
7914,Киа,202310,2586130.769157824,2.0,156333
7915,Lada,202312,927538.5801527526,76.0,138829
7916,Жигули,202406,577289.3451405179,34.0,141421
7917,Лада Самара,202407,418695.6243080313,19.0,141798
7918,Lada,202307,1027208.8551633338,40.0,130077
7919,Киа,202411,1995234.5009725506,3.0,120202
7920,Lada,202312,962299.307760993,4.0,144054
7921,Лада Самара,202305,655862.8963427059,43.0,157618
7922,Lada,202306,802756.9217312733,27.0,111492
7923,Лада Самара,202402,408950.63362582057,14.0,136151
7924,Lada,202303,599755.5415266542,16.0,132124
7925,Лада Самара,202407,376496.19866019144,15.0,107921
7926,Lada,202312,1098283.2255923017,39.0,120839
7927,Лада Самара,202407,316939.42127749306,42.0,140757
7928,Киа,202411,3046836.2028814135,0.0,164230
7929,Лада Самара,202405,292410.77114027756,2.0,131377
7930,Лада Самара,202403,398595.23634494847,3.0,132096
7931,Киа,202305,1570110.657428206,106.0,152109
7932,Lada,202308,1190153.1305946282,46.0,146521
7933,Лада Самара,202306,488926.85118868214,20.0,128822
7934,Lada,202401,1030663.4207839194,4.0,136309
7935,Мерседес-Бенц,202404,8441608.181269363,16.0,242783
7936,Мерседес-Бенц,202409,6699720.163885216,12.0,184455
7937,Lada,202303,1053248.2926214947,21.0,138112
7938,Lada,202403,1145282.9742728425,56.0,134585
7939,Lada,202403,1017908.9355954237,49.0,132303
7940,Lada,202312,897768.4496020367,69.0,131664
7941,Lada,202310,1407432.4042347714,14.0,134513
7942,Жигули,202406,446470.1013356334,14.0,119658
7943,Жигули,202304,538352.3419350965,33.0,116370
7944,Мерседес-Бенц,202407,6189749.937508783,26.0,218837
7945,Киа,202401,1890470.358740638,16.0,145709
7946,Жигули,202310,475836.9544092957,64.0,116634
7947,Киа,202408,1891258.4088260238,25.0,140196
7948,Жигули,202405,564469.3997169018,3.0,128256
7949,Мерседес-Бенц,202305,3181097.372079224,4.0,173297
7950,Лада Самара,202409,436651.77949087997,4.0,134948
7951,Лада Самара,202411,356182.2604054212,,142581
7952,Жигули,202406,400383.2562108417,35.0,96735
7953,Жигули,202310,420803.3746113475,24.0,112812
7954,Lada,202311,902174.9111389172,27.0,150080
7955,Жигули,202305,405423.0957156251,101.0,152123
7956,Лада Самара,202411,302920.8060106929,60.0,126032
7957,Киа,202409,1673899.8128871243,18.0,138011
7958,Жигули,202301,305815.17864537274,64.0,114617
7959,Жигули,202404,343547.4544435239,20.0,129199
7960,Жигули,202401,261577.72749957698,23.0,122777
7961,Киа,202306,2819241.354209619,20.0,154951
7962,Лада Самара,202402,464667.80862499255,16.0,145874
7963,Лада Самара,202402,519315.2539166804,77.0,161300
7964,Киа,202305,3050675.312741427,1.0,120074
7965,Lada,202412,912111.7053909461,52.0,146562
7966,Лада Самара,202404,406660.54255020607,56.0,153034
7967,Киа,202404,1475867.6763578001,18.0,160141
7968,Жигули,202312,300806.7783493627,49.0,118380
7969,Мерседес-Бенц,202501,4440797.826369701,4.0,227573
7970,Киа,202403,1632757.8887258156,2.0,139978
7971,Lada,202309,825412.346937575,84.0,141011
7972,Жигули,202312,571781.3469504596,9.0,107901
7973,Жигули,202411,263344.1198332179,24.0,119636
7974,Жигули,202406,301927.29509397474,26.0,138466
7975,Киа,202306,1302855.0962178276,2.0,162498
7976,Мерседес-Бенц,202401,6167420.591289281,14.0,217658
7977,Лада Самара,202310,347826.0425069765,39.0,173493
7978,Жигули,202302,379171.52646298386,22.0,133164
7979,Жигули,202405,492757.6713677502,120.0,119002
7980,Мерседес-Бенц,202308,4901286.7750421995,7.0,209978
7981,Жигули,202404,537189.1959401558,32.0,125321
7982,Жигули,202310,397996.076503453,63.0,115673
7983,Киа,202408,2776909.828650723,14.0,151996
7984,Лада Самара,202403,513474.17694806197,21.0,137392
7985,Киа,202407,2952387.863313153,35.0,168917
7986,Lada,202401,599191.4069808342,10.0,152567
7987,Lada,202409,674455.5888955906,71.0,121093
7988,Киа,202306,2457762.9416120434,13.0,157739
7989,Мерседес-Бенц,202312,6392908.544474257,53.0,214549
7990,Мерседес-Бенц,202407,6864532.034478624,-100.0,230935
7991,Мерседес-Бенц,202306,6554867.4702170715,41.0,196561
7992,Киа,202305,2887666.0251416536,48.0,148958
7993,Жигули,202412,306183.9625562071,29.0,125539
7994,Лада Самара,202407,464271.3700174069,,138738
7995,Киа,202401,1785803.433112973,14.0,161770
7996,Лада Самара,202408,486268.74349584186,39.0,151824
7997,Жигули,202302,380901.6047186635,5.0,117166
7998,Мерседес-Бенц,202412,6441881.858866006,44.0,190736
7999,Жигули,202308,288874.57904758526,8.0,109358
8000,Мерседес-Бенц,202412,6005689.413126125,17.0,236959
8001,Жигули,202406,295679.3861112794,16.0,109936
8002,Жигули,202409,255201.5348711812,1.0,128496
8003,Мерседес-Бенц,202302,7040663.447168312,-100.0,165288
8004,Киа,202302,1333331.202768149,21.0,160652
8005,Киа,202501,2737647.10374143,33.0,151109
8006,Мерседес-Бенц,202409,3976937.030792616,31.0,223988
8007,Лада Самара,202305,492211.76823702396,53.0,133386
8008,Киа,202309,1535537.2648176195,11.0,148234
8009,Лада Самара,202306,213531.75459979734,54.0,138246
8010,Киа,202412,2213887.6191359474,10.0,134274
8011,Киа,202407,1882818.9663392976,27.0,154066
8012,Лада Самара,202308,488660.6963848026,23.0,136188
8013,Мерседес-Бенц,202309,4705704.733424784,6.0,239676
8014,Лада Самара,202306,574174.1071536404,91.0,150257
8015,Лада Самара,202406,699266.3811239293,5.0,144193
8016,Киа,202308,2766990.0619164067,6.0,153141
8017,Лада Самара,202309,509630.16175820463,16.0,146498
8018,Мерседес-Бенц,202401,6606878.730157725,11.0,175089
8019,Lada,202404,972134.9318328362,24.0,149313
8020,Жигули,202405,433849.39280952216,21.0,112714
8021,Lada,202408,874278.7649484262,27.0,120095
8022,Жигули,202309,326764.1346708547,28.0,120822
8023,Жигули,202306,358506.29727721616,7.0,127276
8024,Киа,202404,2121570.770682401,17.0,198353
8025,Жигули,202305,496514.8177441886,31.0,100359
8026,Лада Самара,202304,413157.51553576573,9.0,125907
8027,Жигули,202304,274615.9521739711,0.0,114845
8028,Lada,202412,1412559.7328514797,8.0,127513
8029,Жигули,202407,526618.0497871625,12.0,157531
8030,Киа,202301,2037982.525925939,10.0,158221
8031,Lada,202410,673520.6683400456,13.0,132243
8032,Киа,202307,2271715.951916076,21.0,133954
8033,Киа,202302,2019493.4060703763,,143664
8034,Киа,202412,2038787.0941377059,19.0,162858
8035,Киа,202408,2602469.4755098647,12.0,142185
8036,Lada,202402,1043119.3379271863,22.0,146029
8037,Киа,202312,2196633.6849193242,10.0,158644
8038,Киа,202306,1914870.2438403345,12.0,155948
8039,Лада Самара,202405,256480.13467773286,61.0,143953
8040,Киа,202408,2284546.5303877443,20.0,163778
8041,Лада Самара,202403,428266.62814709713,11.0,132740
8042,Киа,202302,2699086.523425741,0.0,138260
8043,Мерседес-Бенц,202412,3772680.0492612454,8.0,200932
8044,Мерседес-Бенц,202406,7469587.917695246,38.0,181288
8045,Киа,202311,1736004.0554868944,28.0,171935
8046,Киа,202411,3317154.799313685,2.0,126253
8047,Киа,202410,1695448.0554607115,35.0,126240
8048,Lada,202409,817407.272841669,30.0,162900
8049,Жигули,202406,371142.1498777897,0.0,125862
8050,Lada,202501,876097.0803550717,23.0,134382
8051,Лада Самара,202312,636867.1378580972,7.0,155278
8052,Жигули,202404,527951.1803943134,73.0,118178
8053,Lada,202309,631671.87014244,58.0,152708
8054,Жигули,202303,252255.8283675938,15.0,117438
8055,Lada,202310,540320.1780777248,23.0,143094
8056,Lada,202407,1007854.097624195,12.0,135901
8057,Жигули,202305,418030.2618902858,8.0,103086
8058,Киа,202405,1760078.865335408,69.0,143430
8059,Жигули,202310,367931.9729885456,19.0,117286
8060,Киа,202501,2067739.447903059,17.0,155227
8061,Жигули,202310,387833.787719334,27.0,122706
8062,Лада Самара,202406,371664.9534560727,6.0,111596
8063,Мерседес-Бенц,202305,4916296.918436485,12.0,188774
8064,Жигули,202312,321171.60431078984,6.0,136092
8065,Киа,202409,3308265.956627567,38.0,148828
8066,Киа,202411,2612019.9559793277,-100.0,133212
8067,Lada,202303,561183.0931846533,31.0,150620
8068,Жигули,202402,318226.19114633324,24.0,119470
8069,Жигули,202403,509687.4649968954,15.0,133394
8070,Мерседес-Бенц,202304,6224813.416519276,12.0,191621
8071,Лада Самара,202306,542542.2426497175,23.0,124798
8072,Жигули,202411,400608.8570667599,6.0,109878
8073,Мерседес-Бенц,202310,5630444.472916066,67.0,211813
8074,Жигули,202412,531589.5391629194,53.0,151534
8075,Лада Самара,202405,391251.20604088163,74.0,131013
8076,Lada,202408,1005564.5426379691,49.0,140199
8077,Киа,202305,2358499.654915018,48.0,188165
8078,Lada,202501,521299.0234149601,67.0,137612
8079,Жигули,202404,364061.4613361472,50.0,110501
8080,Lada,202309,801657.3027856005,97.0,136960
8081,Мерседес-Бенц,202406,4671832.062156237,27.0,212074
8082,Киа,202302,1011782.9708712028,62.0,137245
8083,Лада Самара,202304,457220.5452316034,18.0,129046
8084,Lada,202307,912601.463531126,113.0,127745
8085,Жигули,202409,449528.5803350643,0.0,140236
8086,Лада Самара,202404,267716.5009056102,16.0,117474
8087,Лада Самара,202411,618051.6326086216,40.0,128284
8088,Жигули,202311,255483.93859142976,50.0,105260
8089,Lada,202310,1142585.5251994915,79.0,127954
8090,Киа,202412,1489667.7000777416,10.0,145935
8091,Lada,202402,1215872.888920894,20.0,145150
8092,Lada,202409,810347.5653559979,35.0,147794
8093,Жигули,202307,316920.7363272027,49.0,117029
8094,Жигули,202402,338017.5209065706,11.0,125759
8095,Лада Самара,202305,405180.2244295297,0.0,102311
8096,Lada,202304,1090132.6310177583,67.0,140911
8097,Lada,202408,709974.3445918171,93.0,130439
8098,Lada,202301,1189369.9711117034,1.0,128038
8099,Lada,202401,794691.4985444724,20.0,151259
8100,Жигули,202302,679943.0340480695,15.0,118853
8101,Киа,202306,1471817.5305140542,26.0,161873
8102,Киа,202302,2386108.7896266314,37.0,126204
8103,Lada,202304,623987.2398112875,35.0,138456
8104,Lada,202310,574769.792215239,10.0,158663
8105,Лада Самара,202301,440076.9845368492,12.0,128949
8106,Киа,202410,2017505.8204338674,8.0,134204
8107,Киа,202410,1958417.5096699353,4.0,159823
8108,Киа,202405,2418843.940395908,6.0,160206
8109,Киа,202304,1616659.3521113335,27.0,159519
8110,Лада Самара,202403,360497.47631359653,15.0,109546
8111,Мерседес-Бенц,202409,4165149.4065099796,5.0,189143
8112,Киа,202305,2636975.959262075,1.0,134450
8113,Киа,202310,1846320.1262945435,51.0,149867
8114,Мерседес-Бенц,202409,9483678.977377998,9.0,183627
8115,Жигули,202412,690129.1539836248,11.0,129646
8116,Lada,202405,771208.8710223166,2.0,136209
8117,Lada,202407,750660.2628982733,32.0,167553
8118,Мерседес-Бенц,202306,4005881.928284886,0.0,203909
8119,Жигули,202403,379104.4768157948,55.0,113429
8120,Лада Самара,202406,303550.7323258123,60.0,127470
8121,Киа,202308,2048777.549013614,46.0,171919
8122,Lada,202304,934521.7788423193,32.0,111013
8123,Lada,202409,1211045.7582764225,2.0,117116
8124,Мерседес-Бенц,202312,5189920.108865514,14.0,216399
8125,Мерседес-Бенц,202405,8876605.831804601,8.0,220303
8126,Мерседес-Бенц,202303,5188575.853087644,23.0,205124
8127,Киа,202404,1758000.1028170611,88.0,148596
8128,Жигули,202302,373062.19717183174,11.0,114970
8129,Lada,202302,942892.6434373605,71.0,128416
8130,Киа,202302,3306885.621515621,16.0,148532
8131,Lada,202408,1232315.6619168418,16.0,163359
8132,Киа,202302,1592919.656796112,6.0,116664
8133,Lada,202309,774411.4333501017,31.0,123478
8134,Лада Самара,202306,616797.6522497223,3.0,156598
8135,Лада Самара,202306,628030.1410696494,,148543
8136,Киа,202401,2258032.947739364,18.0,132092
8137,Lada,202407,1329006.151517476,13.0,133077
8138,Жигули,202309,815452.298954149,3.0,129478
8139,Лада Самара,202304,444383.7057041529,4.0,146471
8140,Lada,202307,1021950.6519579046,0.0,115030
8141,Мерседес-Бенц,202312,2669483.437716343,12.0,189767
8142,Киа,202302,2071277.2279681766,5.0,134469
8143,Киа,202301,1855263.963284179,18.0,147253
8144,Lada,202305,1010521.6324144432,1.0,136398
8145,Lada,202307,1185146.484943768,17.0,154234
8146,Лада Самара,202306,338177.8170162313,0.0,109235
8147,Лада Самара,202410,331053.7246908858,3.0,145025
8148,Жигули,202404,297367.624743907,1.0,118601
8149,Киа,202306,3633981.9137793146,-100.0,149538
8150,Киа,202406,2384014.4614643054,17.0,193075
8151,Киа,202403,1542809.2013531679,14.0,178230
8152,Мерседес-Бенц,202312,7612438.25252373,13.0,171806
8153,Жигули,202411,440593.1228400014,3.0,141307
8154,Киа,202306,2619287.274372072,5.0,149270
8155,Киа,202312,1070378.325142065,8.0,130010
8156,Мерседес-Бенц,202408,4569205.80992795,3.0,227514
8157,Лада Самара,202303,501700.10197763855,29.0,154588
8158,Лада Самара,202307,369845.7889442273,13.0,135094
8159,Киа,202405,2500372.652425884,32.0,159524
8160,Лада Самара,202407,522458.93048749596,2.0,132551
8161,Жигули,202306,322876.72830417595,8.0,119171
8162,Жигули,202402,385684.5092439145,16.0,143325
8163,Киа,202302,2002312.3976978178,1.0,141346
8164,Lada,202312,1145089.7710941997,2.0,150887
8165,Мерседес-Бенц,202309,5457736.061763582,6.0,214944
8166,Мерседес-Бенц,202310,3941092.7198306383,15.0,181175
8167,Жигули,202403,448939.0965180136,14.0,119850
8168,Lada,202402,955668.7318370009,3.0,131877
8169,Мерседес-Бенц,202303,4887798.102467815,2.0,188945
8170,Лада Самара,202412,341609.23789462604,9.0,127135
8171,Lada,202412,706660.3708291018,-100.0,142936
8172,Lada,202309,774336.4394197497,16.0,147553
8173,Lada,202302,1159403.2845178992,52.0,146686
8174,Лада Самара,202410,588777.7974096988,8.0,136024
8175,Жигули,202412,290441.6753315254,7.0,115441
8176,Жигули,202406,422496.46950329444,42.0,118629
8177,Киа,202301,2180063.9836429334,54.0,157111
8178,Жигули,202304,357030.6448975407,12.0,129934
8179,Мерседес-Бенц,202303,4862749.017104374,32.0,244143
8180,Жигули,202301,367493.3262338153,76.0,128555
8181,Lada,202303,594942.5597696693,22.0,145152
8182,Киа,202408,1392699.4298681065,11.0,127874
8183,Жигули,202405,341733.95469439717,23.0,102324
8184,Lada,202312,501786.57405416237,27.0,126862
8185,Lada,202404,946438.4485222371,11.0,142529
8186,Лада Самара,202302,583699.8161079667,10.0,127280
8187,Lada,202403,665628.255784097,1.0,103889
8188,Киа,202310,2336131.9373694756,22.0,149005
8189,Киа,202401,1601814.807432478,7.0,176653
8190,Киа,202401,2346026.292586637,69.0,172929
8191,Мерседес-Бенц,202401,6100230.432927231,2.0,172694
8192,Жигули,202406,394356.5494685771,21.0,121744
8193,Киа,202302,1558950.0496381642,1.0,139012
8194,Киа,202401,970985.0378395551,0.0,136738
8195,Lada,202305,994213.8092337556,5.0,139907
8196,Lada,202401,1294265.3188984857,57.0,134580
8197,Lada,202409,1291161.3426399217,77.0,158660
8198,Киа,202406,818310.6175919626,70.0,131784
8199,Киа,202303,2881077.80301302,3.0,159216
8200,Киа,202404,2696756.7214416303,5.0,164855
8201,Lada,202501,1418371.0464486377,28.0,133315
8202,Lada,202412,1049165.4817394891,14.0,138904
8203,Жигули,202402,274272.1315320637,22.0,153261
8204,Lada,202408,945601.352624544,17.0,136156
8205,Lada,202401,580865.2201415453,40.0,147709
8206,Киа,202305,2124263.522471736,16.0,166615
8207,Жигули,202312,434683.1186808636,23.0,109686
8208,Киа,202411,1953496.2674349954,27.0,195175
8209,Lada,202411,691339.3670100932,13.0,131628
8210,Киа,202408,2217569.5091120596,14.0,148174
8211,Lada,202302,1065513.9581548383,36.0,146173
8212,Киа,202305,2700695.930797023,62.0,156165
8213,Lada,202301,1280976.7157283083,33.0,132577
8214,Киа,202403,2170832.6636419715,1.0,155026
8215,Мерседес-Бенц,202408,4324913.21623613,34.0,182111
8216,Lada,202301,610084.950973495,27.0,158078
8217,Лада Самара,202305,498433.0882878016,16.0,139808
8218,Лада Самара,202408,603907.1952093849,9.0,142166
8219,Mercedes,202301,5155305.198336044,23.0,220454
8220,Жигули,202403,338371.7384446584,5.0,113251
8221,Лада Самара,202401,573717.0762598246,3.0,116667
8222,Жигули,202306,436227.6494818308,24.0,131985
8223,Мерседес-Бенц,202410,4593080.390936575,2.0,169757
8224,Мерседес-Бенц,202403,6775695.487635298,19.0,211279
8225,Lada,202304,658800.1938001226,29.0,129276
8226,Киа,202404,1777774.5749967864,23.0,154872
8227,Жигули,202501,213764.7842718485,6.0,108867
8228,Жигули,202303,304805.76586005656,50.0,139185
8229,Киа,202306,2615808.155780209,22.0,137345
8230,Мерседес-Бенц,202408,6389468.517187909,21.0,155288
8231,Lada,202305,845569.4852710243,3.0,127899
8232,Lada,202404,643188.1932601586,14.0,123292
8233,Lada,202405,965736.8804225294,8.0,131063
8234,Жигули,202501,268338.34685689607,30.0,112355
8235,Мерседес-Бенц,202311,4896004.626557346,23.0,211572
8236,Жигули,202303,341400.45567572484,31.0,106866
8237,Жигули,202308,593034.2180280887,70.0,124153
8238,Мерседес-Бенц,202310,5773707.434631001,14.0,199401
8239,Киа,202408,2751215.0666864156,14.0,137363
8240,Мерседес-Бенц,202411,6102908.544923561,10.0,182244
8241,Мерседес-Бенц,202301,8140927.630284079,34.0,238592
8242,Киа,202302,2882667.6258923355,59.0,135259
8243,Мерседес-Бенц,202312,5102560.423951353,25.0,191630
8244,Киа,202309,2405468.9577749134,15.0,169741
8245,Лада Самара,202406,359903.1537484347,23.0,136726
8246,Lada,202411,977498.7854779061,22.0,139375
8247,Жигули,202310,533775.7174599704,11.0,111576
8248,Киа,202501,2573668.6336036446,31.0,149505
8249,Жигули,202306,408427.2548690022,2.0,145070
8250,Киа,202406,1845566.4610432412,23.0,169032
8251,Жигули,202408,322087.0641996136,5.0,107576
8252,Жигули,202412,424316.54516871937,20.0,117773
8253,Lada,202302,1026304.6037161911,30.0,105335
8254,Мерседес-Бенц,202312,3751865.192615577,22.0,220831
8255,Киа,202309,1883182.3148724067,19.0,135967
8256,Мерседес-Бенц,202310,6156113.485405335,36.0,217926
8257,Лада Самара,202412,708520.436806833,52.0,136737
8258,Lada,202411,957729.2810669722,,128841
8259,Лада Самара,202308,500263.3914437768,49.0,133159
8260,Lada,202404,646542.2003048521,3.0,128775
8261,Лада Самара,202411,495333.39683014783,3.0,117290
8262,Киа,202309,2734300.496651283,6.0,162767
8263,Жигули,202408,346036.75219300354,37.0,123321
8264,Мерседес-Бенц,202404,4945801.953909385,62.0,236307
8265,Жигули,202411,490393.7108794065,2.0,100828
8266,Жигули,202406,382596.0130188843,10.0,133131
8267,Лада Самара,202304,383053.3997783881,53.0,128760
8268,Лада Самара,202301,470706.2554662123,9.0,127748
8269,Киа,202501,1377146.912344984,27.0,167735
8270,Лада Самара,202306,393475.439032335,16.0,150426
8271,Lada,202311,1138914.7036283433,45.0,159961
8272,Лада Самара,202305,412111.53462214896,32.0,135054
8273,Жигули,202304,242156.24129149065,1.0,113221
8274,Lada,202303,962462.1778558175,16.0,155529
8275,Киа,202410,2334220.3968111817,,160889
8276,Lada,202411,771188.7245541742,27.0,139614
8277,Киа,202501,2919004.336264127,62.0,125329
8278,Жигули,202411,552637.732774596,2.0,114664
8279,Мерседес-Бенц,202411,7831948.870156514,26.0,198937
8280,Lada,202405,980596.902957366,7.0,130693
8281,Киа,202311,2025856.654603248,9.0,138362
8282,Киа,202308,1298022.310374497,9.0,143471
8283,Жигули,202408,381547.9573189324,103.0,143722
8284,Lada,202312,672503.5195623403,66.0,150728
8285,Lada,202412,684005.2809473694,17.0,141611
8286,Lada,202405,759264.7926578487,26.0,140816
8287,Жигули,202407,693428.6243844798,2.0,107207
8288,Lada,202308,562072.5237177414,30.0,143289
8289,Жигули,202501,415027.19700272125,6.0,127040
8290,Мерседес-Бенц,202308,7036462.800152767,22.0,207388
8291,Лада Самара,202305,342485.6675009191,14.0,118002
8292,Лада Самара,202302,331373.2805854714,8.0,153574
8293,Мерседес-Бенц,202406,6272817.254248806,91.0,207023
8294,Lada,202410,799690.4841921246,35.0,142394
8295,Жигули,202306,398954.9022908911,17.0,132063
8296,Жигули,202304,289942.0899953942,23.0,104857
8297,Лада Самара,202311,570952.7474765421,3.0,153461
8298,Киа,202402,2323366.804185796,19.0,133399
8299,Мерседес-Бенц,202307,4839859.979055656,30.0,204159
8300,Lada,202404,681811.9532776815,2.0,151781
8301,Lada,202403,1076864.0944135915,4.0,117909
8302,Lada,202308,1036659.4053099273,23.0,131922
8303,Lada,202407,902385.3216600533,12.0,146562
8304,Киа,202307,2824193.3624793943,27.0,172899
8305,Лада Самара,202406,431034.8374306972,3.0,115145
8306,Mercedes,202305,4453076.286244537,16.0,203693
8307,Лада Самара,202310,518741.6527856448,37.0,133180
8308,Мерседес-Бенц,202405,5582989.289229573,34.0,220899
8309,Киа,202307,1587971.3938294644,16.0,148446
8310,Жигули,202303,303605.2344653723,16.0,121438
8311,Жигули,202412,493843.200745232,1.0,115045
8312,Киа,202312,2834988.884194592,9.0,152516
8313,Жигули,202402,387071.72637451295,43.0,127296
8314,Жигули,202408,409576.6009154988,2.0,124890
8315,Lada,202305,802903.8984992125,29.0,159989
8316,Мерседес-Бенц,202312,7583282.907013224,82.0,217951
8317,Lada,202309,911455.3685635806,15.0,144753
8318,Киа,202311,2397428.4011680074,31.0,164673
8319,Lada,202302,997092.4114130894,5.0,144752
8320,Lada,202303,743304.8801721956,19.0,140274
8321,Жигули,202309,313766.1183152421,32.0,144246
8322,Киа,202410,1872323.3449996517,20.0,124954
8323,Киа,202401,1703722.8825710912,3.0,145975
8324,Мерседес-Бенц,202303,5381083.329559873,1.0,204070
8325,Lada,202309,1314992.7424245276,34.0,129065
8326,Мерседес-Бенц,202305,6069428.266972125,13.0,237152
8327,Киа,202401,1765187.5460832524,8.0,121641
8328,Lada,202501,1052852.5515627656,,132427
8329,Мерседес-Бенц,202501,5423157.092877476,92.0,176413
8330,Мерседес-Бенц,202402,7279671.939205896,107.0,202096
8331,Жигули,202310,525011.4527618606,54.0,114087
8332,Киа,202309,1729073.9360620948,41.0,157091
8333,Киа,202501,1590749.8091839247,40.0,191434
8334,Киа,202302,2339148.788353548,34.0,174475
8335,Киа,202301,2567069.7422446804,3.0,128754
8336,Lada,202410,911878.1085686542,14.0,141903
8337,Мерседес-Бенц,202401,6603065.396312317,64.0,198986
8338,Киа,202409,1890731.9687170142,47.0,166875
8339,Киа,202501,2792225.927213241,14.0,163562
8340,Lada,202306,850655.0771249534,14.0,155565
8341,Лада Самара,202310,362110.9111889195,55.0,160029
8342,Жигули,202402,283477.1270152985,2.0,130441
8343,Лада Самара,202303,529824.4763916598,25.0,133468
8344,Lada,202406,799072.4927726805,6.0,131312
8345,Lada,202404,659747.4346431652,2.0,114949
8346,Мерседес-Бенц,202305,4954750.206525244,9.0,212262
8347,Лада Самара,202410,480229.0701115896,42.0,142600
8348,Lada,202411,896204.4413631652,40.0,114855
8349,Киа,202306,2645689.6536394577,53.0,171855
8350,Lada,202501,1745077.5202032446,0.0,124055
8351,Lada,202303,734850.685760703,66.0,123626
8352,Lada,202406,995586.2534194269,13.0,138135
8353,Лада Самара,202310,584796.879544738,34.0,118056
8354,Киа,202307,2197474.03707542,28.0,142098
8355,Мерседес-Бенц,202309,6084343.314904381,49.0,191248
8356,Lada,202401,653338.9487370448,34.0,125009
8357,Lada,202303,991107.8781709325,31.0,123253
8358,Жигули,202303,473825.7918106434,1.0,114337
8359,Жигули,202308,288117.07161721133,19.0,132250
8360,Лада Самара,202301,382215.8096748592,27.0,121886
8361,Лада Самара,202306,750277.7614220736,12.0,125982
8362,Мерседес-Бенц,202403,8267888.857731968,43.0,188596
8363,Lada,202307,973716.2320116536,10.0,146977
8364,Жигули,202406,440810.2801469972,17.0,117300
8365,Жигули,202312,341008.6132543874,31.0,127325
8366,Lada,202301,1463810.3538632677,35.0,131734
8367,Жигули,202408,344807.38324724406,40.0,142476
8368,Киа,202307,2677071.077587971,7.0,147291
8369,Мерседес-Бенц,202402,5627609.3986604605,2.0,223451
8370,Киа,202303,2793386.3571453174,34.0,167297
8371,Лада Самара,202303,486243.0630001058,12.0,129728
8372,Жигули,202401,358594.54867837025,16.0,113424
8373,Жигули,202403,426048.4747995386,4.0,114199
8374,Жигули,202407,284016.2371904759,9.0,116489
8375,Киа,202410,2705775.0904743746,3.0,170095
8376,Жигули,202403,259185.67439198008,0.0,125139
8377,Жигули,202403,442733.00540055416,75.0,128845
8378,Жигули,202301,427263.8727983075,34.0,116459
8379,Lada,202304,1077260.569772091,17.0,124931
8380,Жигули,202301,354303.56047140865,37.0,106050
8381,Lada,202409,908586.0374282846,21.0,131361
8382,Lada,202304,420350.5421888767,1.0,121935
8383,Мерседес-Бенц,202306,4260256.509665078,4.0,228631
8384,Киа,202407,2274503.7866534297,8.0,157533
8385,Киа,202403,1865439.8445153541,28.0,151262
8386,Лада Самара,202311,301979.7066056977,69.0,147814
8387,Мерседес-Бенц,202409,6093101.595483973,15.0,234039
8388,Жигули,202303,460643.87670217146,8.0,118770
8389,Лада Самара,202410,454669.90071664506,13.0,131993
8390,Киа,202306,1579542.4236697305,6.0,129421
8391,Мерседес-Бенц,202303,4575401.906359344,2.0,229423
8392,Жигули,202406,280700.2554295452,1.0,128162
8393,Мерседес-Бенц,202402,8071785.478590681,43.0,197762
8394,Мерседес-Бенц,202310,4210111.376174083,35.0,228197
8395,Киа,202410,1908800.184944191,4.0,117037
8396,Киа,202311,1963919.5311826917,5.0,141668
8397,Lada,202305,680329.8268326393,22.0,136418
8398,Мерседес-Бенц,202305,5707324.327253408,34.0,214171
8399,Мерседес-Бенц,202305,4058882.1103243935,12.0,224288
8400,Lada,202412,534094.0045908048,23.0,124293
8401,Киа,202410,1906673.1878643744,7.0,157970
8402,Мерседес-Бенц,202404,3282959.9384756554,7.0,219567
8403,Киа,202401,2047859.084793081,21.0,148023
8404,Киа,202305,3616084.9185307384,4.0,142295
8405,Лада Самара,202301,459091.33999989805,1.0,114376
8406,Lada,202402,1412379.9207338647,18.0,128500
8407,Лада Самара,202409,258629.3578080675,1.0,105198
8408,Киа,202307,1598576.3626241183,62.0,149785
8409,Киа,202401,2019609.990420595,4.0,149619
8410,Лада Самара,202407,354175.14500444126,9.0,129393
8411,Жигули,202409,301988.26970960014,17.0,116224
8412,Мерседес-Бенц,202301,4873717.599439942,31.0,206035
8413,Жигули,202411,561449.0310069681,21.0,124884
8414,Жигули,202401,506361.74367666605,46.0,130459
8415,Lada,202311,690313.7154420842,3.0,113734
8416,Жигули,202402,368366.3169211071,1.0,111532
8417,Lada,202402,752476.086476419,23.0,117294
8418,Лада Самара,202405,262145.370512234,0.0,119500
8419,Лада Самара,202410,289991.6025367219,32.0,149871
8420,Мерседес-Бенц,202309,5677205.645632582,6.0,207461
8421,Мерседес-Бенц,202401,5057532.403399727,67.0,200806
8422,Киа,202404,2757203.9693086687,0.0,131709
8423,Киа,202301,1778873.4271649283,2.0,139464
8424,Жигули,202410,356248.5433638596,12.0,114070
8425,Lada,202410,1080265.5482856273,1.0,134806
8426,Жигули,202307,534298.7097250988,18.0,111478
8427,Lada,202410,754950.688176624,25.0,130272
8428,Лада Самара,202311,568430.4568141039,16.0,126268
8429,Киа,202407,2155291.9643448507,13.0,133935
8430,Киа,202405,2606387.7975127446,24.0,130463
8431,Lada,202404,760630.1311889677,9.0,133736
8432,Киа,202403,1870621.690126697,35.0,133697
8433,Киа,202409,2271211.20174288,37.0,151145
8434,Lada,202405,577780.3593990012,12.0,147965
8435,Lada,202411,743861.3904709911,7.0,132864
8436,Киа,202401,2084473.9790889537,19.0,147641
8437,Лада Самара,202405,424813.8026819412,24.0,115483
8438,Mercedes,202412,6823839.836333588,2.0,206258
8439,Lada,202312,593896.5975935432,42.0,124304
8440,Мерседес-Бенц,202311,5281090.2956618965,44.0,195423
8441,Киа,202409,1717937.622920768,107.0,154382
8442,Лада Самара,202301,526803.702657657,-100.0,141221
8443,Мерседес-Бенц,202403,4681821.878435818,14.0,161417
8444,Lada,202410,875663.3856365837,4.0,149708
8445,Жигули,202403,295406.6748430356,19.0,107396
8446,Мерседес-Бенц,202403,8669874.281486355,36.0,252163
8447,Жигули,202407,441366.3138186044,13.0,114739
8448,Киа,202402,1825813.8775799065,9.0,153740
8449,Жигули,202306,420830.1894944332,11.0,121890
8450,Киа,202301,1931527.7173633245,4.0,141521
8451,Мерседес-Бенц,202308,7839439.802007562,27.0,226778
8452,Киа,202412,2133525.2390528875,23.0,171152
8453,Лада Самара,202309,578049.2295241846,70.0,133510
8454,Мерседес-Бенц,202302,5554834.795505383,33.0,189087
8455,Лада Самара,202407,519910.20884316316,19.0,119173
8456,Жигули,202302,556928.0108571268,0.0,127380
8457,Лада Самара,202412,623735.8597954212,41.0,119845
8458,Киа,202403,2654371.4706895472,14.0,153130
8459,Lada,202404,1261861.5856876757,18.0,143596
8460,Мерседес-Бенц,202501,3001613.284699517,53.0,193039
8461,Жигули,202308,446214.07503600506,21.0,130032
8462,Киа,202411,2625347.029348301,34.0,151452
8463,Киа,202411,1586757.3948759795,9.0,145718
8464,Lada,202501,623934.251282923,29.0,117802
8465,Мерседес-Бенц,202410,7919828.798326894,24.0,195668
8466,Жигули,202307,307816.7811741514,27.0,113154
8467,Мерседес-Бенц,202407,7181256.888837274,32.0,223639
8468,Лада Самара,202306,563849.0769279861,46.0,139924
8469,Жигули,202309,436861.60424040764,42.0,113285
8470,Киа,202307,2512069.797431792,15.0,127955
8471,Лада Самара,202406,457129.87993888505,8.0,142756
8472,Мерседес-Бенц,202408,7733042.380101102,16.0,227940
8473,Жигули,202404,365057.9060657493,4.0,131784
8474,Киа,202304,2303585.789718949,10.0,154909
8475,Жигули,202406,194387.92147020213,21.0,109394
8476,Мерседес-Бенц,202411,5215353.2714077905,61.0,195394
8477,Лада Самара,202501,398005.48248584825,23.0,107454
8478,Киа,202406,2378113.1383781023,59.0,155360
8479,Киа,202404,2580899.4793749466,26.0,161973
8480,Lada,202310,828452.8181668113,1.0,118648
8481,Киа,202407,1922672.9757369892,51.0,140425
8482,Киа,202406,2039351.8936874613,16.0,116371
8483,Мерседес-Бенц,202403,4217435.221754982,56.0,217839
8484,Мерседес-Бенц,202411,5240485.053731402,55.0,234111
8485,Жигули,202301,302641.85541582527,12.0,119889
8486,Киа,202301,2672412.130297887,22.0,141586
8487,Жигули,202409,426918.1313642069,91.0,113591
8488,Лада Самара,202405,372036.0024707976,0.0,119151
8489,Жигули,202311,328449.7772142097,61.0,132894
8490,Мерседес-Бенц,202410,5407881.49175513,14.0,195573
8491,Мерседес-Бенц,202410,5196964.966954717,43.0,186794
8492,Mercedes,202406,5719719.777745133,27.0,280022
8493,Мерседес-Бенц,202407,7720975.3894716315,-100.0,178345
8494,Мерседес-Бенц,202307,3523327.7532729497,7.0,181506
8495,Мерседес-Бенц,202411,5954483.881862516,5.0,186021
8496,Киа,202310,2046496.8805831415,31.0,153960
8497,Lada,202402,704855.3131443062,16.0,130537
8498,Киа,202412,1271815.2399345553,15.0,142286
8499,Киа,202308,1844811.6670121143,122.0,152965
8500,Лада Самара,202408,333602.4359400856,0.0,111809
8501,Мерседес-Бенц,202408,5794325.91847723,61.0,215384
8502,Киа,202310,2205560.5509824506,35.0,165297
8503,Жигули,202411,228040.58559059477,16.0,112768
8504,Киа,202501,1433597.3002937264,6.0,151169
8505,Киа,202307,2199145.365278752,4.0,144364
8506,Мерседес-Бенц,202402,5613085.435853207,11.0,215444
8507,Лада Самара,202412,463038.84739042586,10.0,132445
8508,Lada,202312,890629.4679186224,6.0,146728
8509,Lada,202410,651576.1572528252,199.0,175775
8510,Мерседес-Бенц,202312,4049961.4217513064,6.0,216287
8511,Киа,202404,3754765.475901088,0.0,154157
8512,Киа,202409,2479521.907003961,15.0,143663
8513,Mercedes,202306,8503216.558499124,18.0,214302
8514,Жигули,202405,289072.34029236686,1.0,118069
8515,Киа,202404,1471239.8962670022,13.0,133114
8516,Мерседес-Бенц,202304,4466185.189490983,26.0,228473
8517,Жигули,202408,717332.5036637232,13.0,130666
8518,Жигули,202311,481498.97254748637,60.0,116204
8519,Киа,202302,2603093.47390764,36.0,161343
8520,Жигули,202410,464619.2160836311,70.0,153349
8521,Mercedes,202406,8222217.231782437,1.0,222935
8522,Жигули,202402,395556.80956191756,19.0,130236
8523,Лада Самара,202501,330278.8886361826,118.0,140162
8524,Киа,202410,1648581.145276696,21.0,155052
8525,Lada,202403,579657.3075941543,0.0,124754
8526,Киа,202301,3517384.204777694,75.0,189730
8527,Lada,202501,721529.5451435243,24.0,110908
8528,Киа,202308,1704633.7158975312,10.0,155955
8529,Мерседес-Бенц,202312,6438406.867952605,116.0,206052
8530,Мерседес-Бенц,202411,4476718.759576704,86.0,233509
8531,Киа,202308,2231959.483212336,1.0,161510
8532,Lada,202403,1391305.317922142,14.0,146716
8533,Киа,202410,2174394.9665012793,78.0,140675
8534,Лада Самара,202305,198429.02488951682,10.0,151894
8535,Лада Самара,202501,409460.1784230067,27.0,129788
8536,Lada,202305,694170.7730731283,15.0,152079
8537,Lada,202311,1040551.6855971161,4.0,137446
8538,Lada,202308,961440.8935019544,20.0,138912
8539,Киа,202408,2993006.9732505903,25.0,146517
8540,Киа,202411,2272581.6979183587,38.0,124073
8541,Мерседес-Бенц,202409,6493770.229963874,-100.0,253241
8542,Lada,202412,766461.8484099887,22.0,141164
8543,Lada,202311,863903.2648845684,30.0,130897
8544,Мерседес-Бенц,202301,7139980.245516901,1.0,208326
8545,Жигули,202405,538604.9023953539,12.0,116825
8546,Lada,202305,1004479.5811420387,9.0,123377
8547,Lada,202410,902589.1163714514,2.0,123077
8548,Lada,202411,1446802.7603780099,4.0,127287
8549,Киа,202309,1485145.0914121356,35.0,143593
8550,Киа,202406,2259695.542791273,5.0,151656
8551,Киа,202408,2077737.6226349527,3.0,166004
8552,Мерседес-Бенц,202307,3607006.562536018,3.0,207508
8553,Жигули,202412,286554.67524035246,26.0,119918
8554,Киа,202304,2295151.623915469,10.0,119918
8555,Киа,202408,3056419.7636923557,50.0,160561
8556,Лада Самара,202403,471903.0828543842,15.0,125276
8557,Лада Самара,202311,386110.61138065293,7.0,136251
8558,Мерседес-Бенц,202405,6254834.676287973,8.0,213305
8559,Жигули,202302,378119.1486716542,,109868
8560,Киа,202401,1720540.826907917,0.0,129674
8561,Мерседес-Бенц,202301,5282919.109586367,3.0,207761
8562,Киа,202308,2136717.2013985612,7.0,132531
8563,Киа,202301,1890824.9845717333,33.0,191044
8564,Лада Самара,202302,363385.8624409783,0.0,126220
8565,Lada,202308,780373.1067483128,2.0,138958
8566,Жигули,202306,391041.75732315966,72.0,122214
8567,Лада Самара,202308,389246.8150614075,0.0,115907
8568,Киа,202412,1815002.83181015,37.0,184909
8569,Киа,202404,1591252.9490889201,40.0,135329
8570,Lada,202310,882668.8624962897,113.0,138017
8571,Жигули,202406,247683.05546296792,48.0,119477
8572,Lada,202404,826441.7568604898,13.0,129428
8573,Мерседес-Бенц,202408,3427135.377887766,21.0,191286
8574,Киа,202408,1640809.535175287,17.0,145344
8575,Киа,202411,2489766.3279262693,24.0,159798
8576,Киа,202406,1798614.199639779,98.0,157224
8577,Мерседес-Бенц,202303,5625459.111717487,13.0,213017
8578,Жигули,202410,432731.6363400578,12.0,117173
8579,Лада Самара,202312,370070.62071463186,23.0,146616
8580,Киа,202301,1360484.910997749,13.0,128317
8581,Киа,202406,3749885.0641674264,0.0,139650
8582,Жигули,202311,369007.83415495965,0.0,110597
8583,Киа,202407,2464632.349269383,11.0,146537
8584,Мерседес-Бенц,202410,4677935.011289256,69.0,203141
8585,Киа,202412,2721001.1390336445,29.0,149737
8586,Киа,202306,2105033.99509391,16.0,160291
8587,Лада Самара,202310,468254.943138556,2.0,124459
8588,Киа,202403,2178338.403764132,5.0,142209
8589,Киа,202403,1987507.9459319164,19.0,170608
8590,Киа,202307,1989458.6931130006,59.0,168429
8591,Lada,202305,1221886.4715868952,51.0,138357
8592,Мерседес-Бенц,202311,6932131.29737772,11.0,209001
8593,Киа,202408,2251828.620465137,15.0,129892
8594,Киа,202310,2401533.14034122,2.0,143535
8595,Mercedes,202501,6083849.210438696,42.0,245114
8596,Жигули,202408,432060.1674923109,20.0,129746
8597,Lada,202309,880670.4072715024,13.0,121010
8598,Киа,202304,1884765.7583356656,21.0,131854
8599,Жигули,202407,531019.4395561974,3.0,127609
8600,Lada,202501,776674.5984169057,5.0,147778
8601,Lada,202411,637398.293472311,32.0,146559
8602,Киа,202404,2933530.5963087077,118.0,189180
8603,Лада Самара,202411,625572.1808035742,49.0,156653
8604,Лада Самара,202404,344934.88822932425,18.0,124859
8605,Лада Самара,202401,375916.0091674845,39.0,155200
8606,Lada,202407,1052894.6528050215,6.0,123779
8607,Мерседес-Бенц,202412,5322563.630181989,73.0,217155
8608,Лада Самара,202305,222999.14667818544,1.0,113016
8609,Жигули,202412,369296.2543360966,40.0,136567
8610,Киа,202309,2222168.8266625674,7.0,142814
8611,Жигули,202310,294128.55349629384,10.0,152142
8612,Лада Самара,202402,439148.4544425527,93.0,141993
8613,Lada,202405,1168483.5221174264,13.0,135435
8614,Киа,202403,2874000.423756696,4.0,136524
8615,Жигули,202405,244020.11315060756,2.0,123206
8616,Мерседес-Бенц,202404,5131780.43279183,11.0,212555
8617,Жигули,202401,290314.1384696058,,115255
8618,Мерседес-Бенц,202411,8585048.444363615,17.0,243598
8619,Lada,202310,613298.3893531534,11.0,125830
8620,Жигули,202404,300144.9533855403,2.0,101914
8621,Мерседес-Бенц,202412,5807956.639120766,12.0,202752
8622,Лада Самара,202302,199123.93135251163,103.0,136357
8623,Киа,202305,1166868.7360653756,17.0,146581
8624,Мерседес-Бенц,202501,7532643.802664439,49.0,223536
8625,Мерседес-Бенц,202411,6008644.459932782,5.0,206262
8626,Лада Самара,202402,342016.0079865849,23.0,155497
8627,Лада Самара,202408,430637.7572047132,21.0,152045
8628,Мерседес-Бенц,202404,5294719.346997992,53.0,224669
8629,Лада Самара,202302,333149.7360040107,12.0,144483
8630,Lada,202404,1078667.1077471036,2.0,112917
8631,Киа,202411,1929471.5443480096,14.0,163353
8632,Мерседес-Бенц,202310,5094676.676511018,6.0,218851
8633,Лада Самара,202308,359352.24797911535,47.0,159413
8634,Мерседес-Бенц,202309,5304224.486653804,-100.0,194893
8635,Киа,202308,2532961.2561769825,54.0,142838
8636,Киа,202307,2410221.575580458,11.0,145020
8637,Киа,202401,2703421.834838217,34.0,153021
8638,Lada,202302,1075172.4888067648,42.0,124079
8639,Киа,202306,1602407.0641249241,31.0,132739
8640,Lada,202302,592169.3867814469,15.0,127204
8641,Лада Самара,202402,396979.37036907556,70.0,118521
8642,Киа,202310,2089363.2462130794,85.0,129050
8643,Мерседес-Бенц,202405,4330335.7626551045,1.0,184331
8644,Lada,202405,937441.2708944845,5.0,134585
8645,Лада Самара,202304,648374.4933508456,3.0,128873
8646,Киа,202408,3628995.418334584,4.0,160721
8647,Киа,202404,1953821.28085774,9.0,128559
8648,Киа,202308,3872056.928495686,3.0,162674
8649,Киа,202307,2006097.3476978533,36.0,148688
8650,Мерседес-Бенц,202310,4045685.9741230877,39.0,242744
8651,Жигули,202501,564082.368222326,91.0,126196
8652,Киа,202402,1313400.2660686898,93.0,152321
8653,Киа,202402,1984664.3916594398,53.0,149579
8654,Киа,202304,2402754.290658603,33.0,156575
8655,Киа,202410,2147105.645448945,86.0,170603
8656,Жигули,202406,432926.143575535,64.0,134122
8657,Киа,202408,1989259.3038492298,5.0,152582
8658,Мерседес-Бенц,202403,7360166.02347886,0.0,189838
8659,Киа,202410,2942082.261295877,18.0,154425
8660,Лада Самара,202305,413620.167872651,12.0,166351
8661,Мерседес-Бенц,202410,6999026.483639255,36.0,222573
8662,Lada,202406,968546.7443671555,8.0,149753
8663,Киа,202308,2396410.8830712414,10.0,160321
8664,Киа,202309,1489943.64445895,74.0,159779
8665,Мерседес-Бенц,202306,7097809.381838573,19.0,160691
8666,Лада Самара,202311,496586.234768175,36.0,123309
8667,Лада Самара,202304,442162.37195740995,12.0,134988
8668,Киа,202402,2094462.9674837205,76.0,154963
8669,Киа,202308,1606455.8893829053,42.0,156757
8670,Lada,202409,510872.4713638108,30.0,144607
8671,Лада Самара,202305,533307.6590230463,39.0,119868
8672,Киа,202401,2200325.572279948,53.0,156438
8673,Лада Самара,202403,318314.41887370154,26.0,136818
8674,Киа,202501,2365014.6493224953,21.0,159482
8675,Мерседес-Бенц,202303,5385960.388125261,3.0,177877
8676,Жигули,202310,328441.98358179006,60.0,123927
8677,Мерседес-Бенц,202307,3000696.830972741,13.0,167522
8678,Lada,202307,920304.8682132035,32.0,116936
8679,Лада Самара,202306,336442.94821178884,1.0,155903
8680,Lada,202304,1117874.3974706004,31.0,135114
8681,Жигули,202411,500531.503759878,49.0,110732
8682,Киа,202408,2054682.9186298163,31.0,126371
8683,Мерседес-Бенц,202308,7756867.087634098,14.0,201007
8684,Мерседес-Бенц,202308,4339060.40103849,19.0,242776
8685,Киа,202403,1478714.7211322275,33.0,150904
8686,Лада Самара,202406,348372.0845851958,2.0,137405
8687,Мерседес-Бенц,202312,4698945.9775198465,33.0,191962
8688,Жигули,202401,265742.3402876681,12.0,111204
8689,Лада Самара,202409,418798.60129641526,59.0,137556
8690,Жигули,202301,647023.3204532344,41.0,121082
8691,Lada,202306,1133354.186071902,9.0,132843
8692,Lada,202404,883508.9118754364,0.0,129691
8693,Киа,202412,1792955.0518767934,4.0,158719
8694,Жигули,202406,466008.683451053,0.0,92787
8695,Киа,202402,1647557.688029655,35.0,144643
8696,Киа,202403,2215274.8217190667,0.0,151222
8697,Мерседес-Бенц,202401,7100002.329364983,17.0,194018
8698,Жигули,202304,210885.7998839955,5.0,137956
8699,Lada,202409,1043144.9755622147,6.0,143677
8700,Киа,202306,1947928.513875847,18.0,139406
8701,Киа,202308,1602720.3270447531,12.0,141589
8702,Жигули,202407,570402.6789526243,67.0,119464
8703,Мерседес-Бенц,202301,4648899.838636438,9.0,187406
8704,Киа,202407,3327817.5213284087,0.0,134531
8705,Мерседес-Бенц,202411,5765231.961002503,15.0,186154
8706,Жигули,202312,300158.46685924433,30.0,119639
8707,Мерседес-Бенц,202301,4795616.586246858,60.0,218491
8708,Киа,202310,1687079.3984835646,58.0,161659
8709,Лада Самара,202405,533876.8789118832,49.0,139297
8710,Жигули,202302,685365.7302555986,-100.0,101336
8711,Лада Самара,202405,398484.3295604267,27.0,138798
8712,Жигули,202401,349899.9327542571,21.0,116294
8713,Киа,202501,1363089.0593759995,120.0,155754
8714,Lada,202307,1068456.9483671,0.0,117481
8715,Жигули,202411,352201.45106837427,15.0,111016
8716,Мерседес-Бенц,202501,5494217.858874927,47.0,202482
8717,Лада Самара,202304,706037.9007131926,35.0,151458
8718,Lada,202312,710849.1496081158,0.0,91327
8719,Жигули,202312,236804.49380416918,47.0,130544
8720,Жигули,202306,527863.2684132396,29.0,137381
8721,Киа,202305,1816241.9436033755,45.0,125083
8722,Киа,202407,1572894.229560901,32.0,146124
8723,Lada,202402,1003924.9066553316,52.0,126239
8724,Lada,202301,470892.6643758048,3.0,122722
8725,Жигули,202409,330535.8856098995,7.0,116933
8726,Киа,202312,1602907.6967106694,64.0,155237
8727,Мерседес-Бенц,202410,6171294.055563723,0.0,184396
8728,Жигули,202308,362727.057491219,3.0,100912
8729,Киа,202501,2578597.5638146354,39.0,135768
8730,Lada,202312,577336.0053093702,102.0,134820
8731,Мерседес-Бенц,202309,7484638.244271905,2.0,199709
8732,Киа,202308,2344006.8969266284,2.0,138641
8733,Киа,202302,1867126.0891463528,12.0,131306
8734,Киа,202304,2529414.416286878,10.0,137542
8735,Киа,202312,2924678.963992871,1.0,145999
8736,Lada,202405,1176785.4615559233,1.0,109374
8737,Lada,202305,958921.2939485121,8.0,131311
8738,Жигули,202306,337161.0205674586,45.0,100297
8739,Киа,202310,1894845.099035122,79.0,137541
8740,Киа,202307,2005415.5098845148,57.0,169754
8741,Киа,202410,1872538.3090884304,0.0,126835
8742,Мерседес-Бенц,202406,5675985.135789132,22.0,242164
8743,Lada,202302,657694.9706005573,7.0,132224
8744,Киа,202408,2884828.1258358383,52.0,179138
8745,Lada,202404,798099.4266197825,23.0,107973
8746,Киа,202501,2319878.5136637776,5.0,172452
8747,Киа,202302,2027393.1485417462,8.0,147302
8748,Мерседес-Бенц,202401,6565047.94436963,41.0,204800
8749,Киа,202405,2045797.8121474036,16.0,138792
8750,Lada,202403,568411.5882016416,18.0,132328
8751,Lada,202404,870937.1500904051,8.0,138941
8752,Жигули,202409,262775.5486113586,22.0,110177
8753,Мерседес-Бенц,202403,6695357.939487205,8.0,186671
8754,Lada,202310,1215765.8960045187,16.0,140477
8755,Жигули,202409,343167.4612024508,56.0,122668
8756,Жигули,202409,492248.793600118,16.0,96037
8757,Lada,202404,647948.4708155015,2.0,139509
8758,Жигули,202305,446260.27801456297,16.0,130804
8759,Киа,202301,2320393.2299393113,24.0,131924
8760,Киа,202408,3920565.5629419195,22.0,137248
8761,Мерседес-Бенц,202311,5813820.311667821,68.0,186020
8762,Жигули,202304,333316.15902874473,17.0,140071
8763,Киа,202407,2828037.1159022218,11.0,139740
8764,Жигули,202404,575180.0339896942,61.0,128840
8765,Киа,202408,2929745.751241327,29.0,170261
8766,Жигули,202406,432893.8530130116,9.0,129095
8767,Лада Самара,202310,436099.16744280816,-100.0,131827
8768,Мерседес-Бенц,202501,6635087.77514283,110.0,230343
8769,Lada,202307,848760.6746401082,10.0,113111
8770,Мерседес-Бенц,202408,5264511.830728254,25.0,217504
8771,Киа,202403,1263944.1617007654,37.0,147491
8772,Киа,202412,2038939.526311823,10.0,145623
8773,Киа,202406,1994048.109268295,7.0,151548
8774,Лада Самара,202401,436135.0880191415,17.0,151856
8775,Киа,202406,2108280.9517497793,1.0,159846
8776,Жигули,202307,515160.9148216084,38.0,119185
8777,Мерседес-Бенц,202302,4656026.161825488,12.0,209551
8778,Мерседес-Бенц,202304,5888157.185960546,4.0,184189
8779,Lada,202305,968096.9209817996,80.0,133107
8780,Киа,202410,2496958.6589866504,53.0,157721
8781,Жигули,202406,615117.6049521738,40.0,125372
8782,Киа,202407,1963612.7737724374,52.0,158448
8783,Мерседес-Бенц,202501,8554933.614926744,7.0,208936
8784,Lada,202311,1036932.6828058832,0.0,120436
8785,Жигули,202310,312269.8727936921,38.0,114805
8786,Лада Самара,202310,375535.5584442267,33.0,131122
8787,Lada,202407,867133.0178143305,8.0,138116
8788,Лада Самара,202309,405032.71247688675,20.0,137846
8789,Lada,202501,682497.0480194557,16.0,141179
8790,Lada,202307,449693.4966604295,16.0,135000
8791,Жигули,202312,407971.10437812493,11.0,120624
8792,Lada,202410,1379129.7909528166,16.0,125980
8793,Киа,202312,3876410.434293789,5.0,152210
8794,Lada,202404,1335680.6844448326,16.0,152513
8795,Жигули,202405,301642.6068699631,4.0,105944
8796,Лада Самара,202402,354585.1305105475,,141372
8797,Жигули,202303,450270.82555664773,43.0,135784
8798,Киа,202404,1579979.640242313,11.0,136679
8799,Лада Самара,202412,473904.85803994,8.0,135895
8800,Киа,202305,1987821.9580163385,9.0,145299
8801,Lada,202305,690998.6194974105,31.0,122850
8802,Lada,202408,499945.03118165996,0.0,125480
8803,Мерседес-Бенц,202501,5656564.801042934,,214948
8804,Lada,202409,820807.1242708892,4.0,142344
8805,Мерседес-Бенц,202305,8342888.449812553,18.0,209707
8806,Lada,202408,1076122.579660829,117.0,122097
8807,Жигули,202410,400211.584626037,49.0,138873
8808,Киа,202405,2979629.5030066175,10.0,136499
8809,Мерседес-Бенц,202401,4207734.784635392,13.0,182264
8810,Lada,202403,850907.1134213887,73.0,144473
8811,Киа,202308,2415731.0652644234,27.0,164977
8812,Жигули,202403,499468.93430588243,15.0,110107
8813,Киа,202407,3189212.40701139,44.0,136188
8814,Киа,202305,2192787.1163812485,2.0,163958
8815,Жигули,202409,326958.0803311619,52.0,94311
8816,Жигули,202304,736685.1217306735,8.0,101711
8817,Киа,202406,2523807.7516846503,20.0,156382
8818,Киа,202303,2326066.0814718935,11.0,137217
8819,Lada,202405,852972.6582668924,84.0,133968
8820,Киа,202402,2125263.532497525,9.0,126619
8821,Lada,202407,728752.5781610012,13.0,137362
8822,Lada,202308,918849.9886413031,2.0,123027
8823,Лада Самара,202401,423881.21439369576,14.0,137629
8824,Киа,202306,2003864.7571075393,17.0,170166
8825,Mercedes,202406,4385873.080258692,41.0,271429
8826,Мерседес-Бенц,202301,5699833.838511621,13.0,225666
8827,Лада Самара,202411,582542.5139846159,7.0,135309
8828,Лада Самара,202410,760772.3911895626,20.0,137572
8829,Киа,202401,2211077.224176883,28.0,132477
8830,Киа,202402,1835440.983115618,6.0,151993
8831,Мерседес-Бенц,202409,4017506.8182750577,15.0,194321
8832,Жигули,202304,410203.4630324471,1.0,124225
8833,Мерседес-Бенц,202405,6133439.001542843,-100.0,199318
8834,Мерседес-Бенц,202501,4962332.345865497,69.0,232794
8835,Лада Самара,202301,320954.3416428773,3.0,108808
8836,Жигули,202312,491515.8497878228,3.0,126690
8837,Жигули,202308,635483.609687979,41.0,136456
8838,Киа,202410,2966254.195435446,18.0,150008
8839,Жигули,202305,267254.76532320684,5.0,117394
8840,Lada,202302,684753.9222383003,38.0,134908
8841,Жигули,202301,328798.07715481194,18.0,128407
8842,Жигули,202401,516919.3514475664,0.0,129543
8843,Лада Самара,202407,361311.57541755895,4.0,126730
8844,Киа,202307,1612844.9432641822,9.0,161619
8845,Жигули,202306,262278.13043578237,15.0,114473
8846,Киа,202302,2815232.736856031,14.0,152428
8847,Мерседес-Бенц,202403,7410005.668834734,,199959
8848,Lada,202410,787841.8287094793,1.0,135358
8849,Lada,202408,647074.0661299502,26.0,135337
8850,Lada,202305,579198.8638192685,64.0,123746
8851,Lada,202401,608285.7285847217,5.0,122673
8852,Киа,202301,1869162.0487509673,24.0,162261
8853,Lada,202304,1078832.8131696105,54.0,127702
8854,Киа,202304,3159602.024887395,51.0,137898
8855,Lada,202306,771695.1622302403,-100.0,144432
8856,Лада Самара,202304,612811.0296618534,10.0,144689
8857,Киа,202302,2621002.0933342176,6.0,136335
8858,Мерседес-Бенц,202412,4857094.047373262,0.0,176405
8859,Лада Самара,202303,336741.8335669221,25.0,137995
8860,Киа,202403,1681895.041565451,48.0,165170
8861,Lada,202303,754635.4730558681,4.0,126266
8862,Киа,202501,1477849.7620788452,29.0,145916
8863,Lada,202310,998820.8875694538,55.0,126631
8864,Lada,202407,527393.9783937103,28.0,156414
8865,Киа,202309,2851757.1035603243,10.0,149844
8866,Киа,202404,1844159.3617308356,49.0,154970
8867,Lada,202412,1489801.3140679295,26.0,132998
8868,Лада Самара,202308,282932.355238628,21.0,130170
8869,Lada,202304,613920.2441193967,5.0,142989
8870,Киа,202501,1777414.6908984263,8.0,149196
8871,Мерседес-Бенц,202402,5813114.741839331,1.0,214544
8872,Lada,202411,864628.2563409782,4.0,144281
8873,Киа,202402,1813285.254826206,14.0,143100
8874,Мерседес-Бенц,202411,5318351.472632379,16.0,189088
8875,Жигули,202412,427704.7993396786,2.0,109338
8876,Киа,202312,1560927.012723548,20.0,114089
8877,Жигули,202304,385315.2025189092,52.0,142916
8878,Лада Самара,202402,238555.51958246634,13.0,132492
8879,Жигули,202411,616995.1285349738,6.0,137880
8880,Lada,202306,623369.0061121351,21.0,157658
8881,Лада Самара,202408,530645.6725407877,31.0,145288
8882,Lada,202312,789610.7123802939,1.0,125620
8883,Mercedes,202301,5696618.174997644,53.0,235401
8884,Lada,202302,961389.6537323401,42.0,135910
8885,Lada,202303,842457.3253152306,29.0,146563
8886,Киа,202403,2198999.906162289,51.0,177817
8887,Киа,202406,2486287.2992033353,58.0,167714
8888,Мерседес-Бенц,202308,7261653.083139549,22.0,237439
8889,Лада Самара,202303,316079.21916721255,44.0,129063
8890,Жигули,202406,407066.76602046716,11.0,121469
8891,Мерседес-Бенц,202311,6069837.901414261,19.0,207508
8892,Lada,202412,1135903.5893665263,52.0,158128
8893,Lada,202312,1225024.1217677852,22.0,136326
8894,Киа,202406,856106.5370987576,2.0,145065
8895,Киа,202302,2871737.9737373968,21.0,143394
8896,Киа,202409,2138112.901617221,8.0,153166
8897,Киа,202304,1478308.1843568448,12.0,154698
8898,Лада Самара,202403,326661.3882434777,7.0,138015
8899,Киа,202408,2183161.0389262345,139.0,165629
8900,Lada,202304,911183.0102346301,8.0,129722
8901,Киа,202311,2234203.7268956117,20.0,168477
8902,Киа,202304,2178424.475763493,11.0,132059
8903,Мерседес-Бенц,202306,5346389.962482869,41.0,249207
8904,Lada,202312,984236.9653204483,16.0,108305
8905,Lada,202310,826607.3290036311,10.0,111654
8906,Жигули,202302,383644.79737271764,19.0,127201
8907,Мерседес-Бенц,202401,4535066.720435141,15.0,185212
8908,Мерседес-Бенц,202306,6213578.273590852,0.0,191620
8909,Мерседес-Бенц,202404,6338340.438990797,11.0,207894
8910,Lada,202401,809698.6385413951,90.0,164731
8911,Лада Самара,202412,430278.5978980941,103.0,152798
8912,Lada,202404,722850.8719121119,58.0,120950
8913,Лада Самара,202312,481529.4302610355,24.0,104912
8914,Киа,202402,1429118.8360482773,110.0,158212
8915,Лада Самара,202406,391652.3143464019,25.0,143699
8916,Жигули,202405,406184.3933093862,10.0,121505
8917,Lada,202412,1216544.898404315,19.0,132514
8918,Киа,202306,3057287.3104450554,101.0,149219
8919,Мерседес-Бенц,202501,6131181.471606489,7.0,182600
8920,Киа,202411,3382403.478734923,18.0,128036
8921,Киа,202401,2677034.8503650906,73.0,139279
8922,Киа,202402,1798407.2656826205,53.0,142078
8923,Киа,202304,2355113.945824013,65.0,214631
8924,Киа,202301,1877187.510738903,70.0,156087
8925,Лада Самара,202409,304379.82615946064,50.0,131507
8926,Мерседес-Бенц,202410,6593798.499785633,20.0,211204
8927,Мерседес-Бенц,202408,6338232.144046505,7.0,221134
8928,Лада Самара,202312,457063.4661612398,15.0,134920
8929,Жигули,202405,372516.5127672144,1.0,118064
8930,Lada,202405,891450.9828156562,20.0,152756
8931,Лада Самара,202404,484892.9098941274,4.0,167161
8932,Лада Самара,202410,329432.22331122955,9.0,127305
8933,Киа,202309,2224259.6509805126,0.0,118182
8934,Лада Самара,202403,302138.90434531565,7.0,119730
8935,Lada,202412,869016.1415946841,28.0,126339
8936,Lada,202410,801408.5315957498,40.0,136194
8937,Киа,202304,3330225.073192806,75.0,148470
8938,Киа,202404,2642940.779551759,6.0,178193
8939,Жигули,202408,286288.61259747273,29.0,119001
8940,Жигули,202312,398489.9685855147,0.0,117064
8941,Жигули,202312,427364.5125079563,19.0,104620
8942,Киа,202407,2514693.9938058383,33.0,140489
8943,Киа,202404,1513902.599208101,26.0,117279
8944,Жигули,202408,405471.4602964865,10.0,132064
8945,Lada,202410,927588.1833204018,28.0,160368
8946,Лада Самара,202403,580710.807828137,3.0,122886
8947,Мерседес-Бенц,202501,3284824.242693442,4.0,213945
8948,Киа,202301,2711139.20914842,86.0,183084
8949,Жигули,202301,468172.7012702567,5.0,136791
8950,Mercedes,202403,6167123.813916088,54.0,237722
8951,Киа,202410,3332743.867879313,4.0,156281
8952,Жигули,202404,456157.26190118963,22.0,118109
8953,Мерседес-Бенц,202307,5445102.779047644,52.0,183125
8954,Лада Самара,202308,417938.5528189406,2.0,152028
8955,Жигули,202308,186834.43051603035,45.0,129644
8956,Киа,202410,2269985.708381546,47.0,156213
8957,Лада Самара,202401,543391.9444264679,55.0,103444
8958,Лада Самара,202312,265533.36033670563,2.0,110058
8959,Лада Самара,202404,397836.74452638935,27.0,142493
8960,Lada,202411,1166180.8899043328,39.0,119170
8961,Лада Самара,202406,431236.109342557,38.0,135313
8962,Жигули,202407,294827.23623765854,42.0,118830
8963,Лада Самара,202304,611724.9856719541,12.0,119778
8964,Мерседес-Бенц,202301,6806529.400677786,3.0,191629
8965,Киа,202310,2234491.3908386887,138.0,188015
8966,Lada,202409,745961.9324291431,47.0,138467
8967,Жигули,202406,344515.83373845054,11.0,118964
8968,Lada,202311,581239.946556088,17.0,154575
8969,Лада Самара,202305,627337.906369804,23.0,125938
8970,Киа,202301,2674064.3818920576,27.0,142563
8971,Киа,202305,2377278.0558327315,17.0,125756
8972,Lada,202302,972657.25387843,42.0,156608
8973,Мерседес-Бенц,202405,6628208.753403362,71.0,214947
8974,Жигули,202304,488747.7771230314,1.0,95969
8975,Киа,202408,1814154.4541324177,13.0,129185
8976,Киа,202412,1926353.9436193334,11.0,155190
8977,Киа,202305,2019917.3601010204,56.0,177467
8978,Жигули,202401,358621.5237422273,28.0,112205
8979,Лада Самара,202501,527462.0951501084,16.0,121464
8980,Lada,202409,712976.066986858,31.0,110418
8981,Киа,202309,1937475.4572673133,32.0,135872
8982,Киа,202403,1918570.2034576004,17.0,159033
8983,Мерседес-Бенц,202401,5733036.133961629,57.0,201128
8984,Киа,202403,1426710.2121206794,23.0,164750
8985,Лада Самара,202311,354860.787383535,8.0,118869
8986,Мерседес-Бенц,202305,3688924.0062578097,18.0,228060
8987,Lada,202303,727119.9261564638,2.0,115063
8988,Киа,202411,2083315.138739902,24.0,165716
8989,Лада Самара,202403,299776.1139633973,29.0,129127
8990,Lada,202401,627887.7812149451,3.0,135658
8991,Жигули,202310,267040.0417284772,130.0,131804
8992,Лада Самара,202310,443808.4413304238,3.0,109946
8993,Киа,202311,1946999.8781592813,0.0,128291
8994,Лада Самара,202501,230937.02859994717,56.0,140441
8995,Киа,202303,3000822.20977077,4.0,139146
8996,Мерседес-Бенц,202312,6120219.86346779,25.0,201066
8997,Лада Самара,202403,613041.8235125586,11.0,132505
8998,Жигули,202302,428143.3388890044,11.0,100990
8999,Киа,202501,2463384.0088309357,7.0,131937
9000,Жигули,202308,299214.67941314646,49.0,123137
9001,Lada,202304,1101594.666762107,13.0,138332
9002,Lada,202401,1065838.8110927367,23.0,167843
9003,Жигули,202407,199023.32731996465,6.0,111138
9004,Lada,202301,532975.50821416,16.0,135155
9005,Жигули,202404,485340.188502994,15.0,113229
9006,Киа,202309,1479675.15529229,2.0,147098
9007,Мерседес-Бенц,202312,5031321.980690035,4.0,250267
9008,Lada,202407,907864.1550326133,12.0,147650
9009,Жигули,202404,230008.16110858993,34.0,124475
9010,Киа,202308,1822875.2417772708,17.0,138807
9011,Жигули,202308,567630.6117120782,95.0,111060
9012,Киа,202308,1422533.1036085521,113.0,168299
9013,Lada,202304,1267711.4358598287,16.0,140687
9014,Жигули,202309,397899.4644675682,1.0,98274
9015,Киа,202305,1695113.4430725635,4.0,160432
9016,Лада Самара,202311,572801.4492031211,11.0,117806
9017,Жигули,202311,430963.84452630125,9.0,135187
9018,Лада Самара,202402,336622.1203331701,40.0,115971
9019,Киа,202403,2130976.608109853,14.0,144294
9020,Киа,202310,1986386.6161746946,38.0,163865
9021,Lada,202308,1331601.4009608896,49.0,128839
9022,Киа,202303,2534004.7299920307,4.0,146811
9023,Киа,202412,1258230.861670684,10.0,147819
9024,Киа,202302,1918356.6773587316,36.0,144904
9025,Киа,202302,2253770.9822847242,1.0,165867
9026,Киа,202304,1726481.0018104764,32.0,166945
9027,Lada,202412,811682.0770905064,6.0,104314
9028,Киа,202403,2074846.5417500439,85.0,174552
9029,Киа,202401,2148500.1178350803,25.0,143370
9030,Киа,202412,2627874.059618959,3.0,179781
9031,Жигули,202405,339142.68716401554,4.0,109254
9032,Lada,202305,875557.4759971488,6.0,124009
9033,Лада Самара,202301,520359.44479599886,0.0,122165
9034,Лада Самара,202308,426281.406444726,43.0,148633
9035,Lada,202302,952442.7394134409,78.0,132898
9036,Lada,202408,1202838.97278479,36.0,139608
9037,Мерседес-Бенц,202301,6759207.625111272,18.0,215935
9038,Лада Самара,202308,309611.5961100737,26.0,127837
9039,Киа,202406,1651181.5338778624,4.0,180306
9040,Киа,202301,1586019.860085986,2.0,141979
9041,Жигули,202406,234806.40598713665,18.0,111641
9042,Киа,202411,2478388.6693903543,32.0,151810
9043,Мерседес-Бенц,202410,7509390.565612926,-100.0,219161
9044,Жигули,202303,466422.475609377,30.0,119253
9045,Мерседес-Бенц,202410,5141878.201812382,26.0,214688
9046,Жигули,202405,261651.43363608938,110.0,119140
9047,Киа,202404,1758056.4707969986,50.0,165269
9048,Lada,202406,373933.8215097881,,99983
9049,Мерседес-Бенц,202407,4391486.463982909,0.0,200631
9050,Мерседес-Бенц,202409,3894467.3468905166,7.0,200031
9051,Лада Самара,202404,263916.8373573618,9.0,155201
9052,Лада Самара,202310,524076.2127450416,6.0,135588
9053,Киа,202312,1294065.4043853274,20.0,143188
9054,Мерседес-Бенц,202304,4723362.502132663,39.0,222582
9055,Жигули,202404,361433.38546702213,0.0,114615
9056,Киа,202312,1979054.103235451,,139700
9057,Mercedes,202305,3849924.102029875,46.0,255093
9058,Киа,202406,1915013.5075865134,7.0,157600
9059,Киа,202402,1895029.9165209804,13.0,151199
9060,Киа,202312,1729176.4713588138,0.0,169144
9061,Киа,202305,2430229.2784295767,9.0,134326
9062,Lada,202405,843828.2697701238,35.0,138570
9063,Киа,202402,2744810.4387239236,39.0,168824
9064,Жигули,202307,156859.84023063086,32.0,93357
9065,Жигули,202402,401901.655631077,23.0,95153
9066,Lada,202307,646449.5394603508,2.0,116250
9067,Жигули,202310,420844.2371085654,5.0,138545
9068,Лада Самара,202304,533875.1194996806,55.0,154141
9069,Киа,202401,1353575.5517171044,6.0,164697
9070,Лада Самара,202303,448529.52764977503,14.0,145359
9071,Киа,202407,1701096.5383646823,5.0,152448
9072,Киа,202303,3289584.871128116,8.0,169690
9073,Лада Самара,202501,410526.2878424376,0.0,123273
9074,Киа,202408,2964999.169923655,6.0,140472
9075,Мерседес-Бенц,202311,8511515.4076399,2.0,241861
9076,Мерседес-Бенц,202311,7202009.914673688,7.0,201738
9077,Киа,202410,1824597.0266198295,0.0,149666
9078,Мерседес-Бенц,202404,4939859.860532821,25.0,240422
9079,Мерседес-Бенц,202305,5683036.818236654,10.0,197942
9080,Lada,202312,1013804.45929104,66.0,148303
9081,Лада Самара,202407,480276.5500772995,11.0,127880
9082,Лада Самара,202411,608021.5451506898,-100.0,138197
9083,Лада Самара,202309,389055.9700876858,8.0,156396
9084,Жигули,202310,354415.5450228013,96.0,127233
9085,Лада Самара,202307,360429.05024090625,17.0,138027
9086,Lada,202404,719668.5161712148,37.0,129420
9087,Мерседес-Бенц,202409,5596886.734042375,57.0,237599
9088,Лада Самара,202406,448398.5277505192,46.0,161012
9089,Lada,202411,974785.2432784514,63.0,143411
9090,Киа,202302,2960578.5739117027,5.0,141571
9091,Киа,202408,3124322.468657751,56.0,138318
9092,Киа,202410,2977816.939050457,9.0,140269
9093,Киа,202303,3436391.075929972,9.0,136956
9094,Киа,202304,2082186.9734423035,23.0,162693
9095,Мерседес-Бенц,202404,4493193.067216175,15.0,167997
9096,Киа,202310,2555087.096805574,1.0,145131
9097,Киа,202407,2051787.6023045618,19.0,145803
9098,Киа,202306,2610924.7902973173,75.0,173243
9099,Лада Самара,202304,320481.6392914411,15.0,140971
9100,Лада Самара,202501,326645.5128990932,2.0,119560
9101,Лада Самара,202301,551753.6840984555,12.0,131701
9102,Жигули,202405,531676.9121459938,3.0,129550
9103,Жигули,202303,322865.76110856666,3.0,118394
9104,Жигули,202306,430378.5474544841,22.0,96070
9105,Киа,202311,1738343.1537767835,10.0,148250
9106,Мерседес-Бенц,202412,7986272.666988262,34.0,173100
9107,Мерседес-Бенц,202411,6480384.995204171,44.0,204416
9108,Киа,202307,2383484.6221627346,18.0,173976
9109,Жигули,202301,422235.7437305931,24.0,124929
9110,Mercedes,202305,7331060.937095035,8.0,227752
9111,Жигули,202305,271728.6984676859,12.0,110280
9112,Киа,202302,1819774.1931620939,37.0,150947
9113,Лада Самара,202407,327188.8172646158,111.0,129719
9114,Lada,202408,581161.5300860325,20.0,145907
9115,Жигули,202311,495156.04671232,25.0,119185
9116,Lada,202303,468286.89146237535,12.0,139385
9117,Жигули,202403,501586.535312611,4.0,118250
9118,Лада Самара,202308,438756.9485889218,29.0,136581
9119,Лада Самара,202406,331778.1718338976,8.0,128354
9120,Киа,202304,1698262.5599758492,18.0,145313
9121,Лада Самара,202305,509925.62427701347,27.0,135351
9122,Киа,202407,1957005.3813227213,23.0,142828
9123,Lada,202405,708448.3433940514,36.0,157395
9124,Киа,202310,2585291.5018402725,18.0,127428
9125,Лада Самара,202312,265329.16263598326,55.0,147591
9126,Киа,202311,2243416.607628238,14.0,178135
9127,Lada,202501,905743.578197395,94.0,132429
9128,Киа,202403,2608687.7570277047,19.0,148394
9129,Мерседес-Бенц,202401,8543897.804901684,30.0,190291
9130,Киа,202302,2221493.393103546,4.0,165586
9131,Жигули,202406,324534.2541230912,30.0,132668
9132,Киа,202409,1897469.1608209205,0.0,126691
9133,Киа,202412,2575537.2417969545,7.0,130228
9134,Киа,202302,1330039.6550069733,,143544
9135,Lada,202308,937111.2401459465,17.0,145389
9136,Мерседес-Бенц,202501,6052773.5868935995,39.0,221066
9137,Lada,202311,1153540.1093496894,4.0,133022
9138,Киа,202301,1703361.6760552698,0.0,145745
9139,Лада Самара,202311,376775.5175531713,32.0,135744
9140,Киа,202411,2393732.9793582265,6.0,141339
9141,Lada,202410,921847.0211606874,11.0,136576
9142,Киа,202408,2060112.1707775241,15.0,138720
9143,Лада Самара,202312,401050.25158075866,21.0,150287
9144,Мерседес-Бенц,202302,7519971.499367939,23.0,197527
9145,Lada,202307,1570390.0332293005,135.0,133132
9146,Lada,202305,492582.0605931939,0.0,104818
9147,Киа,202304,1624066.264141258,5.0,141285
9148,Киа,202402,1670934.4031601597,20.0,152330
9149,Жигули,202401,168214.1235429406,23.0,103107
9150,Киа,202302,2433159.9999187686,4.0,166150
9151,Киа,202311,2300127.282874524,1.0,130540
9152,Киа,202406,2701376.1469533728,35.0,154107
9153,Жигули,202304,206075.40051101756,27.0,132973
9154,Lada,202302,1497965.4556958845,7.0,112656
9155,Жигули,202411,402084.85287126404,7.0,107048
9156,Киа,202311,2407106.0962947397,5.0,152621
9157,Мерседес-Бенц,202306,6540219.209047197,49.0,221525
9158,Lada,202306,1043100.878610676,167.0,107442
9159,Жигули,202501,246055.76054248572,11.0,122682
9160,Lada,202411,996451.8657723278,29.0,126728
9161,Мерседес-Бенц,202302,8540484.613454595,24.0,209735
9162,Киа,202410,3412579.38752883,50.0,152868
9163,Лада Самара,202302,331926.18263538025,10.0,145374
9164,Киа,202303,4772060.90877966,7.0,140616
9165,Мерседес-Бенц,202412,6248317.153746137,10.0,243842
9166,Lada,202403,586795.7300447415,3.0,142378
9167,Лада Самара,202304,291209.3203213808,18.0,128777
9168,Lada,202406,1367649.668428056,53.0,127117
9169,Lada,202402,652096.3161297919,1.0,139846
9170,Жигули,202410,257560.15475799772,8.0,120528
9171,Mercedes,202310,4112137.976887501,40.0,251258
9172,Лада Самара,202501,419380.5050825707,3.0,135525
9173,Lada,202302,1441972.9541620866,7.0,105927
9174,Киа,202501,1181722.4686450846,33.0,145713
9175,Мерседес-Бенц,202306,6536402.324128566,80.0,210947
9176,Киа,202501,2225367.729894431,33.0,127503
9177,Lada,202407,1109666.1249125833,17.0,149785
9178,Киа,202411,2174142.2549673733,6.0,143489
9179,Киа,202305,3031351.8646819233,86.0,135014
9180,Жигули,202304,548457.1396264829,46.0,115879
9181,Жигули,202405,466272.5283055447,59.0,118298
9182,Лада Самара,202301,592009.105398341,20.0,139795
9183,Киа,202405,2943667.3007793766,58.0,168795
9184,Киа,202302,1561312.3970263964,9.0,127046
9185,Lada,202411,934988.7442278765,17.0,142991
9186,Киа,202312,1461734.363818442,61.0,135999
9187,Lada,202404,1010060.7564046085,18.0,139395
9188,Киа,202302,2024403.8605463859,11.0,128587
9189,Лада Самара,202304,407849.83501501434,11.0,147272
9190,Киа,202306,2762545.210292836,56.0,164553
9191,Киа,202308,2599947.8819442885,5.0,158435
9192,Жигули,202408,437813.68630924047,48.0,131804
9193,Жигули,202311,303271.6137207199,25.0,118022
9194,Жигули,202412,391690.5641268655,35.0,125554
9195,Киа,202405,1660235.143321347,22.0,147027
9196,Жигули,202412,336988.4232804653,47.0,148558
9197,Мерседес-Бенц,202305,5524140.79160441,15.0,246805
9198,Lada,202301,809657.7294046301,31.0,126708
9199,Жигули,202409,478668.19497568154,106.0,155890
9200,Лада Самара,202410,596363.1144244218,169.0,153744
9201,Киа,202308,1925964.1808725127,47.0,184718
9202,Жигули,202306,388815.7513060659,0.0,99468
9203,Лада Самара,202410,420254.02751075436,8.0,117958
9204,Мерседес-Бенц,202406,3990349.9824864604,2.0,226829
9205,Жигули,202310,384524.4396249713,91.0,104940
9206,Жигули,202404,322396.6443233438,10.0,117617
9207,Мерседес-Бенц,202305,6413499.488838524,12.0,221524
9208,Киа,202309,2567339.9782396504,0.0,154278
9209,Lada,202402,615358.1230201053,41.0,144875
9210,Lada,202405,799598.7715646122,19.0,148673
9211,Лада Самара,202402,643128.2255018489,45.0,119190
9212,Lada,202409,879897.215915114,81.0,130197
9213,Киа,202409,2386407.797547835,17.0,166409
9214,Lada,202409,576422.5891138086,10.0,135165
9215,Жигули,202401,519561.43506668526,39.0,112718
9216,Lada,202401,819547.3044784524,-100.0,144852
9217,Жигули,202406,297492.87254119455,61.0,116319
9218,Киа,202407,1481589.6277242599,1.0,142686
9219,Lada,202308,1177168.7879703634,22.0,136305
9220,Lada,202309,1022190.1224390995,17.0,134914
9221,Лада Самара,202501,649795.9533985109,84.0,147085
9222,Жигули,202307,270000.7211346069,52.0,128112
9223,Киа,202312,1754571.056107471,16.0,132780
9224,Мерседес-Бенц,202303,6940889.450049207,38.0,202832
9225,Киа,202308,2562072.773827908,19.0,146107
9226,Лада Самара,202309,393517.2964654983,13.0,113727
9227,Лада Самара,202401,327879.7257324982,22.0,142970
9228,Лада Самара,202501,531867.4417071083,7.0,164183
9229,Жигули,202308,444778.9026468487,1.0,135406
9230,Мерседес-Бенц,202406,6097979.000786106,27.0,224232
9231,Киа,202307,1764272.396055452,90.0,128481
9232,Lada,202407,739711.962749517,13.0,132288
9233,Lada,202402,573484.2039506894,30.0,155709
9234,Mercedes,202401,5245787.39665093,11.0,260187
9235,Мерседес-Бенц,202412,6325452.120628537,19.0,214333
9236,Мерседес-Бенц,202409,8987573.778589953,10.0,197074
9237,Лада Самара,202310,499802.19084317464,3.0,127655
9238,Мерседес-Бенц,202307,6304939.957286232,43.0,212375
9239,Киа,202404,2128279.357757111,13.0,119750
9240,Киа,202402,1295028.5294672563,3.0,135420
9241,Киа,202409,2446621.850824678,43.0,123500
9242,Киа,202408,2521851.316308623,31.0,123919
9243,Жигули,202411,246911.4782007192,6.0,100005
9244,Лада Самара,202406,543429.1112110355,16.0,137502
9245,Lada,202405,1095151.434665953,5.0,121782
9246,Жигули,202302,438198.8231713249,5.0,119024
9247,Жигули,202302,283270.55605770636,-100.0,123155
9248,Киа,202302,1937094.1380917903,0.0,122489
9249,Киа,202302,2013331.9980803616,-100.0,127385
9250,Мерседес-Бенц,202412,7468386.435874637,5.0,181930
9251,Жигули,202303,209309.46684118704,10.0,119626
9252,Жигули,202304,399799.5516091432,3.0,133414
9253,Жигули,202301,286972.4284407057,31.0,91611
9254,Киа,202408,3180207.8694370785,15.0,170661
9255,Lada,202308,1427762.8932282305,0.0,139377
9256,Лада Самара,202301,330661.5806298032,12.0,119337
9257,Lada,202308,714736.2322411811,7.0,130974
9258,Жигули,202301,402226.33290645416,19.0,122832
9259,Жигули,202408,572679.2541993309,2.0,117666
9260,Жигули,202309,356013.5456554438,58.0,120096
9261,Мерседес-Бенц,202405,7622096.852240616,8.0,222682
9262,Киа,202407,1690598.7294321351,9.0,134869
9263,Мерседес-Бенц,202310,8684096.551970156,2.0,214384
9264,Киа,202302,2494336.5821541925,5.0,147578
9265,Киа,202311,1872660.727704581,12.0,136184
9266,Lada,202412,699618.6025806242,4.0,124775
9267,Lada,202403,786551.4673680825,43.0,104054
9268,Жигули,202402,512381.0633008874,9.0,136371
9269,Лада Самара,202407,465353.7292304354,21.0,126105
9270,Лада Самара,202310,342901.1798729383,16.0,125082
9271,Жигули,202501,339915.4642424939,10.0,107934
9272,Жигули,202402,409564.0667441628,15.0,136873
9273,Жигули,202308,234825.85720116924,26.0,112647
9274,Мерседес-Бенц,202406,6321150.514730854,59.0,211000
9275,Жигули,202407,316876.1345888846,29.0,98945
9276,Киа,202406,1513118.421478325,5.0,182567
9277,Киа,202501,3263471.3006648645,29.0,139830
9278,Жигули,202408,401511.88533781073,30.0,101345
9279,Киа,202405,1973739.5434580562,1.0,151471
9280,Лада Самара,202409,358078.2093646047,74.0,130644
9281,Жигули,202310,353490.1217761998,31.0,125150
9282,Киа,202312,2040131.8019290182,11.0,172440
9283,Лада Самара,202306,527168.2748993937,94.0,124438
9284,Киа,202306,1601387.1907471686,-100.0,137585
9285,Киа,202407,1968570.6689140066,32.0,146618
9286,Лада Самара,202501,599487.8453427348,28.0,120350
9287,Киа,202411,1980979.903615823,33.0,157769
9288,Жигули,202401,443882.13876979786,9.0,106102
9289,Мерседес-Бенц,202501,6424836.009326671,17.0,216167
9290,Жигули,202405,490383.5680210235,2.0,121338
9291,Лада Самара,202306,280548.7259943207,33.0,126195
9292,Киа,202309,2003126.7722282056,-100.0,137709
9293,Жигули,202411,475668.3523940656,82.0,113070
9294,Киа,202412,2484094.0898628654,31.0,163694
9295,Лада Самара,202311,518003.80683196645,42.0,156603
9296,Лада Самара,202501,436033.16964461486,10.0,125523
9297,Лада Самара,202409,245393.90792421217,1.0,116084
9298,Жигули,202311,243618.0705937456,0.0,109250
9299,Киа,202401,1799736.1268819761,9.0,144325
9300,Мерседес-Бенц,202301,7378253.781382846,42.0,204600
9301,Жигули,202409,327758.4855302653,50.0,119220
9302,Жигули,202409,511073.9404602718,10.0,122689
9303,Жигули,202302,412842.7008467596,-100.0,128049
9304,Жигули,202402,523985.8166182436,33.0,124238
9305,Lada,202305,889384.3620617219,21.0,150138
9306,Жигули,202501,225256.40637738077,37.0,136563
9307,Лада Самара,202305,500573.1713558464,62.0,128321
9308,Лада Самара,202306,449664.3967464412,6.0,128567
9309,Жигули,202409,210888.31883253783,2.0,119382
9310,Мерседес-Бенц,202303,7345702.486121393,4.0,227098
9311,Киа,202308,2261518.191513608,31.0,146465
9312,Киа,202307,2518986.1306218025,36.0,183973
9313,Лада Самара,202404,512645.9490059603,3.0,122410
9314,Жигули,202311,600421.0581489939,4.0,110156
9315,Лада Самара,202402,313982.81548830384,5.0,112882
9316,Жигули,202302,278288.8802744886,58.0,125503
9317,Lada,202406,1162316.0883852264,24.0,127192
9318,Lada,202403,655941.1121420597,2.0,128926
9319,Мерседес-Бенц,202402,3024877.514116761,24.0,196683
9320,Киа,202409,2418137.12587366,5.0,148697
9321,Мерседес-Бенц,202406,2894793.6826840313,21.0,218257
9322,Lada,202409,963669.0884943061,19.0,134303
9323,Мерседес-Бенц,202304,6032317.510858078,1.0,192385
9324,Жигули,202304,340774.3986617802,41.0,112806
9325,Киа,202309,1091504.7820610902,1.0,171219
9326,Лада Самара,202311,460807.68703977397,18.0,140786
9327,Лада Самара,202308,580983.7281643474,4.0,112837
9328,Лада Самара,202410,267939.57730433636,8.0,120697
9329,Жигули,202412,309263.537059705,35.0,135259
9330,Мерседес-Бенц,202412,7485255.246791033,6.0,190657
9331,Lada,202304,716251.2046719557,67.0,135646
9332,Киа,202402,2232844.3800554792,0.0,140933
9333,Лада Самара,202410,240809.4745314301,22.0,126582
9334,Жигули,202304,366412.73642742913,0.0,119164
9335,Жигули,202403,243387.77938872727,42.0,118718
9336,Киа,202305,1996043.8964810588,52.0,154271
9337,Лада Самара,202412,339233.9577564652,55.0,124807
9338,Lada,202302,723527.2919439853,61.0,109953
9339,Жигули,202411,335089.06374922267,17.0,110939
9340,Жигули,202307,312401.4123530001,6.0,111212
9341,Мерседес-Бенц,202306,9625214.092823256,12.0,206038
9342,Лада Самара,202301,465130.96430487366,3.0,140126
9343,Киа,202501,2782039.5748449317,5.0,156716
9344,Lada,202302,1176163.5534926485,13.0,143133
9345,Мерседес-Бенц,202311,6273365.481514065,2.0,180842
9346,Мерседес-Бенц,202302,5830543.462898148,6.0,192226
9347,Lada,202406,755420.498623076,0.0,126689
9348,Lada,202408,1129440.254341967,39.0,165958
9349,Киа,202402,2044593.2885306098,72.0,207425
9350,Lada,202310,659484.0675910667,19.0,127298
9351,Лада Самара,202501,283259.9339645582,10.0,119023
9352,Lada,202403,810545.192012125,13.0,119959
9353,Жигули,202411,380529.33862346655,4.0,108485
9354,Киа,202410,3146057.1419779253,29.0,172100
9355,Киа,202411,2116798.4731386565,47.0,164550
9356,Жигули,202303,350336.3139690592,4.0,96856
9357,Lada,202302,867711.5868249336,60.0,115718
9358,Киа,202406,1361916.4870145333,8.0,163893
9359,Мерседес-Бенц,202311,6012516.208234042,-100.0,253414
9360,Лада Самара,202410,461984.52131635236,127.0,152355
9361,Жигули,202404,346308.6360702374,16.0,111437
9362,Жигули,202405,313821.98195800744,53.0,113749
9363,Lada,202410,710205.8016278312,18.0,139568
9364,Киа,202410,2238421.769591258,8.0,162232
9365,Mercedes,202307,4750508.749917526,20.0,239620
9366,Киа,202301,1972962.1674588346,31.0,126196
9367,Лада Самара,202305,519222.4111845015,16.0,137790
9368,Мерседес-Бенц,202304,7625188.123087106,53.0,218347
9369,Жигули,202408,274121.4350885349,13.0,129140
9370,Лада Самара,202302,357096.32013655483,29.0,133044
9371,Киа,202302,1560504.69763191,92.0,188708
9372,Жигули,202304,338444.4029510452,35.0,126674
9373,Мерседес-Бенц,202401,6745728.543536538,37.0,185294
9374,Мерседес-Бенц,202401,5142792.8955134,5.0,200643
9375,Киа,202304,2190258.772227451,20.0,147676
9376,Жигули,202402,362488.9327675902,24.0,103213
9377,Лада Самара,202310,438671.92566765327,12.0,116504
9378,Лада Самара,202302,493984.5001755503,5.0,152422
9379,Жигули,202501,558103.537865454,10.0,116277
9380,Жигули,202403,384172.2260589564,2.0,143951
9381,Лада Самара,202304,328676.25939007354,0.0,122326
9382,Киа,202401,1918536.7081715383,1.0,160009
9383,Лада Самара,202401,382101.62854712125,1.0,144359
9384,Лада Самара,202304,331137.669909354,13.0,142019
9385,Мерседес-Бенц,202305,5918391.3210807685,13.0,196563
9386,Жигули,202308,589891.2829374559,46.0,142349
9387,Киа,202409,2482894.983664817,71.0,141244
9388,Киа,202303,1717952.9504126885,3.0,152838
9389,Жигули,202409,385878.71453896887,20.0,143030
9390,Lada,202501,706931.0955666325,18.0,148025
9391,Киа,202303,2395216.276652962,-100.0,144539
9392,Мерседес-Бенц,202312,4009074.624708079,9.0,193266
9393,Жигули,202309,750718.4393656191,87.0,140549
9394,Lada,202403,1242191.8496578091,3.0,156861
9395,Лада Самара,202306,269532.3287076698,11.0,122987
9396,Мерседес-Бенц,202406,6297730.745008519,7.0,211462
9397,Жигули,202403,435849.8204756368,13.0,131432
9398,Lada,202303,860884.4045480487,9.0,134880
9399,Lada,202403,923300.9499020737,32.0,139142
9400,Киа,202411,2791160.633008763,43.0,167954
9401,Киа,202304,2484964.2907941453,21.0,142676
9402,Жигули,202404,289194.39542099874,54.0,128580
9403,Киа,202402,3449018.6459398367,7.0,146594
9404,Lada,202307,770355.853790346,18.0,137385
9405,Лада Самара,202307,320361.77998849784,28.0,156020
9406,Киа,202304,2262913.182741995,0.0,158495
9407,Мерседес-Бенц,202401,8719706.566212146,16.0,197637
9408,Лада Самара,202310,453556.4553521561,30.0,137958
9409,Лада Самара,202401,626891.5546429305,-100.0,153601
9410,Киа,202409,2807556.462525783,21.0,142159
9411,Лада Самара,202309,364016.30599435995,13.0,128994
9412,Киа,202311,2452134.6283356464,85.0,176044
9413,Жигули,202304,365968.6951239518,8.0,120443
9414,Lada,202311,1669250.8479131875,21.0,120751
9415,Киа,202310,2815374.1518471446,22.0,162072
9416,Мерседес-Бенц,202310,3868406.162556938,20.0,210477
9417,Лада Самара,202402,557368.0238314839,22.0,149019
9418,Мерседес-Бенц,202404,5542544.875210986,10.0,216014
9419,Мерседес-Бенц,202407,3869323.244667812,1.0,212066
9420,Жигули,202303,470298.21135226975,16.0,115691
9421,Мерседес-Бенц,202302,3056610.951588472,7.0,222713
9422,Мерседес-Бенц,202409,7356930.728775096,70.0,260810
9423,Мерседес-Бенц,202310,4557539.184525606,151.0,193393
9424,Жигули,202302,452659.41759771644,87.0,116122
9425,Киа,202412,2352668.8265635837,15.0,166557
9426,Lada,202412,871400.5806892187,18.0,137200
9427,Lada,202308,926671.9411840532,,126920
9428,Жигули,202304,514402.6261601808,23.0,111575
9429,Lada,202401,1390794.4522969685,1.0,175590
9430,Киа,202312,2260502.6355077107,27.0,130954
9431,Лада Самара,202501,660040.5146112321,36.0,123125
9432,Лада Самара,202309,308905.28402210394,15.0,142132
9433,Киа,202302,2302742.4147776654,-100.0,135438
9434,Lada,202310,883942.1880631081,4.0,135277
9435,Lada,202408,837697.1516087807,19.0,119386
9436,Киа,202307,1578187.9710829079,6.0,145982
9437,Лада Самара,202410,398923.1509868233,-100.0,131569
9438,Киа,202411,1483954.5660273593,65.0,142368
9439,Жигули,202303,361704.23070013477,71.0,126406
9440,Киа,202312,2879643.309702642,42.0,144400
9441,Киа,202309,1734442.8770209819,13.0,160414
9442,Жигули,202411,420645.08729274647,34.0,112050
9443,Киа,202311,1497306.5316266243,2.0,153518
9444,Lada,202304,1174357.4760177156,10.0,144844
9445,Мерседес-Бенц,202312,6177693.99037866,7.0,218427
9446,Киа,202404,2143945.4525540755,51.0,173557
9447,Жигули,202311,410814.9978349557,10.0,104115
9448,Lada,202408,844247.8051809298,44.0,121213
9449,Lada,202405,885766.9917823129,17.0,116116
9450,Lada,202311,1197857.1876967035,76.0,144237
9451,Лада Самара,202402,453937.6386438639,3.0,119405
9452,Лада Самара,202406,391146.17932333506,3.0,125710
9453,Мерседес-Бенц,202403,9045833.21967571,20.0,222985
9454,Lada,202301,1042138.3084707,19.0,148186
9455,Киа,202304,2083124.830032246,12.0,119399
9456,Lada,202305,1103992.807152055,2.0,132577
9457,Жигули,202307,353324.1045244852,7.0,114051
9458,Мерседес-Бенц,202312,3995318.8798111663,27.0,211737
9459,Лада Самара,202407,262375.4864623491,60.0,137014
9460,Мерседес-Бенц,202303,5252915.666964304,-100.0,201549
9461,Жигули,202301,460828.4617136803,69.0,146451
9462,Киа,202410,1998250.4683276797,39.0,158161
9463,Мерседес-Бенц,202501,4990785.8451081,4.0,190654
9464,Жигули,202407,394380.52944209083,31.0,118726
9465,Жигули,202412,354788.00259598444,0.0,94660
9466,Лада Самара,202306,361635.43896350823,-100.0,110180
9467,Жигули,202307,675409.6951787403,24.0,117049
9468,Жигули,202309,512676.37330559036,2.0,122382
9469,Киа,202403,2454728.72021002,88.0,172568
9470,Lada,202411,1019996.6863346648,27.0,123022
9471,Лада Самара,202302,240718.38116068233,23.0,141579
9472,Жигули,202412,458438.39971421496,48.0,146126
9473,Lada,202304,1112795.2365286548,6.0,152720
9474,Лада Самара,202410,250149.66946374526,33.0,144421
9475,Жигули,202309,404881.7103909359,30.0,106679
9476,Лада Самара,202301,524826.4891581394,27.0,127561
9477,Лада Самара,202402,566061.9009870222,13.0,146380
9478,Жигули,202411,393602.3241640901,5.0,126966
9479,Киа,202301,2640154.2243650006,35.0,162192
9480,Мерседес-Бенц,202309,6847695.917480658,22.0,225731
9481,Мерседес-Бенц,202312,6348705.405346031,7.0,196548
9482,Киа,202303,1673053.4435704888,45.0,145329
9483,Жигули,202309,371502.41804300627,36.0,184911
9484,Лада Самара,202308,496910.91212590353,41.0,139566
9485,Жигули,202405,444355.95256037614,7.0,137284
9486,Киа,202410,3263983.3901795717,3.0,147532
9487,Жигули,202404,428221.907251203,41.0,126520
9488,Лада Самара,202312,366380.23500140785,2.0,125805
9489,Lada,202404,781365.993905047,32.0,138149
9490,Lada,202408,648000.5079710794,10.0,116736
9491,Лада Самара,202307,636638.0030920586,4.0,145234
9492,Киа,202309,2119037.7009712677,30.0,212655
9493,Мерседес-Бенц,202501,6215163.147659861,11.0,209144
9494,Киа,202301,2166650.8471423965,7.0,124358
9495,Киа,202404,2159997.0243263613,37.0,140787
9496,Киа,202404,3112604.4907632815,58.0,179798
9497,Жигули,202412,290425.4688358412,41.0,107472
9498,Lada,202306,632845.3477021223,4.0,138104
9499,Мерседес-Бенц,202404,5210232.65254251,12.0,231166
9500,Жигули,202405,409035.90129434405,15.0,127898
9501,Lada,202408,1065432.8165102392,63.0,114909
9502,Киа,202305,1620414.2590150228,-100.0,142215
9503,Мерседес-Бенц,202412,2619118.9057822027,49.0,228751
9504,Lada,202305,700731.8196924536,23.0,123475
9505,Lada,202305,984044.8486049762,44.0,142931
9506,Лада Самара,202311,319803.75359879,12.0,121578
9507,Лада Самара,202409,397483.35188198334,7.0,142704
9508,Киа,202305,2341877.039198729,16.0,153406
9509,Лада Самара,202407,435506.2143088128,43.0,141099
9510,Киа,202405,1472276.7607162725,47.0,142040
9511,Киа,202310,1233655.2783629172,6.0,135006
9512,Жигули,202408,391967.6397387409,18.0,96864
9513,Жигули,202302,457642.6836083128,41.0,114815
9514,Киа,202403,1181935.121830903,6.0,142039
9515,Лада Самара,202312,397628.37782977294,67.0,143188
9516,Лада Самара,202307,512978.66359234054,62.0,113637
9517,Мерседес-Бенц,202412,6683351.653381088,34.0,245333
9518,Киа,202304,2275754.1985432473,9.0,139589
9519,Мерседес-Бенц,202406,6116552.037729768,30.0,198715
9520,Киа,202401,2380362.9050811436,22.0,159904
9521,Киа,202306,2115362.7766811536,54.0,147974
9522,Киа,202501,1649596.9996703984,23.0,160090
9523,Лада Самара,202411,307824.9863151757,20.0,124968
9524,Lada,202308,845357.7973206651,30.0,127172
9525,Жигули,202305,406793.2877227945,3.0,114998
9526,Мерседес-Бенц,202407,6816885.503751122,44.0,196469
9527,Жигули,202306,466929.2914223749,13.0,124516
9528,Жигули,202310,281898.0516931804,25.0,137142
9529,Мерседес-Бенц,202306,6711385.409703134,13.0,162710
9530,Лада Самара,202303,376599.6832844781,3.0,146711
9531,Жигули,202309,268401.4829887321,1.0,119953
9532,Мерседес-Бенц,202409,5609222.614075726,15.0,237717
9533,Киа,202404,2394130.186054059,3.0,152440
9534,Киа,202401,1797318.3640453257,14.0,160099
9535,Lada,202401,965912.0083346987,4.0,117902
9536,Lada,202312,1220305.3318876945,32.0,155402
9537,Мерседес-Бенц,202309,6087115.877506296,45.0,185991
9538,Жигули,202402,470913.15022974607,1.0,114807
9539,Lada,202309,1074083.764305817,19.0,165250
9540,Киа,202404,1832053.3541426887,1.0,154576
9541,Lada,202408,609394.335732323,16.0,127224
9542,Киа,202404,2022608.014531866,32.0,149596
9543,Лада Самара,202406,453452.426692904,120.0,145640
9544,Киа,202408,2625790.6314315186,71.0,172136
9545,Киа,202302,1959252.232552703,66.0,137319
9546,Жигули,202405,322946.03947030054,9.0,130522
9547,Мерседес-Бенц,202501,5077583.515149828,21.0,203576
9548,Киа,202310,2390418.133669969,37.0,137151
9549,Лада Самара,202409,369225.7804133286,24.0,145721
9550,Жигули,202408,310145.0390245093,3.0,110475
9551,Лада Самара,202307,445267.7118441787,19.0,120885
9552,Лада Самара,202309,458725.8638632997,128.0,138859
9553,Киа,202305,2052351.1423857117,22.0,154727
9554,Лада Самара,202307,490183.7158494335,21.0,133060
9555,Киа,202407,2790824.3274747706,10.0,132659
9556,Киа,202403,2457000.85810058,1.0,171860
9557,Жигули,202404,437989.62905503914,-100.0,134398
9558,Киа,202303,1153483.7374956093,58.0,161906
9559,Мерседес-Бенц,202412,11114914.039789055,19.0,189090
9560,Жигули,202405,415092.77626084175,19.0,116019
9561,Lada,202403,794286.9577742132,28.0,118020
9562,Лада Самара,202407,430045.06162914867,12.0,129339
9563,Lada,202406,676832.6707920441,97.0,121047
9564,Киа,202302,2654069.7404639386,71.0,143642
9565,Лада Самара,202309,278445.11824722483,12.0,169943
9566,Lada,202312,709223.0589708627,11.0,175423
9567,Lada,202406,620144.3720164692,54.0,136696
9568,Киа,202301,2606889.1677642297,30.0,145553
9569,Жигули,202303,451714.24464649946,6.0,131895
9570,Жигули,202304,277193.43924525875,13.0,117888
9571,Киа,202411,2549601.9464554656,4.0,168251
9572,Жигули,202312,212069.47774651166,18.0,124715
9573,Лада Самара,202408,649770.253470481,7.0,153928
9574,Киа,202408,2169480.82494962,53.0,175912
9575,Жигули,202410,361633.3591588516,-100.0,111990
9576,Жигули,202409,490560.89499085216,20.0,118573
9577,Киа,202311,1670940.0579413187,6.0,153976
9578,Жигули,202401,425201.4642298426,13.0,144682
9579,Киа,202303,2109882.3366177855,0.0,168021
9580,Лада Самара,202305,260008.3997395873,53.0,135818
9581,Lada,202409,1346732.7321134242,61.0,136005
9582,Киа,202412,3387439.9682323155,2.0,157315
9583,Жигули,202311,468960.1425253492,4.0,123092
9584,Киа,202311,1210576.372013797,23.0,158840
9585,Киа,202403,1932505.1340876322,-100.0,147291
9586,Киа,202302,1757640.814059452,18.0,119714
9587,Киа,202404,1000214.0693157237,3.0,149635
9588,Lada,202402,942666.3829380983,10.0,134623
9589,Жигули,202307,400547.8675203163,25.0,121922
9590,Мерседес-Бенц,202310,6690246.264263958,94.0,220732
9591,Киа,202301,1689314.0308788298,12.0,131373
9592,Киа,202308,3179027.853371172,20.0,161821
9593,Жигули,202409,305874.67340521875,18.0,114723
9594,Киа,202405,2502803.362594513,14.0,128217
9595,Мерседес-Бенц,202405,6473214.041148344,26.0,222479
9596,Лада Самара,202307,383496.132026158,3.0,138642
9597,Жигули,202310,266379.87222764484,30.0,102621
9598,Мерседес-Бенц,202306,4196753.349941182,6.0,174927
9599,Мерседес-Бенц,202310,2842629.675962111,55.0,183202
9600,Киа,202302,1411132.9682645628,54.0,130134
9601,Lada,202412,977347.1031658062,2.0,124005
9602,Киа,202401,2124939.3400110914,49.0,162947
9603,Lada,202309,1085089.920510002,1.0,138831
9604,Мерседес-Бенц,202306,7568282.130228915,-100.0,197317
9605,Киа,202311,2532779.722081415,13.0,127141
9606,Лада Самара,202409,388502.2151630661,21.0,138734
9607,Lada,202308,685293.729840717,83.0,145589
9608,Lada,202410,592728.0629828951,7.0,125003
9609,Lada,202303,876134.7861394302,29.0,122880
9610,Лада Самара,202501,282288.52184993244,36.0,135451
9611,Мерседес-Бенц,202402,5630000.215905222,7.0,185835
9612,Lada,202305,1487452.403801065,88.0,112601
9613,Лада Самара,202308,672859.3415218295,2.0,115091
9614,Lada,202311,435848.4603925589,12.0,123628
9615,Мерседес-Бенц,202311,6427712.833386207,24.0,233343
9616,Киа,202302,1852755.3122867208,33.0,139789
9617,Жигули,202302,481576.6167811274,17.0,114308
9618,Жигули,202411,478060.6897703934,34.0,125344
9619,Жигули,202409,398339.15627493104,21.0,124656
9620,Жигули,202406,607159.5981830726,8.0,105170
9621,Киа,202312,2324234.2409445574,7.0,145108
9622,Жигули,202501,496445.1989865624,24.0,140825
9623,Lada,202306,727266.8492277293,58.0,142281
9624,Мерседес-Бенц,202411,9353626.762880223,46.0,223339
9625,Лада Самара,202311,354521.485152579,69.0,144865
9626,Лада Самара,202411,375657.29880284495,16.0,121768
9627,Лада Самара,202307,277940.8366582276,5.0,147121
9628,Mercedes,202306,4726295.506131504,8.0,209029
9629,Киа,202305,2584934.421727974,13.0,143100
9630,Лада Самара,202405,361849.0296344177,34.0,130080
9631,Киа,202310,1756572.935541774,29.0,173036
9632,Киа,202309,2124911.8018008233,19.0,176656
9633,Киа,202305,1552262.7410731537,1.0,124189
9634,Лада Самара,202311,554972.083852817,23.0,141529
9635,Жигули,202412,352619.84819388064,15.0,95490
9636,Жигули,202303,291995.8397527089,118.0,134651
9637,Жигули,202405,620568.9936056642,19.0,112224
9638,Мерседес-Бенц,202403,3751619.4423647276,88.0,218168
9639,Мерседес-Бенц,202411,6011430.460047577,23.0,220537
9640,Киа,202412,2207847.913711999,1.0,128155
9641,Киа,202307,2708892.2312565455,24.0,166851
9642,Мерседес-Бенц,202311,6570982.636836426,31.0,193292
9643,Лада Самара,202311,498994.159003412,120.0,112401
9644,Lada,202302,1224924.3460515346,8.0,137645
9645,Жигули,202501,376561.001976963,22.0,126255
9646,Лада Самара,202401,558252.607337139,17.0,148561
9647,Lada,202408,678880.9378538583,19.0,118628
9648,Киа,202403,2569924.444437839,6.0,119397
9649,Lada,202406,1061682.3280697423,-100.0,120413
9650,Жигули,202307,315686.84676364984,18.0,117811
9651,Киа,202310,2217133.5198528767,18.0,136044
9652,Лада Самара,202302,514140.3451104274,39.0,124508
9653,Жигули,202303,432387.8974846195,4.0,114925
9654,Киа,202312,2811488.419301726,15.0,123260
9655,Лада Самара,202403,330019.03187344695,28.0,124665
9656,Жигули,202412,491965.2338928755,0.0,120835
9657,Lada,202410,604201.2117894194,1.0,146179
9658,Киа,202303,2291502.964905457,1.0,126038
9659,Лада Самара,202304,410930.5069740435,11.0,133131
9660,Мерседес-Бенц,202410,8685801.400791157,5.0,239630
9661,Киа,202302,2385467.655512202,22.0,163056
9662,Лада Самара,202404,328705.201718026,26.0,139976
9663,Лада Самара,202412,280963.7405019236,3.0,115250
9664,Жигули,202407,432281.6742411156,14.0,139680
9665,Жигули,202311,256966.9254073944,25.0,114434
9666,Жигули,202307,299417.08035103773,6.0,111876
9667,Жигули,202308,379698.11765584676,28.0,129934
9668,Мерседес-Бенц,202401,4976652.448893266,9.0,198267
9669,Мерседес-Бенц,202407,5661811.126661125,21.0,214558
9670,Мерседес-Бенц,202304,5554576.092861801,13.0,221628
9671,Жигули,202302,396284.927893564,3.0,126751
9672,Киа,202308,2355513.376238912,32.0,145057
9673,Киа,202407,2160134.612158405,64.0,183605
9674,Киа,202402,2222190.8270798125,9.0,214920
9675,Жигули,202304,432078.5143955518,1.0,118423
9676,Киа,202304,1834485.535963584,66.0,173801
9677,Киа,202309,1902990.0092620903,62.0,161359
9678,Киа,202309,2940475.605304179,2.0,144059
9679,Лада Самара,202303,373733.43958502257,20.0,137653
9680,Мерседес-Бенц,202302,8439378.519160219,87.0,198714
9681,Жигули,202404,462456.18324648385,23.0,113616
9682,Лада Самара,202410,334496.6873373367,7.0,123633
9683,Киа,202303,2783287.6245444138,13.0,155832
9684,Lada,202405,1516133.7626614957,35.0,148851
9685,Киа,202308,2418370.977168895,0.0,142947
9686,Киа,202408,2333990.7210965427,13.0,149793
9687,Lada,202312,1094599.3755600064,24.0,147198
9688,Лада Самара,202408,553421.9046810784,40.0,120949
9689,Киа,202404,2117029.300337526,22.0,138481
9690,Мерседес-Бенц,202401,5043558.35491603,37.0,205500
9691,Мерседес-Бенц,202308,3659594.86965955,56.0,192182
9692,Lada,202303,751757.9512161778,51.0,153884
9693,Лада Самара,202501,378034.1234591213,6.0,117540
9694,Мерседес-Бенц,202501,7315387.2189296335,18.0,194917
9695,Lada,202408,946680.9571935148,13.0,129316
9696,Мерседес-Бенц,202404,7953655.504730881,124.0,219765
9697,Мерседес-Бенц,202302,5257548.300109484,14.0,196378
9698,Киа,202405,2452073.8967549666,30.0,132908
9699,Lada,202305,537027.1830529689,6.0,141618
9700,Мерседес-Бенц,202501,6853678.169287724,92.0,210834
9701,Киа,202405,2233434.362246011,4.0,140891
9702,Мерседес-Бенц,202501,5620845.1479980415,6.0,213274
9703,Киа,202410,1859557.564021101,21.0,173140
9704,Lada,202307,1303294.1277103003,30.0,142660
9705,Жигули,202409,257761.0816260296,22.0,118173
9706,Lada,202301,803627.655895595,80.0,143922
9707,Жигули,202407,338509.43484594516,74.0,106593
9708,Лада Самара,202404,374223.173596952,120.0,137041
9709,Жигули,202409,363518.96241231903,74.0,123791
9710,Lada,202308,1098309.8031288579,67.0,129508
9711,Жигули,202411,476145.7318587857,27.0,144890
9712,Лада Самара,202302,604473.6581495531,46.0,130247
9713,Lada,202312,853508.698679958,35.0,144695
9714,Жигули,202309,606117.1138576437,9.0,120032
9715,Лада Самара,202311,486325.5815508015,5.0,117196
9716,Мерседес-Бенц,202312,4271995.825824171,40.0,182043
9717,Киа,202310,1504062.133549091,38.0,143817
9718,Лада Самара,202304,513542.55740324745,53.0,140569
9719,Lada,202312,667170.391521911,51.0,114525
9720,Киа,202304,2769948.701822319,10.0,132253
9721,Киа,202403,1902814.9947869657,1.0,136345
9722,Жигули,202404,439425.0288800228,42.0,121406
9723,Мерседес-Бенц,202410,7901103.005097406,49.0,210467
9724,Киа,202406,3122711.3518231246,9.0,146469
9725,Жигули,202303,307076.7881208532,17.0,114871
9726,Lada,202401,1069224.5316214429,11.0,119983
9727,Lada,202311,712089.9841168583,8.0,138211
9728,Лада Самара,202403,366387.48195220565,10.0,136223
9729,Киа,202405,1378581.8081489303,64.0,174741
9730,Мерседес-Бенц,202501,6306104.194972284,18.0,208465
9731,Лада Самара,202304,466116.3378409938,21.0,133068
9732,Lada,202412,829976.5119138412,6.0,119796
9733,Киа,202311,1617185.5076925417,0.0,139711
9734,Лада Самара,202501,358090.44681121735,1.0,120532
9735,Lada,202312,1080493.200084317,6.0,129529
9736,Киа,202311,2064162.2094369652,20.0,154406
9737,Жигули,202407,428594.7622395606,15.0,126449
9738,Лада Самара,202406,302791.9686619017,4.0,126976
9739,Lada,202404,1154644.9820384819,11.0,142256
9740,Мерседес-Бенц,202308,8518455.846890707,39.0,188079
9741,Киа,202311,3490458.38712055,10.0,190241
9742,Киа,202310,2468321.6273053293,35.0,137122
9743,Лада Самара,202309,629312.003193462,22.0,124720
9744,Киа,202309,1439772.027670553,40.0,112115
9745,Киа,202405,1880168.5307012824,36.0,128615
9746,Mercedes,202403,6810350.2361793015,19.0,221544
9747,Lada,202305,1093245.9302027095,13.0,132558
9748,Киа,202307,1931775.3395481028,50.0,151610
9749,Lada,202312,440472.4598075018,9.0,139439
9750,Киа,202405,1301750.884516412,32.0,161472
9751,Lada,202407,638603.6446625742,0.0,129344
9752,Лада Самара,202402,362958.99814244563,55.0,129532
9753,Киа,202407,2124611.8171278955,36.0,136966
9754,Лада Самара,202407,372551.67844578717,8.0,131338
9755,Жигули,202410,370104.77545239934,52.0,113066
9756,Киа,202406,2469427.457872202,8.0,171357
9757,Мерседес-Бенц,202407,3528693.766336678,12.0,206021
9758,Киа,202411,2296192.6108575175,30.0,145178
9759,Киа,202501,3012980.517594065,23.0,134452
9760,Жигули,202312,347125.013992681,11.0,126563
9761,Жигули,202307,298138.00078574364,24.0,124835
9762,Киа,202305,2156298.1522154068,42.0,157379
9763,Лада Самара,202404,641419.7996259349,6.0,127435
9764,Лада Самара,202403,436529.9035500032,79.0,115143
9765,Киа,202312,1511535.5807675214,38.0,160796
9766,Lada,202411,774875.3469183695,5.0,139692
9767,Lada,202311,920988.2480945489,52.0,128629
9768,Lada,202302,972596.5887356045,104.0,150443
9769,Мерседес-Бенц,202405,6485177.265966553,29.0,221567
9770,Киа,202408,1885365.667021736,4.0,168494
9771,Лада Самара,202407,384173.4551160917,32.0,143058
9772,Жигули,202312,423227.12254920416,8.0,121015
9773,Lada,202306,942414.953379545,25.0,150758
9774,Lada,202302,1013565.5099058164,3.0,136137
9775,Киа,202306,2652945.613671442,68.0,164839
9776,Лада Самара,202306,496810.5109959295,65.0,118044
9777,Киа,202303,2302973.7145583024,1.0,153773
9778,Жигули,202404,252252.62260613267,9.0,119283
9779,Лада Самара,202411,397950.8349286387,91.0,147155
9780,Киа,202305,1564492.284604354,83.0,155465
9781,Киа,202405,2328113.3540876545,70.0,156245
9782,Lada,202412,642139.2196116855,21.0,133893
9783,Киа,202303,2637644.8191734212,49.0,132350
9784,Киа,202308,2525466.798296429,1.0,148121
9785,Киа,202305,2052212.3117251876,25.0,157710
9786,Lada,202308,899420.5821377729,7.0,132907
9787,Киа,202401,3161645.688830218,28.0,162554
9788,Lada,202302,918905.4715660629,12.0,131093
9789,Жигули,202501,388878.8400389636,,110971
9790,Жигули,202308,311157.9972769075,36.0,119326
9791,Киа,202311,3154259.3390065404,34.0,168036
9792,Мерседес-Бенц,202412,6200356.279822113,15.0,193947
9793,Киа,202412,1442784.4123393358,19.0,160765
9794,Киа,202409,2812830.298891883,19.0,155016
9795,Lada,202409,500595.5086828314,32.0,132635
9796,Lada,202501,1217524.7074663956,3.0,144158
9797,Жигули,202308,485197.4886445809,9.0,117773
9798,Киа,202302,2128147.8666825034,5.0,153593
9799,Жигули,202404,503173.4514165098,47.0,139945
9800,Мерседес-Бенц,202412,3570132.6871902673,3.0,237200
9801,Жигули,202308,174737.10515834895,11.0,112163
9802,Киа,202411,3149507.668759198,8.0,161458
9803,Жигули,202408,250820.71948708926,23.0,139250
9804,Киа,202311,1974957.9577849554,20.0,177303
9805,Киа,202403,2913250.9724245435,3.0,144422
9806,Lada,202412,1117574.9898440347,4.0,125413
9807,Киа,202407,2645661.0230071475,38.0,160829
9808,Мерседес-Бенц,202411,5078967.776313928,31.0,217769
9809,Киа,202411,2554853.2067555427,163.0,139016
9810,Лада Самара,202404,678711.7540363236,26.0,144629
9811,Лада Самара,202302,482510.7819197681,11.0,145969
9812,Лада Самара,202311,453409.24306191696,12.0,139066
9813,Киа,202403,2703447.6925513293,12.0,154307
9814,Лада Самара,202303,649633.9569104394,51.0,127918
9815,Лада Самара,202310,394234.0738887562,8.0,117034
9816,Жигули,202306,368377.5929493852,30.0,124316
9817,Lada,202408,1046432.4253601804,11.0,136821
9818,Лада Самара,202403,417912.6525021409,21.0,115046
9819,Lada,202410,629559.8938657833,21.0,141209
9820,Мерседес-Бенц,202307,5704231.1148442505,30.0,225832
9821,Лада Самара,202412,491022.1666424971,5.0,137023
9822,Мерседес-Бенц,202311,4357589.387198119,13.0,222377
9823,Киа,202302,1557319.3790592735,40.0,152997
9824,Киа,202304,2252865.488613711,8.0,146025
9825,Жигули,202408,309962.9743647092,3.0,133231
9826,Жигули,202501,641126.4892233398,2.0,125689
9827,Киа,202310,2209328.917237587,4.0,134990
9828,Мерседес-Бенц,202407,5552088.062367724,4.0,181524
9829,Жигули,202306,424924.015572446,40.0,139398
9830,Киа,202501,2039484.0031112127,9.0,140164
9831,Лада Самара,202401,443876.11130967736,1.0,124320
9832,Киа,202307,2704823.505197877,37.0,149550
9833,Киа,202307,3233704.50896115,9.0,179903
9834,Мерседес-Бенц,202403,5234985.407016523,14.0,169277
9835,Жигули,202409,212575.56774923904,6.0,123492
9836,Киа,202312,1922409.6538313476,53.0,178399
9837,Мерседес-Бенц,202405,6222215.649136798,12.0,222919
9838,Киа,202308,2354170.3621837883,47.0,158336
9839,Киа,202303,2699800.699275818,74.0,141384
9840,Лада Самара,202311,432764.2850147017,13.0,130534
9841,Лада Самара,202304,434710.9878170108,8.0,135008
9842,Lada,202310,699479.8085334364,24.0,133511
9843,Жигули,202404,324150.1176912661,49.0,133469
9844,Lada,202306,1178188.711614992,39.0,166311
9845,Лада Самара,202305,563420.8422470125,7.0,135981
9846,Жигули,202407,518483.36121760117,10.0,129189
9847,Мерседес-Бенц,202412,6691856.348319531,7.0,203211
9848,Жигули,202307,351796.2104409859,3.0,111492
9849,Лада Самара,202402,397043.929962274,6.0,140088
9850,Lada,202301,1382914.822997585,8.0,118791
9851,Киа,202408,3670355.750599128,16.0,159964
9852,Лада Самара,202303,460658.4055640772,30.0,121418
9853,Lada,202411,769422.7063894316,36.0,148629
9854,Киа,202412,2286421.760056466,11.0,133868
9855,Киа,202410,2152886.404770511,88.0,164584
9856,Lada,202405,1194331.6505783633,12.0,159560
9857,Лада Самара,202303,278876.6832653167,35.0,129850
9858,Киа,202406,2026339.263883321,89.0,145345
9859,Жигули,202409,294924.3917294144,47.0,121354
9860,Мерседес-Бенц,202412,6527219.855889024,1.0,209698
9861,Лада Самара,202501,479689.5201849774,4.0,112366
9862,Киа,202309,2333717.7003845586,28.0,146183
9863,Киа,202307,1523071.2466817826,20.0,171676
9864,Жигули,202302,244500.69796404746,24.0,122824
9865,Жигули,202310,348583.07074989437,1.0,109960
9866,Жигули,202307,413124.03957374324,1.0,112100
9867,Киа,202307,2399832.153110085,34.0,165759
9868,Лада Самара,202408,396194.1598543898,51.0,151579
9869,Лада Самара,202307,546368.5705756125,55.0,144120
9870,Lada,202301,760445.7912053266,96.0,147732
9871,Жигули,202311,435619.40953799547,6.0,107121
9872,Киа,202311,1854769.7242141603,19.0,147187
9873,Мерседес-Бенц,202310,3611335.1037777336,34.0,220725
9874,Жигули,202310,335581.40982831054,2.0,122276
9875,Мерседес-Бенц,202409,4421491.443841031,64.0,209945
9876,Жигули,202312,627644.7471303657,9.0,107558
9877,Жигули,202304,245669.37667423926,2.0,120262
9878,Лада Самара,202408,426410.9406274856,4.0,107513
9879,Лада Самара,202501,472140.5942920282,67.0,135695
9880,Мерседес-Бенц,202501,7504395.483433497,11.0,200380
9881,Киа,202306,2668198.7387244455,5.0,132277
9882,Жигули,202303,275192.1390057109,12.0,120130
9883,Lada,202304,853260.023986428,8.0,118988
9884,Жигули,202407,274198.1649915379,-100.0,118437
9885,Мерседес-Бенц,202304,6902224.796350468,14.0,175363
9886,Жигули,202310,219952.62895783808,33.0,141484
9887,Мерседес-Бенц,202406,3967540.5943903946,68.0,164681
9888,Киа,202311,1988526.6699178945,7.0,155921
9889,Lada,202301,713813.2397702611,,112234
9890,Лада Самара,202305,435070.4131970184,1.0,128410
9891,Lada,202408,990558.138051367,9.0,142461
9892,Lada,202312,677302.2128329885,15.0,135630
9893,Киа,202406,2456105.997559868,38.0,150291
9894,Lada,202408,931332.4317338065,,124577
9895,Киа,202310,2225000.4974186667,27.0,142782
9896,Жигули,202311,356628.36218385043,3.0,124561
9897,Киа,202402,2097938.5598674803,67.0,142486
9898,Lada,202406,997560.3910425494,8.0,157421
9899,Жигули,202412,341489.92496694735,9.0,126642
9900,Киа,202310,2121569.635244492,1.0,182827
9901,Лада Самара,202306,445490.44804637815,45.0,121188
9902,Киа,202408,2174765.0524433055,1.0,110210
9903,Лада Самара,202310,465107.3064130041,15.0,131753
9904,Мерседес-Бенц,202404,5696609.50724156,57.0,186523
9905,Жигули,202402,335021.84538454475,2.0,122857
9906,Лада Самара,202403,457175.9940457455,71.0,140497
9907,Лада Самара,202302,324533.0004623094,3.0,146425
9908,Lada,202311,1201594.4803490208,1.0,136242
9909,Киа,202412,2365970.4944958366,28.0,131007
9910,Киа,202307,1811423.487003172,0.0,141637
9911,Лада Самара,202310,369685.4843665752,25.0,148569
9912,Киа,202302,2779402.600876488,35.0,169921
9913,Жигули,202411,552899.0935120248,31.0,122884
9914,Mercedes,202309,5281927.057415438,14.0,221857
9915,Киа,202301,1722466.9155609065,10.0,178556
9916,Лада Самара,202404,425400.744536996,18.0,130243
9917,Жигули,202401,403772.12890592037,6.0,131313
9918,Lada,202312,770432.9957803513,88.0,156851
9919,Lada,202303,1173712.6251116034,34.0,155755
9920,Жигули,202301,289017.2029262179,2.0,130607
9921,Лада Самара,202407,582356.3201159951,13.0,144147
9922,Лада Самара,202303,607624.7188782062,36.0,134792
9923,Lada,202404,775128.473518914,1.0,140369
9924,Мерседес-Бенц,202405,8853875.847293217,18.0,201957
9925,Lada,202501,768878.480104424,2.0,145721
9926,Жигули,202308,317974.131531385,54.0,108248
9927,Жигули,202402,371047.3934136383,42.0,122617
9928,Жигули,202401,270483.6104642284,4.0,110923
9929,Жигули,202501,541162.6400003936,13.0,102283
9930,Жигули,202403,551934.960127575,0.0,105291
9931,Мерседес-Бенц,202312,10693510.374129102,8.0,170422
9932,Lada,202412,855105.4728789997,9.0,127399
9933,Жигули,202309,260969.29183494987,36.0,124468
9934,Мерседес-Бенц,202305,4491849.805844049,6.0,225265
9935,Киа,202401,1372931.236432094,16.0,143828
9936,Мерседес-Бенц,202312,7244159.688939416,17.0,171116
9937,Лада Самара,202307,376079.1573299736,7.0,129592
9938,Жигули,202305,371918.40557219594,10.0,133908
9939,Lada,202306,831909.5276087113,46.0,113856
9940,Жигули,202406,390328.88695541344,18.0,112089
9941,Киа,202302,2058322.8131469341,17.0,148186
9942,Мерседес-Бенц,202302,6442105.52018432,28.0,175225
9943,Киа,202501,2213235.788534279,90.0,142639
9944,Жигули,202408,281637.9516118096,2.0,134885
9945,Киа,202403,2638104.4336226946,29.0,163275
9946,Мерседес-Бенц,202401,7055721.686963704,19.0,184097
9947,Киа,202305,1414242.9605029917,52.0,164852
9948,Lada,202405,830019.1906696059,4.0,136347
9949,Мерседес-Бенц,202311,5672808.354067189,71.0,249565
9950,Lada,202302,920479.2553259613,22.0,137340
9951,Жигули,202401,375702.1996489897,45.0,112428
9952,Лада Самара,202408,403828.09558539477,7.0,117177
9953,Жигули,202305,183414.06759127718,102.0,127161
9954,Lada,202501,931194.0703348849,16.0,134337
9955,Жигули,202410,252395.2126707255,2.0,122774
9956,Киа,202301,2394700.369639306,18.0,140628
9957,Жигули,202410,220278.30820847893,29.0,130155
9958,Lada,202301,983070.053508318,26.0,153519
9959,Lada,202404,681914.4129437074,32.0,139091
9960,Лада Самара,202310,475393.6540242876,16.0,148815
9961,Lada,202312,874943.0220896106,12.0,139132
9962,Киа,202302,1158236.237187115,9.0,152382
9963,Киа,202302,1083041.3552126337,20.0,143069
9964,Мерседес-Бенц,202308,4844276.700741394,7.0,229548
9965,Мерседес-Бенц,202311,6653310.453536623,34.0,196160
9966,Жигули,202306,310951.9336581799,28.0,124968
9967,Киа,202312,3530106.9208929557,4.0,135296
9968,Лада Самара,202411,404795.1800103787,11.0,145581
9969,Киа,202404,1924658.285638101,13.0,147705
9970,Киа,202411,2440612.1425427124,22.0,159925
9971,Мерседес-Бенц,202406,6664929.101443472,78.0,184909
9972,Lada,202410,1016107.2527270501,13.0,123094
9973,Киа,202501,2254244.3584426087,31.0,141111
9974,Киа,202311,3796752.6741915736,6.0,153868
9975,Жигули,202312,393681.5825025651,20.0,123541
9976,Киа,202307,2844090.655471961,7.0,145632
9977,Lada,202409,593196.324068788,11.0,124997
9978,Lada,202407,810192.0848386625,5.0,116918
9979,Жигули,202307,348979.42963346717,107.0,132009
9980,Киа,202410,2620161.930541106,71.0,138971
9981,Лада Самара,202307,326281.02095349075,6.0,137966
9982,Мерседес-Бенц,202310,5465392.230990807,10.0,176079
9983,Жигули,202304,402702.60467989044,10.0,121679
9984,Лада Самара,202409,365603.66149623325,2.0,147591
9985,Лада Самара,202312,244081.05877934504,9.0,138540
9986,Киа,202408,2656952.7284128126,24.0,153469
9987,Жигули,202412,499430.3077406363,-100.0,133387
9988,Мерседес-Бенц,202312,5559219.884717636,8.0,191726
9989,Киа,202404,2186247.280597172,-100.0,142451
9990,Lada,202303,975886.0815892551,14.0,140119
9991,Лада Самара,202311,531947.9233485969,34.0,130567
9992,Киа,202308,1616192.7587504892,1.0,134551
9993,Мерседес-Бенц,202404,4937932.908934755,81.0,183263
9994,Жигули,202409,262259.9484416022,17.0,109077
9995,Лада Самара,202305,589521.4718167696,10.0,146123
9996,Лада Самара,202302,479968.98666038486,19.0,146574
9997,Лада Самара,202407,335253.11436201725,26.0,174302
9998,Мерседес-Бенц,202403,4126653.0449887663,7.0,226394
9999,Жигули,202305,411262.3735731824,5.0,124148
